{"level":"debug","message":"prisma query (185ms): BEGIN","timestamp":"2026-08-12T09:20:12.773Z"}
{"level":"debug","message":"prisma query (337ms): DEALLOCATE ALL","timestamp":"2026-08-12T09:20:13.102Z"}
{"level":"debug","message":"prisma query (540ms): SELECT 1","timestamp":"2026-08-12T09:20:13.646Z"}
{"level":"debug","message":"prisma query (172ms): COMMIT","timestamp":"2026-08-12T09:20:13.821Z"}
{"level":"info","message":"✅ Database connected","timestamp":"2026-08-12T09:20:13.829Z"}
{"level":"info","message":"Image Processing Queue worker registered","timestamp":"2026-08-12T09:20:13.831Z"}
{"level":"info","message":"Export Queue worker registered","timestamp":"2026-08-12T09:20:13.832Z"}
{"level":"info","message":"🚀 Casa de Aurum Internal Tool running in development mode on port 5000","timestamp":"2026-08-12T09:20:13.869Z"}
{"level":"info","message":"   API base: http://localhost:5000/api/v1","timestamp":"2026-08-12T09:20:13.870Z"}
{"level":"info","message":"   Health:   http://localhost:5000/api/v1/health","timestamp":"2026-08-12T09:20:13.871Z"}
{"level":"debug","message":"prisma query (297ms): BEGIN","timestamp":"2026-08-12T09:20:16.141Z"}
{"level":"debug","message":"prisma query (467ms): DEALLOCATE ALL","timestamp":"2026-08-12T09:20:16.608Z"}
{"level":"debug","message":"prisma query (671ms): SELECT \"public\".\"jobs\".\"id\", \"public\".\"jobs\".\"type\"::text, \"public\".\"jobs\".\"status\"::text, \"public\".\"jobs\".\"payload\", \"public\".\"jobs\".\"result\", \"public\".\"jobs\".\"error\", \"public\".\"jobs\".\"attempts\", \"public\".\"jobs\".\"maxAttempts\", \"public\".\"jobs\".\"nextAttemptAt\", \"public\".\"jobs\".\"createdById\", \"public\".\"jobs\".\"createdAt\", \"public\".\"jobs\".\"updatedAt\", \"public\".\"jobs\".\"completedAt\" FROM \"public\".\"jobs\" WHERE (\"public\".\"jobs\".\"type\" = CAST($1::text AS \"public\".\"JobType\") AND \"public\".\"jobs\".\"status\" = CAST($2::text AS \"public\".\"JobStatus\") AND \"public\".\"jobs\".\"nextAttemptAt\" <= $3) ORDER BY \"public\".\"jobs\".\"createdAt\" ASC LIMIT $4 OFFSET $5","timestamp":"2026-08-12T09:20:17.298Z"}
{"level":"debug","message":"prisma query (539ms): COMMIT","timestamp":"2026-08-12T09:20:17.844Z"}
{"level":"debug","message":"prisma query (544ms): BEGIN","timestamp":"2026-08-12T09:20:18.391Z"}
{"level":"debug","message":"prisma query (274ms): DEALLOCATE ALL","timestamp":"2026-08-12T09:20:18.662Z"}
{"level":"debug","message":"prisma query (242ms): BEGIN","timestamp":"2026-08-12T09:20:18.905Z"}
{"level":"debug","message":"prisma query (753ms): SELECT \"public\".\"jobs\".\"id\", \"public\".\"jobs\".\"type\"::text, \"public\".\"jobs\".\"status\"::text, \"public\".\"jobs\".\"payload\", \"public\".\"jobs\".\"result\", \"public\".\"jobs\".\"error\", \"public\".\"jobs\".\"attempts\", \"public\".\"jobs\".\"maxAttempts\", \"public\".\"jobs\".\"nextAttemptAt\", \"public\".\"jobs\".\"createdById\", \"public\".\"jobs\".\"createdAt\", \"public\".\"jobs\".\"updatedAt\", \"public\".\"jobs\".\"completedAt\" FROM \"public\".\"jobs\" WHERE (\"public\".\"jobs\".\"type\" = CAST($1::text AS \"public\".\"JobType\") AND \"public\".\"jobs\".\"status\" = CAST($2::text AS \"public\".\"JobStatus\") AND \"public\".\"jobs\".\"nextAttemptAt\" <= $3) ORDER BY \"public\".\"jobs\".\"createdAt\" ASC LIMIT $4 OFFSET $5","timestamp":"2026-08-12T09:20:19.417Z"}
{"level":"debug","message":"prisma query (511ms): DEALLOCATE ALL","timestamp":"2026-08-12T09:20:19.418Z"}
{"level":"debug","message":"prisma query (303ms): COMMIT","timestamp":"2026-08-12T09:20:19.720Z"}
{"level":"debug","message":"prisma query (428ms): SELECT \"public\".\"jobs\".\"id\", \"public\".\"jobs\".\"type\"::text, \"public\".\"jobs\".\"status\"::text, \"public\".\"jobs\".\"payload\", \"public\".\"jobs\".\"result\", \"public\".\"jobs\".\"error\", \"public\".\"jobs\".\"attempts\", \"public\".\"jobs\".\"maxAttempts\", \"public\".\"jobs\".\"nextAttemptAt\", \"public\".\"jobs\".\"createdById\", \"public\".\"jobs\".\"createdAt\", \"public\".\"jobs\".\"updatedAt\", \"public\".\"jobs\".\"completedAt\" FROM \"public\".\"jobs\" WHERE (\"public\".\"jobs\".\"type\" = CAST($1::text AS \"public\".\"JobType\") AND \"public\".\"jobs\".\"status\" = CAST($2::text AS \"public\".\"JobStatus\") AND \"public\".\"jobs\".\"nextAttemptAt\" <= $3) ORDER BY \"public\".\"jobs\".\"createdAt\" ASC LIMIT $4 OFFSET $5","timestamp":"2026-08-12T09:20:19.846Z"}
{"level":"debug","message":"prisma query (208ms): COMMIT","timestamp":"2026-08-12T09:20:20.055Z"}
{"level":"debug","message":"prisma query (211ms): BEGIN","timestamp":"2026-08-12T09:20:20.056Z"}
{"level":"debug","message":"prisma query (397ms): DEALLOCATE ALL","timestamp":"2026-08-12T09:20:20.453Z"}
{"level":"debug","message":"prisma query (397ms): BEGIN","timestamp":"2026-08-12T09:20:20.454Z"}
{"level":"debug","message":"prisma query (69ms): DEALLOCATE ALL","timestamp":"2026-08-12T09:20:20.522Z"}
{"level":"debug","message":"prisma query (123ms): SELECT \"public\".\"jobs\".\"id\", \"public\".\"jobs\".\"type\"::text, \"public\".\"jobs\".\"status\"::text, \"public\".\"jobs\".\"payload\", \"public\".\"jobs\".\"result\", \"public\".\"jobs\".\"error\", \"public\".\"jobs\".\"attempts\", \"public\".\"jobs\".\"maxAttempts\", \"public\".\"jobs\".\"nextAttemptAt\", \"public\".\"jobs\".\"createdById\", \"public\".\"jobs\".\"createdAt\", \"public\".\"jobs\".\"updatedAt\", \"public\".\"jobs\".\"completedAt\" FROM \"public\".\"jobs\" WHERE (\"public\".\"jobs\".\"type\" = CAST($1::text AS \"public\".\"JobType\") AND \"public\".\"jobs\".\"status\" = CAST($2::text AS \"public\".\"JobStatus\") AND \"public\".\"jobs\".\"nextAttemptAt\" <= $3) ORDER BY \"public\".\"jobs\".\"createdAt\" ASC LIMIT $4 OFFSET $5","timestamp":"2026-08-12T09:20:20.577Z"}
{"level":"debug","message":"prisma query (241ms): COMMIT","timestamp":"2026-08-12T09:20:20.819Z"}
{"level":"debug","message":"prisma query (296ms): SELECT \"public\".\"jobs\".\"id\", \"public\".\"jobs\".\"type\"::text, \"public\".\"jobs\".\"status\"::text, \"public\".\"jobs\".\"payload\", \"public\".\"jobs\".\"result\", \"public\".\"jobs\".\"error\", \"public\".\"jobs\".\"attempts\", \"public\".\"jobs\".\"maxAttempts\", \"public\".\"jobs\".\"nextAttemptAt\", \"public\".\"jobs\".\"createdById\", \"public\".\"jobs\".\"createdAt\", \"public\".\"jobs\".\"updatedAt\", \"public\".\"jobs\".\"completedAt\" FROM \"public\".\"jobs\" WHERE (\"public\".\"jobs\".\"type\" = CAST($1::text AS \"public\".\"JobType\") AND \"public\".\"jobs\".\"status\" = CAST($2::text AS \"public\".\"JobStatus\") AND \"public\".\"jobs\".\"nextAttemptAt\" <= $3) ORDER BY \"public\".\"jobs\".\"createdAt\" ASC LIMIT $4 OFFSET $5","timestamp":"2026-08-12T09:20:20.821Z"}
{"level":"debug","message":"prisma query (128ms): COMMIT","timestamp":"2026-08-12T09:20:20.948Z"}
{"level":"debug","message":"prisma query (260ms): BEGIN","timestamp":"2026-08-12T09:20:21.268Z"}
{"level":"debug","message":"prisma query (58ms): DEALLOCATE ALL","timestamp":"2026-08-12T09:20:21.330Z"}
{"level":"debug","message":"prisma query (533ms): SELECT \"public\".\"jobs\".\"id\", \"public\".\"jobs\".\"type\"::text, \"public\".\"jobs\".\"status\"::text, \"public\".\"jobs\".\"payload\", \"public\".\"jobs\".\"result\", \"public\".\"jobs\".\"error\", \"public\".\"jobs\".\"attempts\", \"public\".\"jobs\".\"maxAttempts\", \"public\".\"jobs\".\"nextAttemptAt\", \"public\".\"jobs\".\"createdById\", \"public\".\"jobs\".\"createdAt\", \"public\".\"jobs\".\"updatedAt\", \"public\".\"jobs\".\"completedAt\" FROM \"public\".\"jobs\" WHERE (\"public\".\"jobs\".\"type\" = CAST($1::text AS \"public\".\"JobType\") AND \"public\".\"jobs\".\"status\" = CAST($2::text AS \"public\".\"JobStatus\") AND \"public\".\"jobs\".\"nextAttemptAt\" <= $3) ORDER BY \"public\".\"jobs\".\"createdAt\" ASC LIMIT $4 OFFSET $5","timestamp":"2026-08-12T09:20:21.861Z"}
{"level":"debug","message":"prisma query (494ms): COMMIT","timestamp":"2026-08-12T09:20:22.357Z"}
{"level":"debug","message":"prisma query (499ms): BEGIN","timestamp":"2026-08-12T09:20:22.358Z"}
{"level":"debug","message":"prisma query (501ms): BEGIN","timestamp":"2026-08-12T09:20:22.359Z"}
{"level":"debug","message":"prisma query (266ms): DEALLOCATE ALL","timestamp":"2026-08-12T09:20:22.623Z"}
{"level":"debug","message":"prisma query (267ms): DEALLOCATE ALL","timestamp":"2026-08-12T09:20:22.623Z"}
{"level":"debug","message":"prisma query (100ms): SELECT \"public\".\"jobs\".\"id\", \"public\".\"jobs\".\"type\"::text, \"public\".\"jobs\".\"status\"::text, \"public\".\"jobs\".\"payload\", \"public\".\"jobs\".\"result\", \"public\".\"jobs\".\"error\", \"public\".\"jobs\".\"attempts\", \"public\".\"jobs\".\"maxAttempts\", \"public\".\"jobs\".\"nextAttemptAt\", \"public\".\"jobs\".\"createdById\", \"public\".\"jobs\".\"createdAt\", \"public\".\"jobs\".\"updatedAt\", \"public\".\"jobs\".\"completedAt\" FROM \"public\".\"jobs\" WHERE (\"public\".\"jobs\".\"type\" = CAST($1::text AS \"public\".\"JobType\") AND \"public\".\"jobs\".\"status\" = CAST($2::text AS \"public\".\"JobStatus\") AND \"public\".\"jobs\".\"nextAttemptAt\" <= $3) ORDER BY \"public\".\"jobs\".\"createdAt\" ASC LIMIT $4 OFFSET $5","timestamp":"2026-08-12T09:20:22.723Z"}
{"level":"debug","message":"prisma query (112ms): SELECT \"public\".\"jobs\".\"id\", \"public\".\"jobs\".\"type\"::text, \"public\".\"jobs\".\"status\"::text, \"public\".\"jobs\".\"payload\", \"public\".\"jobs\".\"result\", \"public\".\"jobs\".\"error\", \"public\".\"jobs\".\"attempts\", \"public\".\"jobs\".\"maxAttempts\", \"public\".\"jobs\".\"nextAttemptAt\", \"public\".\"jobs\".\"createdById\", \"public\".\"jobs\".\"createdAt\", \"public\".\"jobs\".\"updatedAt\", \"public\".\"jobs\".\"completedAt\" FROM \"public\".\"jobs\" WHERE (\"public\".\"jobs\".\"type\" = CAST($1::text AS \"public\".\"JobType\") AND \"public\".\"jobs\".\"status\" = CAST($2::text AS \"public\".\"JobStatus\") AND \"public\".\"jobs\".\"nextAttemptAt\" <= $3) ORDER BY \"public\".\"jobs\".\"createdAt\" ASC LIMIT $4 OFFSET $5","timestamp":"2026-08-12T09:20:22.736Z"}
{"level":"debug","message":"prisma query (93ms): COMMIT","timestamp":"2026-08-12T09:20:22.817Z"}
{"level":"debug","message":"prisma query (80ms): COMMIT","timestamp":"2026-08-12T09:20:22.817Z"}
{"level":"debug","message":"prisma query (65ms): BEGIN","timestamp":"2026-08-12T09:20:23.929Z"}
{"level":"debug","message":"prisma query (73ms): BEGIN","timestamp":"2026-08-12T09:20:23.940Z"}
{"level":"debug","message":"prisma query (74ms): DEALLOCATE ALL","timestamp":"2026-08-12T09:20:24.111Z"}
{"level":"debug","message":"prisma query (67ms): DEALLOCATE ALL","timestamp":"2026-08-12T09:20:24.115Z"}
{"level":"debug","message":"prisma query (123ms): SELECT \"public\".\"jobs\".\"id\", \"public\".\"jobs\".\"type\"::text, \"public\".\"jobs\".\"status\"::text, \"public\".\"jobs\".\"payload\", \"public\".\"jobs\".\"result\", \"public\".\"jobs\".\"error\", \"public\".\"jobs\".\"attempts\", \"public\".\"jobs\".\"maxAttempts\", \"public\".\"jobs\".\"nextAttemptAt\", \"public\".\"jobs\".\"createdById\", \"public\".\"jobs\".\"createdAt\", \"public\".\"jobs\".\"updatedAt\", \"public\".\"jobs\".\"completedAt\" FROM \"public\".\"jobs\" WHERE (\"public\".\"jobs\".\"type\" = CAST($1::text AS \"public\".\"JobType\") AND \"public\".\"jobs\".\"status\" = CAST($2::text AS \"public\".\"JobStatus\") AND \"public\".\"jobs\".\"nextAttemptAt\" <= $3) ORDER BY \"public\".\"jobs\".\"createdAt\" ASC LIMIT $4 OFFSET $5","timestamp":"2026-08-12T09:20:24.128Z"}
{"level":"debug","message":"prisma query (167ms): SELECT \"public\".\"jobs\".\"id\", \"public\".\"jobs\".\"type\"::text, \"public\".\"jobs\".\"status\"::text, \"public\".\"jobs\".\"payload\", \"public\".\"jobs\".\"result\", \"public\".\"jobs\".\"error\", \"public\".\"jobs\".\"attempts\", \"public\".\"jobs\".\"maxAttempts\", \"public\".\"jobs\".\"nextAttemptAt\", \"public\".\"jobs\".\"createdById\", \"public\".\"jobs\".\"createdAt\", \"public\".\"jobs\".\"updatedAt\", \"public\".\"jobs\".\"completedAt\" FROM \"public\".\"jobs\" WHERE (\"public\".\"jobs\".\"type\" = CAST($1::text AS \"public\".\"JobType\") AND \"public\".\"jobs\".\"status\" = CAST($2::text AS \"public\".\"JobStatus\") AND \"public\".\"jobs\".\"nextAttemptAt\" <= $3) ORDER BY \"public\".\"jobs\".\"createdAt\" ASC LIMIT $4 OFFSET $5","timestamp":"2026-08-12T09:20:24.174Z"}
{"level":"debug","message":"prisma query (77ms): COMMIT","timestamp":"2026-08-12T09:20:24.206Z"}
{"level":"debug","message":"prisma query (74ms): COMMIT","timestamp":"2026-08-12T09:20:24.249Z"}
{"level":"debug","message":"prisma query (393ms): BEGIN","timestamp":"2026-08-12T09:20:26.268Z"}
{"level":"debug","message":"prisma query (393ms): BEGIN","timestamp":"2026-08-12T09:20:26.268Z"}
{"level":"debug","message":"prisma query (210ms): DEALLOCATE ALL","timestamp":"2026-08-12T09:20:26.478Z"}
{"level":"debug","message":"prisma query (210ms): DEALLOCATE ALL","timestamp":"2026-08-12T09:20:26.479Z"}
{"level":"debug","message":"prisma query (975ms): SELECT \"public\".\"jobs\".\"id\", \"public\".\"jobs\".\"type\"::text, \"public\".\"jobs\".\"status\"::text, \"public\".\"jobs\".\"payload\", \"public\".\"jobs\".\"result\", \"public\".\"jobs\".\"error\", \"public\".\"jobs\".\"attempts\", \"public\".\"jobs\".\"maxAttempts\", \"public\".\"jobs\".\"nextAttemptAt\", \"public\".\"jobs\".\"createdById\", \"public\".\"jobs\".\"createdAt\", \"public\".\"jobs\".\"updatedAt\", \"public\".\"jobs\".\"completedAt\" FROM \"public\".\"jobs\" WHERE (\"public\".\"jobs\".\"type\" = CAST($1::text AS \"public\".\"JobType\") AND \"public\".\"jobs\".\"status\" = CAST($2::text AS \"public\".\"JobStatus\") AND \"public\".\"jobs\".\"nextAttemptAt\" <= $3) ORDER BY \"public\".\"jobs\".\"createdAt\" ASC LIMIT $4 OFFSET $5","timestamp":"2026-08-12T09:20:27.453Z"}
{"level":"debug","message":"prisma query (975ms): SELECT \"public\".\"jobs\".\"id\", \"public\".\"jobs\".\"type\"::text, \"public\".\"jobs\".\"status\"::text, \"public\".\"jobs\".\"payload\", \"public\".\"jobs\".\"result\", \"public\".\"jobs\".\"error\", \"public\".\"jobs\".\"attempts\", \"public\".\"jobs\".\"maxAttempts\", \"public\".\"jobs\".\"nextAttemptAt\", \"public\".\"jobs\".\"createdById\", \"public\".\"jobs\".\"createdAt\", \"public\".\"jobs\".\"updatedAt\", \"public\".\"jobs\".\"completedAt\" FROM \"public\".\"jobs\" WHERE (\"public\".\"jobs\".\"type\" = CAST($1::text AS \"public\".\"JobType\") AND \"public\".\"jobs\".\"status\" = CAST($2::text AS \"public\".\"JobStatus\") AND \"public\".\"jobs\".\"nextAttemptAt\" <= $3) ORDER BY \"public\".\"jobs\".\"createdAt\" ASC LIMIT $4 OFFSET $5","timestamp":"2026-08-12T09:20:27.454Z"}
{"level":"debug","message":"prisma query (429ms): COMMIT","timestamp":"2026-08-12T09:20:27.883Z"}
{"level":"debug","message":"prisma query (429ms): COMMIT","timestamp":"2026-08-12T09:20:27.883Z"}
{"level":"debug","message":"prisma query (240ms): BEGIN","timestamp":"2026-08-12T09:20:28.116Z"}
{"level":"debug","message":"prisma query (239ms): BEGIN","timestamp":"2026-08-12T09:20:28.117Z"}
{"level":"debug","message":"prisma query (493ms): DEALLOCATE ALL","timestamp":"2026-08-12T09:20:28.611Z"}
{"level":"debug","message":"prisma query (493ms): DEALLOCATE ALL","timestamp":"2026-08-12T09:20:28.612Z"}
{"level":"debug","message":"prisma query (619ms): SELECT \"public\".\"jobs\".\"id\", \"public\".\"jobs\".\"type\"::text, \"public\".\"jobs\".\"status\"::text, \"public\".\"jobs\".\"payload\", \"public\".\"jobs\".\"result\", \"public\".\"jobs\".\"error\", \"public\".\"jobs\".\"attempts\", \"public\".\"jobs\".\"maxAttempts\", \"public\".\"jobs\".\"nextAttemptAt\", \"public\".\"jobs\".\"createdById\", \"public\".\"jobs\".\"createdAt\", \"public\".\"jobs\".\"updatedAt\", \"public\".\"jobs\".\"completedAt\" FROM \"public\".\"jobs\" WHERE (\"public\".\"jobs\".\"type\" = CAST($1::text AS \"public\".\"JobType\") AND \"public\".\"jobs\".\"status\" = CAST($2::text AS \"public\".\"JobStatus\") AND \"public\".\"jobs\".\"nextAttemptAt\" <= $3) ORDER BY \"public\".\"jobs\".\"createdAt\" ASC LIMIT $4 OFFSET $5","timestamp":"2026-08-12T09:20:29.229Z"}
{"level":"debug","message":"prisma query (619ms): SELECT \"public\".\"jobs\".\"id\", \"public\".\"jobs\".\"type\"::text, \"public\".\"jobs\".\"status\"::text, \"public\".\"jobs\".\"payload\", \"public\".\"jobs\".\"result\", \"public\".\"jobs\".\"error\", \"public\".\"jobs\".\"attempts\", \"public\".\"jobs\".\"maxAttempts\", \"public\".\"jobs\".\"nextAttemptAt\", \"public\".\"jobs\".\"createdById\", \"public\".\"jobs\".\"createdAt\", \"public\".\"jobs\".\"updatedAt\", \"public\".\"jobs\".\"completedAt\" FROM \"public\".\"jobs\" WHERE (\"public\".\"jobs\".\"type\" = CAST($1::text AS \"public\".\"JobType\") AND \"public\".\"jobs\".\"status\" = CAST($2::text AS \"public\".\"JobStatus\") AND \"public\".\"jobs\".\"nextAttemptAt\" <= $3) ORDER BY \"public\".\"jobs\".\"createdAt\" ASC LIMIT $4 OFFSET $5","timestamp":"2026-08-12T09:20:29.230Z"}
{"level":"debug","message":"prisma query (485ms): COMMIT","timestamp":"2026-08-12T09:20:29.715Z"}
{"level":"debug","message":"prisma query (486ms): COMMIT","timestamp":"2026-08-12T09:20:29.716Z"}
{"level":"debug","message":"prisma query (485ms): BEGIN","timestamp":"2026-08-12T09:20:30.366Z"}
{"level":"debug","message":"prisma query (486ms): BEGIN","timestamp":"2026-08-12T09:20:30.367Z"}
{"level":"debug","message":"prisma query (482ms): DEALLOCATE ALL","timestamp":"2026-08-12T09:20:30.849Z"}
{"level":"debug","message":"prisma query (483ms): DEALLOCATE ALL","timestamp":"2026-08-12T09:20:30.850Z"}
{"level":"debug","message":"prisma query (972ms): SELECT \"public\".\"jobs\".\"id\", \"public\".\"jobs\".\"type\"::text, \"public\".\"jobs\".\"status\"::text, \"public\".\"jobs\".\"payload\", \"public\".\"jobs\".\"result\", \"public\".\"jobs\".\"error\", \"public\".\"jobs\".\"attempts\", \"public\".\"jobs\".\"maxAttempts\", \"public\".\"jobs\".\"nextAttemptAt\", \"public\".\"jobs\".\"createdById\", \"public\".\"jobs\".\"createdAt\", \"public\".\"jobs\".\"updatedAt\", \"public\".\"jobs\".\"completedAt\" FROM \"public\".\"jobs\" WHERE (\"public\".\"jobs\".\"type\" = CAST($1::text AS \"public\".\"JobType\") AND \"public\".\"jobs\".\"status\" = CAST($2::text AS \"public\".\"JobStatus\") AND \"public\".\"jobs\".\"nextAttemptAt\" <= $3) ORDER BY \"public\".\"jobs\".\"createdAt\" ASC LIMIT $4 OFFSET $5","timestamp":"2026-08-12T09:20:31.823Z"}
{"level":"debug","message":"prisma query (972ms): SELECT \"public\".\"jobs\".\"id\", \"public\".\"jobs\".\"type\"::text, \"public\".\"jobs\".\"status\"::text, \"public\".\"jobs\".\"payload\", \"public\".\"jobs\".\"result\", \"public\".\"jobs\".\"error\", \"public\".\"jobs\".\"attempts\", \"public\".\"jobs\".\"maxAttempts\", \"public\".\"jobs\".\"nextAttemptAt\", \"public\".\"jobs\".\"createdById\", \"public\".\"jobs\".\"createdAt\", \"public\".\"jobs\".\"updatedAt\", \"public\".\"jobs\".\"completedAt\" FROM \"public\".\"jobs\" WHERE (\"public\".\"jobs\".\"type\" = CAST($1::text AS \"public\".\"JobType\") AND \"public\".\"jobs\".\"status\" = CAST($2::text AS \"public\".\"JobStatus\") AND \"public\".\"jobs\".\"nextAttemptAt\" <= $3) ORDER BY \"public\".\"jobs\".\"createdAt\" ASC LIMIT $4 OFFSET $5","timestamp":"2026-08-12T09:20:31.824Z"}
{"level":"debug","message":"prisma query (66ms): COMMIT","timestamp":"2026-08-12T09:20:31.890Z"}
{"level":"debug","message":"prisma query (67ms): COMMIT","timestamp":"2026-08-12T09:20:31.890Z"}
{"level":"debug","message":"prisma query (68ms): BEGIN","timestamp":"2026-08-12T09:20:31.952Z"}
{"level":"debug","message":"prisma query (69ms): SELECT 1","timestamp":"2026-08-12T09:20:31.953Z"}
{"level":"debug","message":"prisma query (368ms): DEALLOCATE ALL","timestamp":"2026-08-12T09:20:32.321Z"}
{"level":"debug","message":"prisma query (368ms): BEGIN","timestamp":"2026-08-12T09:20:32.322Z"}
{"level":"debug","message":"prisma query (360ms): DEALLOCATE ALL","timestamp":"2026-08-12T09:20:32.682Z"}
{"level":"debug","message":"prisma query (702ms): SELECT \"public\".\"jobs\".\"id\", \"public\".\"jobs\".\"type\"::text, \"public\".\"jobs\".\"status\"::text, \"public\".\"jobs\".\"payload\", \"public\".\"jobs\".\"result\", \"public\".\"jobs\".\"error\", \"public\".\"jobs\".\"attempts\", \"public\".\"jobs\".\"maxAttempts\", \"public\".\"jobs\".\"nextAttemptAt\", \"public\".\"jobs\".\"createdById\", \"public\".\"jobs\".\"createdAt\", \"public\".\"jobs\".\"updatedAt\", \"public\".\"jobs\".\"completedAt\" FROM \"public\".\"jobs\" WHERE (\"public\".\"jobs\".\"type\" = CAST($1::text AS \"public\".\"JobType\") AND \"public\".\"jobs\".\"status\" = CAST($2::text AS \"public\".\"JobStatus\") AND \"public\".\"jobs\".\"nextAttemptAt\" <= $3) ORDER BY \"public\".\"jobs\".\"createdAt\" ASC LIMIT $4 OFFSET $5","timestamp":"2026-08-12T09:20:33.024Z"}
{"level":"debug","message":"prisma query (318ms): COMMIT","timestamp":"2026-08-12T09:20:33.344Z"}
{"level":"debug","message":"prisma query (660ms): SELECT \"public\".\"jobs\".\"id\", \"public\".\"jobs\".\"type\"::text, \"public\".\"jobs\".\"status\"::text, \"public\".\"jobs\".\"payload\", \"public\".\"jobs\".\"result\", \"public\".\"jobs\".\"error\", \"public\".\"jobs\".\"attempts\", \"public\".\"jobs\".\"maxAttempts\", \"public\".\"jobs\".\"nextAttemptAt\", \"public\".\"jobs\".\"createdById\", \"public\".\"jobs\".\"createdAt\", \"public\".\"jobs\".\"updatedAt\", \"public\".\"jobs\".\"completedAt\" FROM \"public\".\"jobs\" WHERE (\"public\".\"jobs\".\"type\" = CAST($1::text AS \"public\".\"JobType\") AND \"public\".\"jobs\".\"status\" = CAST($2::text AS \"public\".\"JobStatus\") AND \"public\".\"jobs\".\"nextAttemptAt\" <= $3) ORDER BY \"public\".\"jobs\".\"createdAt\" ASC LIMIT $4 OFFSET $5","timestamp":"2026-08-12T09:20:33.345Z"}
{"level":"debug","message":"prisma query (305ms): COMMIT","timestamp":"2026-08-12T09:20:33.649Z"}
{"level":"debug","message":"prisma query (575ms): BEGIN","timestamp":"2026-08-12T09:20:34.469Z"}
{"level":"debug","message":"prisma query (576ms): BEGIN","timestamp":"2026-08-12T09:20:34.471Z"}
{"level":"debug","message":"prisma query (203ms): DEALLOCATE ALL","timestamp":"2026-08-12T09:20:34.673Z"}
{"level":"debug","message":"prisma query (203ms): DEALLOCATE ALL","timestamp":"2026-08-12T09:20:34.674Z"}
{"level":"debug","message":"prisma query (570ms): SELECT \"public\".\"jobs\".\"id\", \"public\".\"jobs\".\"type\"::text, \"public\".\"jobs\".\"status\"::text, \"public\".\"jobs\".\"payload\", \"public\".\"jobs\".\"result\", \"public\".\"jobs\".\"error\", \"public\".\"jobs\".\"attempts\", \"public\".\"jobs\".\"maxAttempts\", \"public\".\"jobs\".\"nextAttemptAt\", \"public\".\"jobs\".\"createdById\", \"public\".\"jobs\".\"createdAt\", \"public\".\"jobs\".\"updatedAt\", \"public\".\"jobs\".\"completedAt\" FROM \"public\".\"jobs\" WHERE (\"public\".\"jobs\".\"type\" = CAST($1::text AS \"public\".\"JobType\") AND \"public\".\"jobs\".\"status\" = CAST($2::text AS \"public\".\"JobStatus\") AND \"public\".\"jobs\".\"nextAttemptAt\" <= $3) ORDER BY \"public\".\"jobs\".\"createdAt\" ASC LIMIT $4 OFFSET $5","timestamp":"2026-08-12T09:20:35.247Z"}
{"level":"debug","message":"prisma query (571ms): SELECT \"public\".\"jobs\".\"id\", \"public\".\"jobs\".\"type\"::text, \"public\".\"jobs\".\"status\"::text, \"public\".\"jobs\".\"payload\", \"public\".\"jobs\".\"result\", \"public\".\"jobs\".\"error\", \"public\".\"jobs\".\"attempts\", \"public\".\"jobs\".\"maxAttempts\", \"public\".\"jobs\".\"nextAttemptAt\", \"public\".\"jobs\".\"createdById\", \"public\".\"jobs\".\"createdAt\", \"public\".\"jobs\".\"updatedAt\", \"public\".\"jobs\".\"completedAt\" FROM \"public\".\"jobs\" WHERE (\"public\".\"jobs\".\"type\" = CAST($1::text AS \"public\".\"JobType\") AND \"public\".\"jobs\".\"status\" = CAST($2::text AS \"public\".\"JobStatus\") AND \"public\".\"jobs\".\"nextAttemptAt\" <= $3) ORDER BY \"public\".\"jobs\".\"createdAt\" ASC LIMIT $4 OFFSET $5","timestamp":"2026-08-12T09:20:35.247Z"}
{"level":"debug","message":"prisma query (99ms): COMMIT","timestamp":"2026-08-12T09:20:35.344Z"}
{"level":"debug","message":"prisma query (99ms): COMMIT","timestamp":"2026-08-12T09:20:35.345Z"}
{"level":"debug","message":"prisma query (608ms): SELECT 1","timestamp":"2026-08-12T09:20:36.514Z"}
{"level":"debug","message":"prisma query (607ms): BEGIN","timestamp":"2026-08-12T09:20:36.516Z"}
{"level":"debug","message":"prisma query (187ms): BEGIN","timestamp":"2026-08-12T09:20:36.701Z"}
{"level":"debug","message":"prisma query (188ms): DEALLOCATE ALL","timestamp":"2026-08-12T09:20:36.702Z"}
{"level":"debug","message":"prisma query (322ms): DEALLOCATE ALL","timestamp":"2026-08-12T09:20:37.024Z"}
{"level":"debug","message":"prisma query (936ms): SELECT \"public\".\"jobs\".\"id\", \"public\".\"jobs\".\"type\"::text, \"public\".\"jobs\".\"status\"::text, \"public\".\"jobs\".\"payload\", \"public\".\"jobs\".\"result\", \"public\".\"jobs\".\"error\", \"public\".\"jobs\".\"attempts\", \"public\".\"jobs\".\"maxAttempts\", \"public\".\"jobs\".\"nextAttemptAt\", \"public\".\"jobs\".\"createdById\", \"public\".\"jobs\".\"createdAt\", \"public\".\"jobs\".\"updatedAt\", \"public\".\"jobs\".\"completedAt\" FROM \"public\".\"jobs\" WHERE (\"public\".\"jobs\".\"type\" = CAST($1::text AS \"public\".\"JobType\") AND \"public\".\"jobs\".\"status\" = CAST($2::text AS \"public\".\"JobStatus\") AND \"public\".\"jobs\".\"nextAttemptAt\" <= $3) ORDER BY \"public\".\"jobs\".\"createdAt\" ASC LIMIT $4 OFFSET $5","timestamp":"2026-08-12T09:20:37.640Z"}
{"level":"debug","message":"prisma query (279ms): COMMIT","timestamp":"2026-08-12T09:20:37.919Z"}
{"level":"debug","message":"prisma query (895ms): SELECT \"public\".\"jobs\".\"id\", \"public\".\"jobs\".\"type\"::text, \"public\".\"jobs\".\"status\"::text, \"public\".\"jobs\".\"payload\", \"public\".\"jobs\".\"result\", \"public\".\"jobs\".\"error\", \"public\".\"jobs\".\"attempts\", \"public\".\"jobs\".\"maxAttempts\", \"public\".\"jobs\".\"nextAttemptAt\", \"public\".\"jobs\".\"createdById\", \"public\".\"jobs\".\"createdAt\", \"public\".\"jobs\".\"updatedAt\", \"public\".\"jobs\".\"completedAt\" FROM \"public\".\"jobs\" WHERE (\"public\".\"jobs\".\"type\" = CAST($1::text AS \"public\".\"JobType\") AND \"public\".\"jobs\".\"status\" = CAST($2::text AS \"public\".\"JobStatus\") AND \"public\".\"jobs\".\"nextAttemptAt\" <= $3) ORDER BY \"public\".\"jobs\".\"createdAt\" ASC LIMIT $4 OFFSET $5","timestamp":"2026-08-12T09:20:37.920Z"}
{"level":"debug","message":"prisma query (437ms): SELECT 1","timestamp":"2026-08-12T09:20:38.355Z"}
{"level":"debug","message":"prisma query (439ms): SELECT 1","timestamp":"2026-08-12T09:20:38.356Z"}
{"level":"debug","message":"prisma query (355ms): BEGIN","timestamp":"2026-08-12T09:20:38.711Z"}
{"level":"debug","message":"prisma query (354ms): BEGIN","timestamp":"2026-08-12T09:20:38.712Z"}
{"level":"debug","message":"prisma query (791ms): COMMIT","timestamp":"2026-08-12T09:20:38.713Z"}
{"level":"debug","message":"prisma query (259ms): DEALLOCATE ALL","timestamp":"2026-08-12T09:20:38.971Z"}
{"level":"debug","message":"prisma query (259ms): DEALLOCATE ALL","timestamp":"2026-08-12T09:20:38.972Z"}
{"level":"debug","message":"prisma query (613ms): SELECT \"public\".\"jobs\".\"id\", \"public\".\"jobs\".\"type\"::text, \"public\".\"jobs\".\"status\"::text, \"public\".\"jobs\".\"payload\", \"public\".\"jobs\".\"result\", \"public\".\"jobs\".\"error\", \"public\".\"jobs\".\"attempts\", \"public\".\"jobs\".\"maxAttempts\", \"public\".\"jobs\".\"nextAttemptAt\", \"public\".\"jobs\".\"createdById\", \"public\".\"jobs\".\"createdAt\", \"public\".\"jobs\".\"updatedAt\", \"public\".\"jobs\".\"completedAt\" FROM \"public\".\"jobs\" WHERE (\"public\".\"jobs\".\"type\" = CAST($1::text AS \"public\".\"JobType\") AND \"public\".\"jobs\".\"status\" = CAST($2::text AS \"public\".\"JobStatus\") AND \"public\".\"jobs\".\"nextAttemptAt\" <= $3) ORDER BY \"public\".\"jobs\".\"createdAt\" ASC LIMIT $4 OFFSET $5","timestamp":"2026-08-12T09:20:39.584Z"}
{"level":"debug","message":"prisma query (613ms): SELECT \"public\".\"jobs\".\"id\", \"public\".\"jobs\".\"type\"::text, \"public\".\"jobs\".\"status\"::text, \"public\".\"jobs\".\"payload\", \"public\".\"jobs\".\"result\", \"public\".\"jobs\".\"error\", \"public\".\"jobs\".\"attempts\", \"public\".\"jobs\".\"maxAttempts\", \"public\".\"jobs\".\"nextAttemptAt\", \"public\".\"jobs\".\"createdById\", \"public\".\"jobs\".\"createdAt\", \"public\".\"jobs\".\"updatedAt\", \"public\".\"jobs\".\"completedAt\" FROM \"public\".\"jobs\" WHERE (\"public\".\"jobs\".\"type\" = CAST($1::text AS \"public\".\"JobType\") AND \"public\".\"jobs\".\"status\" = CAST($2::text AS \"public\".\"JobStatus\") AND \"public\".\"jobs\".\"nextAttemptAt\" <= $3) ORDER BY \"public\".\"jobs\".\"createdAt\" ASC LIMIT $4 OFFSET $5","timestamp":"2026-08-12T09:20:39.585Z"}
{"level":"debug","message":"prisma query (345ms): COMMIT","timestamp":"2026-08-12T09:20:39.931Z"}
{"level":"debug","message":"prisma query (346ms): COMMIT","timestamp":"2026-08-12T09:20:39.932Z"}
{"level":"debug","message":"prisma query (188ms): BEGIN","timestamp":"2026-08-12T09:20:40.111Z"}
{"level":"debug","message":"prisma query (188ms): BEGIN","timestamp":"2026-08-12T09:20:40.112Z"}
{"level":"debug","message":"prisma query (291ms): DEALLOCATE ALL","timestamp":"2026-08-12T09:20:40.403Z"}
{"level":"debug","message":"prisma query (292ms): DEALLOCATE ALL","timestamp":"2026-08-12T09:20:40.405Z"}
{"level":"debug","message":"prisma query (620ms): SELECT \"public\".\"jobs\".\"id\", \"public\".\"jobs\".\"type\"::text, \"public\".\"jobs\".\"status\"::text, \"public\".\"jobs\".\"payload\", \"public\".\"jobs\".\"result\", \"public\".\"jobs\".\"error\", \"public\".\"jobs\".\"attempts\", \"public\".\"jobs\".\"maxAttempts\", \"public\".\"jobs\".\"nextAttemptAt\", \"public\".\"jobs\".\"createdById\", \"public\".\"jobs\".\"createdAt\", \"public\".\"jobs\".\"updatedAt\", \"public\".\"jobs\".\"completedAt\" FROM \"public\".\"jobs\" WHERE (\"public\".\"jobs\".\"type\" = CAST($1::text AS \"public\".\"JobType\") AND \"public\".\"jobs\".\"status\" = CAST($2::text AS \"public\".\"JobStatus\") AND \"public\".\"jobs\".\"nextAttemptAt\" <= $3) ORDER BY \"public\".\"jobs\".\"createdAt\" ASC LIMIT $4 OFFSET $5","timestamp":"2026-08-12T09:20:41.025Z"}
{"level":"debug","message":"prisma query (621ms): SELECT \"public\".\"jobs\".\"id\", \"public\".\"jobs\".\"type\"::text, \"public\".\"jobs\".\"status\"::text, \"public\".\"jobs\".\"payload\", \"public\".\"jobs\".\"result\", \"public\".\"jobs\".\"error\", \"public\".\"jobs\".\"attempts\", \"public\".\"jobs\".\"maxAttempts\", \"public\".\"jobs\".\"nextAttemptAt\", \"public\".\"jobs\".\"createdById\", \"public\".\"jobs\".\"createdAt\", \"public\".\"jobs\".\"updatedAt\", \"public\".\"jobs\".\"completedAt\" FROM \"public\".\"jobs\" WHERE (\"public\".\"jobs\".\"type\" = CAST($1::text AS \"public\".\"JobType\") AND \"public\".\"jobs\".\"status\" = CAST($2::text AS \"public\".\"JobStatus\") AND \"public\".\"jobs\".\"nextAttemptAt\" <= $3) ORDER BY \"public\".\"jobs\".\"createdAt\" ASC LIMIT $4 OFFSET $5","timestamp":"2026-08-12T09:20:41.026Z"}
{"level":"debug","message":"prisma query (716ms): COMMIT","timestamp":"2026-08-12T09:20:41.741Z"}
{"level":"debug","message":"prisma query (716ms): COMMIT","timestamp":"2026-08-12T09:20:41.741Z"}
{"level":"debug","message":"prisma query (272ms): BEGIN","timestamp":"2026-08-12T09:20:42.208Z"}
{"level":"debug","message":"prisma query (273ms): BEGIN","timestamp":"2026-08-12T09:20:42.209Z"}
{"level":"debug","message":"prisma query (254ms): DEALLOCATE ALL","timestamp":"2026-08-12T09:20:42.463Z"}
{"level":"debug","message":"prisma query (255ms): DEALLOCATE ALL","timestamp":"2026-08-12T09:20:42.464Z"}
{"level":"debug","message":"prisma query (449ms): SELECT \"public\".\"jobs\".\"id\", \"public\".\"jobs\".\"type\"::text, \"public\".\"jobs\".\"status\"::text, \"public\".\"jobs\".\"payload\", \"public\".\"jobs\".\"result\", \"public\".\"jobs\".\"error\", \"public\".\"jobs\".\"attempts\", \"public\".\"jobs\".\"maxAttempts\", \"public\".\"jobs\".\"nextAttemptAt\", \"public\".\"jobs\".\"createdById\", \"public\".\"jobs\".\"createdAt\", \"public\".\"jobs\".\"updatedAt\", \"public\".\"jobs\".\"completedAt\" FROM \"public\".\"jobs\" WHERE (\"public\".\"jobs\".\"type\" = CAST($1::text AS \"public\".\"JobType\") AND \"public\".\"jobs\".\"status\" = CAST($2::text AS \"public\".\"JobStatus\") AND \"public\".\"jobs\".\"nextAttemptAt\" <= $3) ORDER BY \"public\".\"jobs\".\"createdAt\" ASC LIMIT $4 OFFSET $5","timestamp":"2026-08-12T09:20:42.913Z"}
{"level":"debug","message":"prisma query (448ms): SELECT \"public\".\"jobs\".\"id\", \"public\".\"jobs\".\"type\"::text, \"public\".\"jobs\".\"status\"::text, \"public\".\"jobs\".\"payload\", \"public\".\"jobs\".\"result\", \"public\".\"jobs\".\"error\", \"public\".\"jobs\".\"attempts\", \"public\".\"jobs\".\"maxAttempts\", \"public\".\"jobs\".\"nextAttemptAt\", \"public\".\"jobs\".\"createdById\", \"public\".\"jobs\".\"createdAt\", \"public\".\"jobs\".\"updatedAt\", \"public\".\"jobs\".\"completedAt\" FROM \"public\".\"jobs\" WHERE (\"public\".\"jobs\".\"type\" = CAST($1::text AS \"public\".\"JobType\") AND \"public\".\"jobs\".\"status\" = CAST($2::text AS \"public\".\"JobStatus\") AND \"public\".\"jobs\".\"nextAttemptAt\" <= $3) ORDER BY \"public\".\"jobs\".\"createdAt\" ASC LIMIT $4 OFFSET $5","timestamp":"2026-08-12T09:20:42.914Z"}
{"level":"debug","message":"prisma query (76ms): COMMIT","timestamp":"2026-08-12T09:20:42.990Z"}
{"level":"debug","message":"prisma query (77ms): COMMIT","timestamp":"2026-08-12T09:20:42.991Z"}
{"level":"debug","message":"prisma query (375ms): BEGIN","timestamp":"2026-08-12T09:20:44.313Z"}
{"level":"debug","message":"prisma query (375ms): BEGIN","timestamp":"2026-08-12T09:20:44.315Z"}
{"level":"debug","message":"prisma query (54ms): DEALLOCATE ALL","timestamp":"2026-08-12T09:20:44.368Z"}
{"level":"debug","message":"prisma query (57ms): DEALLOCATE ALL","timestamp":"2026-08-12T09:20:44.371Z"}
{"level":"debug","message":"prisma query (943ms): SELECT \"public\".\"jobs\".\"id\", \"public\".\"jobs\".\"type\"::text, \"public\".\"jobs\".\"status\"::text, \"public\".\"jobs\".\"payload\", \"public\".\"jobs\".\"result\", \"public\".\"jobs\".\"error\", \"public\".\"jobs\".\"attempts\", \"public\".\"jobs\".\"maxAttempts\", \"public\".\"jobs\".\"nextAttemptAt\", \"public\".\"jobs\".\"createdById\", \"public\".\"jobs\".\"createdAt\", \"public\".\"jobs\".\"updatedAt\", \"public\".\"jobs\".\"completedAt\" FROM \"public\".\"jobs\" WHERE (\"public\".\"jobs\".\"type\" = CAST($1::text AS \"public\".\"JobType\") AND \"public\".\"jobs\".\"status\" = CAST($2::text AS \"public\".\"JobStatus\") AND \"public\".\"jobs\".\"nextAttemptAt\" <= $3) ORDER BY \"public\".\"jobs\".\"createdAt\" ASC LIMIT $4 OFFSET $5","timestamp":"2026-08-12T09:20:45.316Z"}
{"level":"debug","message":"prisma query (947ms): SELECT \"public\".\"jobs\".\"id\", \"public\".\"jobs\".\"type\"::text, \"public\".\"jobs\".\"status\"::text, \"public\".\"jobs\".\"payload\", \"public\".\"jobs\".\"result\", \"public\".\"jobs\".\"error\", \"public\".\"jobs\".\"attempts\", \"public\".\"jobs\".\"maxAttempts\", \"public\".\"jobs\".\"nextAttemptAt\", \"public\".\"jobs\".\"createdById\", \"public\".\"jobs\".\"createdAt\", \"public\".\"jobs\".\"updatedAt\", \"public\".\"jobs\".\"completedAt\" FROM \"public\".\"jobs\" WHERE (\"public\".\"jobs\".\"type\" = CAST($1::text AS \"public\".\"JobType\") AND \"public\".\"jobs\".\"status\" = CAST($2::text AS \"public\".\"JobStatus\") AND \"public\".\"jobs\".\"nextAttemptAt\" <= $3) ORDER BY \"public\".\"jobs\".\"createdAt\" ASC LIMIT $4 OFFSET $5","timestamp":"2026-08-12T09:20:45.316Z"}
{"level":"debug","message":"prisma query (411ms): COMMIT","timestamp":"2026-08-12T09:20:45.727Z"}
{"level":"debug","message":"prisma query (411ms): COMMIT","timestamp":"2026-08-12T09:20:45.728Z"}
{"level":"debug","message":"prisma query (414ms): BEGIN","timestamp":"2026-08-12T09:20:46.357Z"}
{"level":"debug","message":"prisma query (415ms): BEGIN","timestamp":"2026-08-12T09:20:46.358Z"}
{"level":"debug","message":"prisma query (399ms): DEALLOCATE ALL","timestamp":"2026-08-12T09:20:46.757Z"}
{"level":"debug","message":"prisma query (399ms): DEALLOCATE ALL","timestamp":"2026-08-12T09:20:46.758Z"}
{"level":"debug","message":"prisma query (564ms): SELECT \"public\".\"jobs\".\"id\", \"public\".\"jobs\".\"type\"::text, \"public\".\"jobs\".\"status\"::text, \"public\".\"jobs\".\"payload\", \"public\".\"jobs\".\"result\", \"public\".\"jobs\".\"error\", \"public\".\"jobs\".\"attempts\", \"public\".\"jobs\".\"maxAttempts\", \"public\".\"jobs\".\"nextAttemptAt\", \"public\".\"jobs\".\"createdById\", \"public\".\"jobs\".\"createdAt\", \"public\".\"jobs\".\"updatedAt\", \"public\".\"jobs\".\"completedAt\" FROM \"public\".\"jobs\" WHERE (\"public\".\"jobs\".\"type\" = CAST($1::text AS \"public\".\"JobType\") AND \"public\".\"jobs\".\"status\" = CAST($2::text AS \"public\".\"JobStatus\") AND \"public\".\"jobs\".\"nextAttemptAt\" <= $3) ORDER BY \"public\".\"jobs\".\"createdAt\" ASC LIMIT $4 OFFSET $5","timestamp":"2026-08-12T09:20:47.321Z"}
{"level":"debug","message":"prisma query (564ms): SELECT \"public\".\"jobs\".\"id\", \"public\".\"jobs\".\"type\"::text, \"public\".\"jobs\".\"status\"::text, \"public\".\"jobs\".\"payload\", \"public\".\"jobs\".\"result\", \"public\".\"jobs\".\"error\", \"public\".\"jobs\".\"attempts\", \"public\".\"jobs\".\"maxAttempts\", \"public\".\"jobs\".\"nextAttemptAt\", \"public\".\"jobs\".\"createdById\", \"public\".\"jobs\".\"createdAt\", \"public\".\"jobs\".\"updatedAt\", \"public\".\"jobs\".\"completedAt\" FROM \"public\".\"jobs\" WHERE (\"public\".\"jobs\".\"type\" = CAST($1::text AS \"public\".\"JobType\") AND \"public\".\"jobs\".\"status\" = CAST($2::text AS \"public\".\"JobStatus\") AND \"public\".\"jobs\".\"nextAttemptAt\" <= $3) ORDER BY \"public\".\"jobs\".\"createdAt\" ASC LIMIT $4 OFFSET $5","timestamp":"2026-08-12T09:20:47.322Z"}
{"level":"debug","message":"prisma query (250ms): COMMIT","timestamp":"2026-08-12T09:20:47.571Z"}
{"level":"debug","message":"prisma query (250ms): COMMIT","timestamp":"2026-08-12T09:20:47.573Z"}
{"level":"debug","message":"prisma query (504ms): SELECT 1","timestamp":"2026-08-12T09:20:48.454Z"}
{"level":"debug","message":"prisma query (505ms): BEGIN","timestamp":"2026-08-12T09:20:48.456Z"}
{"level":"debug","message":"prisma query (558ms): BEGIN","timestamp":"2026-08-12T09:20:49.014Z"}
{"level":"debug","message":"prisma query (558ms): DEALLOCATE ALL","timestamp":"2026-08-12T09:20:49.016Z"}
{"level":"debug","message":"prisma query (485ms): DEALLOCATE ALL","timestamp":"2026-08-12T09:20:49.498Z"}
{"level":"debug","message":"prisma query (680ms): SELECT \"public\".\"jobs\".\"id\", \"public\".\"jobs\".\"type\"::text, \"public\".\"jobs\".\"status\"::text, \"public\".\"jobs\".\"payload\", \"public\".\"jobs\".\"result\", \"public\".\"jobs\".\"error\", \"public\".\"jobs\".\"attempts\", \"public\".\"jobs\".\"maxAttempts\", \"public\".\"jobs\".\"nextAttemptAt\", \"public\".\"jobs\".\"createdById\", \"public\".\"jobs\".\"createdAt\", \"public\".\"jobs\".\"updatedAt\", \"public\".\"jobs\".\"completedAt\" FROM \"public\".\"jobs\" WHERE (\"public\".\"jobs\".\"type\" = CAST($1::text AS \"public\".\"JobType\") AND \"public\".\"jobs\".\"status\" = CAST($2::text AS \"public\".\"JobStatus\") AND \"public\".\"jobs\".\"nextAttemptAt\" <= $3) ORDER BY \"public\".\"jobs\".\"createdAt\" ASC LIMIT $4 OFFSET $5","timestamp":"2026-08-12T09:20:49.694Z"}
{"level":"debug","message":"prisma query (274ms): COMMIT","timestamp":"2026-08-12T09:20:49.970Z"}
{"level":"debug","message":"prisma query (470ms): SELECT \"public\".\"jobs\".\"id\", \"public\".\"jobs\".\"type\"::text, \"public\".\"jobs\".\"status\"::text, \"public\".\"jobs\".\"payload\", \"public\".\"jobs\".\"result\", \"public\".\"jobs\".\"error\", \"public\".\"jobs\".\"attempts\", \"public\".\"jobs\".\"maxAttempts\", \"public\".\"jobs\".\"nextAttemptAt\", \"public\".\"jobs\".\"createdById\", \"public\".\"jobs\".\"createdAt\", \"public\".\"jobs\".\"updatedAt\", \"public\".\"jobs\".\"completedAt\" FROM \"public\".\"jobs\" WHERE (\"public\".\"jobs\".\"type\" = CAST($1::text AS \"public\".\"JobType\") AND \"public\".\"jobs\".\"status\" = CAST($2::text AS \"public\".\"JobStatus\") AND \"public\".\"jobs\".\"nextAttemptAt\" <= $3) ORDER BY \"public\".\"jobs\".\"createdAt\" ASC LIMIT $4 OFFSET $5","timestamp":"2026-08-12T09:20:49.971Z"}
{"level":"debug","message":"prisma query (615ms): BEGIN","timestamp":"2026-08-12T09:20:50.582Z"}
{"level":"debug","message":"prisma query (613ms): COMMIT","timestamp":"2026-08-12T09:20:50.583Z"}
{"level":"debug","message":"prisma query (616ms): BEGIN","timestamp":"2026-08-12T09:20:50.584Z"}
{"level":"debug","message":"prisma query (349ms): DEALLOCATE ALL","timestamp":"2026-08-12T09:20:50.931Z"}
{"level":"debug","message":"prisma query (349ms): DEALLOCATE ALL","timestamp":"2026-08-12T09:20:50.932Z"}
{"level":"debug","message":"prisma query (1043ms): SELECT \"public\".\"jobs\".\"id\", \"public\".\"jobs\".\"type\"::text, \"public\".\"jobs\".\"status\"::text, \"public\".\"jobs\".\"payload\", \"public\".\"jobs\".\"result\", \"public\".\"jobs\".\"error\", \"public\".\"jobs\".\"attempts\", \"public\".\"jobs\".\"maxAttempts\", \"public\".\"jobs\".\"nextAttemptAt\", \"public\".\"jobs\".\"createdById\", \"public\".\"jobs\".\"createdAt\", \"public\".\"jobs\".\"updatedAt\", \"public\".\"jobs\".\"completedAt\" FROM \"public\".\"jobs\" WHERE (\"public\".\"jobs\".\"type\" = CAST($1::text AS \"public\".\"JobType\") AND \"public\".\"jobs\".\"status\" = CAST($2::text AS \"public\".\"JobStatus\") AND \"public\".\"jobs\".\"nextAttemptAt\" <= $3) ORDER BY \"public\".\"jobs\".\"createdAt\" ASC LIMIT $4 OFFSET $5","timestamp":"2026-08-12T09:20:51.975Z"}
{"level":"debug","message":"prisma query (1043ms): SELECT \"public\".\"jobs\".\"id\", \"public\".\"jobs\".\"type\"::text, \"public\".\"jobs\".\"status\"::text, \"public\".\"jobs\".\"payload\", \"public\".\"jobs\".\"result\", \"public\".\"jobs\".\"error\", \"public\".\"jobs\".\"attempts\", \"public\".\"jobs\".\"maxAttempts\", \"public\".\"jobs\".\"nextAttemptAt\", \"public\".\"jobs\".\"createdById\", \"public\".\"jobs\".\"createdAt\", \"public\".\"jobs\".\"updatedAt\", \"public\".\"jobs\".\"completedAt\" FROM \"public\".\"jobs\" WHERE (\"public\".\"jobs\".\"type\" = CAST($1::text AS \"public\".\"JobType\") AND \"public\".\"jobs\".\"status\" = CAST($2::text AS \"public\".\"JobStatus\") AND \"public\".\"jobs\".\"nextAttemptAt\" <= $3) ORDER BY \"public\".\"jobs\".\"createdAt\" ASC LIMIT $4 OFFSET $5","timestamp":"2026-08-12T09:20:51.976Z"}
{"level":"debug","message":"prisma query (321ms): SELECT 1","timestamp":"2026-08-12T09:20:52.296Z"}
{"level":"debug","message":"prisma query (321ms): BEGIN","timestamp":"2026-08-12T09:20:52.297Z"}
{"level":"debug","message":"prisma query (320ms): COMMIT","timestamp":"2026-08-12T09:20:52.298Z"}
{"level":"debug","message":"prisma query (320ms): COMMIT","timestamp":"2026-08-12T09:20:52.298Z"}
{"level":"debug","message":"prisma query (473ms): BEGIN","timestamp":"2026-08-12T09:20:52.769Z"}
{"level":"debug","message":"prisma query (473ms): DEALLOCATE ALL","timestamp":"2026-08-12T09:20:52.770Z"}
{"level":"debug","message":"prisma query (331ms): DEALLOCATE ALL","timestamp":"2026-08-12T09:20:53.101Z"}
{"level":"debug","message":"prisma query (740ms): SELECT \"public\".\"jobs\".\"id\", \"public\".\"jobs\".\"type\"::text, \"public\".\"jobs\".\"status\"::text, \"public\".\"jobs\".\"payload\", \"public\".\"jobs\".\"result\", \"public\".\"jobs\".\"error\", \"public\".\"jobs\".\"attempts\", \"public\".\"jobs\".\"maxAttempts\", \"public\".\"jobs\".\"nextAttemptAt\", \"public\".\"jobs\".\"createdById\", \"public\".\"jobs\".\"createdAt\", \"public\".\"jobs\".\"updatedAt\", \"public\".\"jobs\".\"completedAt\" FROM \"public\".\"jobs\" WHERE (\"public\".\"jobs\".\"type\" = CAST($1::text AS \"public\".\"JobType\") AND \"public\".\"jobs\".\"status\" = CAST($2::text AS \"public\".\"JobStatus\") AND \"public\".\"jobs\".\"nextAttemptAt\" <= $3) ORDER BY \"public\".\"jobs\".\"createdAt\" ASC LIMIT $4 OFFSET $5","timestamp":"2026-08-12T09:20:53.510Z"}
{"level":"debug","message":"prisma query (730ms): SELECT \"public\".\"jobs\".\"id\", \"public\".\"jobs\".\"type\"::text, \"public\".\"jobs\".\"status\"::text, \"public\".\"jobs\".\"payload\", \"public\".\"jobs\".\"result\", \"public\".\"jobs\".\"error\", \"public\".\"jobs\".\"attempts\", \"public\".\"jobs\".\"maxAttempts\", \"public\".\"jobs\".\"nextAttemptAt\", \"public\".\"jobs\".\"createdById\", \"public\".\"jobs\".\"createdAt\", \"public\".\"jobs\".\"updatedAt\", \"public\".\"jobs\".\"completedAt\" FROM \"public\".\"jobs\" WHERE (\"public\".\"jobs\".\"type\" = CAST($1::text AS \"public\".\"JobType\") AND \"public\".\"jobs\".\"status\" = CAST($2::text AS \"public\".\"JobStatus\") AND \"public\".\"jobs\".\"nextAttemptAt\" <= $3) ORDER BY \"public\".\"jobs\".\"createdAt\" ASC LIMIT $4 OFFSET $5","timestamp":"2026-08-12T09:20:53.832Z"}
{"level":"debug","message":"prisma query (117ms): COMMIT","timestamp":"2026-08-12T09:20:53.950Z"}
{"level":"debug","message":"prisma query (1111ms): COMMIT","timestamp":"2026-08-12T09:20:54.622Z"}
{"level":"debug","message":"prisma query (639ms): BEGIN","timestamp":"2026-08-12T09:20:54.623Z"}
{"level":"debug","message":"prisma query (640ms): SELECT 1","timestamp":"2026-08-12T09:20:54.623Z"}
{"level":"debug","message":"prisma query (320ms): DEALLOCATE ALL","timestamp":"2026-08-12T09:20:54.943Z"}
{"level":"debug","message":"prisma query (320ms): BEGIN","timestamp":"2026-08-12T09:20:54.946Z"}
{"level":"debug","message":"prisma query (229ms): DEALLOCATE ALL","timestamp":"2026-08-12T09:20:55.173Z"}
{"level":"debug","message":"prisma query (460ms): SELECT \"public\".\"jobs\".\"id\", \"public\".\"jobs\".\"type\"::text, \"public\".\"jobs\".\"status\"::text, \"public\".\"jobs\".\"payload\", \"public\".\"jobs\".\"result\", \"public\".\"jobs\".\"error\", \"public\".\"jobs\".\"attempts\", \"public\".\"jobs\".\"maxAttempts\", \"public\".\"jobs\".\"nextAttemptAt\", \"public\".\"jobs\".\"createdById\", \"public\".\"jobs\".\"createdAt\", \"public\".\"jobs\".\"updatedAt\", \"public\".\"jobs\".\"completedAt\" FROM \"public\".\"jobs\" WHERE (\"public\".\"jobs\".\"type\" = CAST($1::text AS \"public\".\"JobType\") AND \"public\".\"jobs\".\"status\" = CAST($2::text AS \"public\".\"JobStatus\") AND \"public\".\"jobs\".\"nextAttemptAt\" <= $3) ORDER BY \"public\".\"jobs\".\"createdAt\" ASC LIMIT $4 OFFSET $5","timestamp":"2026-08-12T09:20:55.406Z"}
{"level":"debug","message":"prisma query (50ms): SELECT 1","timestamp":"2026-08-12T09:20:56.042Z"}
{"level":"debug","message":"prisma query (55ms): BEGIN","timestamp":"2026-08-12T09:20:56.045Z"}
{"level":"debug","message":"prisma query (700ms): COMMIT","timestamp":"2026-08-12T09:20:56.106Z"}
{"level":"debug","message":"prisma query (65ms): BEGIN","timestamp":"2026-08-12T09:20:56.107Z"}
{"level":"debug","message":"prisma query (62ms): DEALLOCATE ALL","timestamp":"2026-08-12T09:20:56.109Z"}
{"level":"debug","message":"prisma query (64ms): DEALLOCATE ALL","timestamp":"2026-08-12T09:20:56.172Z"}
{"level":"debug","message":"prisma query (1394ms): SELECT \"public\".\"jobs\".\"id\", \"public\".\"jobs\".\"type\"::text, \"public\".\"jobs\".\"status\"::text, \"public\".\"jobs\".\"payload\", \"public\".\"jobs\".\"result\", \"public\".\"jobs\".\"error\", \"public\".\"jobs\".\"attempts\", \"public\".\"jobs\".\"maxAttempts\", \"public\".\"jobs\".\"nextAttemptAt\", \"public\".\"jobs\".\"createdById\", \"public\".\"jobs\".\"createdAt\", \"public\".\"jobs\".\"updatedAt\", \"public\".\"jobs\".\"completedAt\" FROM \"public\".\"jobs\" WHERE (\"public\".\"jobs\".\"type\" = CAST($1::text AS \"public\".\"JobType\") AND \"public\".\"jobs\".\"status\" = CAST($2::text AS \"public\".\"JobStatus\") AND \"public\".\"jobs\".\"nextAttemptAt\" <= $3) ORDER BY \"public\".\"jobs\".\"createdAt\" ASC LIMIT $4 OFFSET $5","timestamp":"2026-08-12T09:20:56.568Z"}
{"level":"debug","message":"prisma query (459ms): SELECT \"public\".\"jobs\".\"id\", \"public\".\"jobs\".\"type\"::text, \"public\".\"jobs\".\"status\"::text, \"public\".\"jobs\".\"payload\", \"public\".\"jobs\".\"result\", \"public\".\"jobs\".\"error\", \"public\".\"jobs\".\"attempts\", \"public\".\"jobs\".\"maxAttempts\", \"public\".\"jobs\".\"nextAttemptAt\", \"public\".\"jobs\".\"createdById\", \"public\".\"jobs\".\"createdAt\", \"public\".\"jobs\".\"updatedAt\", \"public\".\"jobs\".\"completedAt\" FROM \"public\".\"jobs\" WHERE (\"public\".\"jobs\".\"type\" = CAST($1::text AS \"public\".\"JobType\") AND \"public\".\"jobs\".\"status\" = CAST($2::text AS \"public\".\"JobStatus\") AND \"public\".\"jobs\".\"nextAttemptAt\" <= $3) ORDER BY \"public\".\"jobs\".\"createdAt\" ASC LIMIT $4 OFFSET $5","timestamp":"2026-08-12T09:20:56.569Z"}
{"level":"debug","message":"prisma query (80ms): COMMIT","timestamp":"2026-08-12T09:20:56.649Z"}
{"level":"debug","message":"prisma query (476ms): SELECT \"public\".\"jobs\".\"id\", \"public\".\"jobs\".\"type\"::text, \"public\".\"jobs\".\"status\"::text, \"public\".\"jobs\".\"payload\", \"public\".\"jobs\".\"result\", \"public\".\"jobs\".\"error\", \"public\".\"jobs\".\"attempts\", \"public\".\"jobs\".\"maxAttempts\", \"public\".\"jobs\".\"nextAttemptAt\", \"public\".\"jobs\".\"createdById\", \"public\".\"jobs\".\"createdAt\", \"public\".\"jobs\".\"updatedAt\", \"public\".\"jobs\".\"completedAt\" FROM \"public\".\"jobs\" WHERE (\"public\".\"jobs\".\"type\" = CAST($1::text AS \"public\".\"JobType\") AND \"public\".\"jobs\".\"status\" = CAST($2::text AS \"public\".\"JobStatus\") AND \"public\".\"jobs\".\"nextAttemptAt\" <= $3) ORDER BY \"public\".\"jobs\".\"createdAt\" ASC LIMIT $4 OFFSET $5","timestamp":"2026-08-12T09:20:56.651Z"}
{"level":"debug","message":"prisma query (80ms): COMMIT","timestamp":"2026-08-12T09:20:56.651Z"}
{"level":"debug","message":"prisma query (120ms): COMMIT","timestamp":"2026-08-12T09:20:56.769Z"}
{"level":"debug","message":"prisma query (48ms): BEGIN","timestamp":"2026-08-12T09:20:58.040Z"}
{"level":"debug","message":"prisma query (49ms): BEGIN","timestamp":"2026-08-12T09:20:58.041Z"}
{"level":"debug","message":"prisma query (40ms): DEALLOCATE ALL","timestamp":"2026-08-12T09:20:58.081Z"}
{"level":"debug","message":"prisma query (50ms): DEALLOCATE ALL","timestamp":"2026-08-12T09:20:58.091Z"}
{"level":"debug","message":"prisma query (175ms): SELECT \"public\".\"jobs\".\"id\", \"public\".\"jobs\".\"type\"::text, \"public\".\"jobs\".\"status\"::text, \"public\".\"jobs\".\"payload\", \"public\".\"jobs\".\"result\", \"public\".\"jobs\".\"error\", \"public\".\"jobs\".\"attempts\", \"public\".\"jobs\".\"maxAttempts\", \"public\".\"jobs\".\"nextAttemptAt\", \"public\".\"jobs\".\"createdById\", \"public\".\"jobs\".\"createdAt\", \"public\".\"jobs\".\"updatedAt\", \"public\".\"jobs\".\"completedAt\" FROM \"public\".\"jobs\" WHERE (\"public\".\"jobs\".\"type\" = CAST($1::text AS \"public\".\"JobType\") AND \"public\".\"jobs\".\"status\" = CAST($2::text AS \"public\".\"JobStatus\") AND \"public\".\"jobs\".\"nextAttemptAt\" <= $3) ORDER BY \"public\".\"jobs\".\"createdAt\" ASC LIMIT $4 OFFSET $5","timestamp":"2026-08-12T09:20:58.267Z"}
{"level":"debug","message":"prisma query (199ms): SELECT \"public\".\"jobs\".\"id\", \"public\".\"jobs\".\"type\"::text, \"public\".\"jobs\".\"status\"::text, \"public\".\"jobs\".\"payload\", \"public\".\"jobs\".\"result\", \"public\".\"jobs\".\"error\", \"public\".\"jobs\".\"attempts\", \"public\".\"jobs\".\"maxAttempts\", \"public\".\"jobs\".\"nextAttemptAt\", \"public\".\"jobs\".\"createdById\", \"public\".\"jobs\".\"createdAt\", \"public\".\"jobs\".\"updatedAt\", \"public\".\"jobs\".\"completedAt\" FROM \"public\".\"jobs\" WHERE (\"public\".\"jobs\".\"type\" = CAST($1::text AS \"public\".\"JobType\") AND \"public\".\"jobs\".\"status\" = CAST($2::text AS \"public\".\"JobStatus\") AND \"public\".\"jobs\".\"nextAttemptAt\" <= $3) ORDER BY \"public\".\"jobs\".\"createdAt\" ASC LIMIT $4 OFFSET $5","timestamp":"2026-08-12T09:20:58.281Z"}
{"level":"debug","message":"prisma query (49ms): COMMIT","timestamp":"2026-08-12T09:20:58.331Z"}
{"level":"debug","message":"prisma query (64ms): COMMIT","timestamp":"2026-08-12T09:20:58.332Z"}
{"level":"debug","message":"prisma query (422ms): BEGIN","timestamp":"2026-08-12T09:21:00.429Z"}
{"level":"debug","message":"prisma query (422ms): BEGIN","timestamp":"2026-08-12T09:21:00.429Z"}
{"level":"debug","message":"prisma query (360ms): DEALLOCATE ALL","timestamp":"2026-08-12T09:21:00.789Z"}
{"level":"debug","message":"prisma query (361ms): DEALLOCATE ALL","timestamp":"2026-08-12T09:21:00.789Z"}
{"level":"debug","message":"prisma query (187ms): SELECT \"public\".\"jobs\".\"id\", \"public\".\"jobs\".\"type\"::text, \"public\".\"jobs\".\"status\"::text, \"public\".\"jobs\".\"payload\", \"public\".\"jobs\".\"result\", \"public\".\"jobs\".\"error\", \"public\".\"jobs\".\"attempts\", \"public\".\"jobs\".\"maxAttempts\", \"public\".\"jobs\".\"nextAttemptAt\", \"public\".\"jobs\".\"createdById\", \"public\".\"jobs\".\"createdAt\", \"public\".\"jobs\".\"updatedAt\", \"public\".\"jobs\".\"completedAt\" FROM \"public\".\"jobs\" WHERE (\"public\".\"jobs\".\"type\" = CAST($1::text AS \"public\".\"JobType\") AND \"public\".\"jobs\".\"status\" = CAST($2::text AS \"public\".\"JobStatus\") AND \"public\".\"jobs\".\"nextAttemptAt\" <= $3) ORDER BY \"public\".\"jobs\".\"createdAt\" ASC LIMIT $4 OFFSET $5","timestamp":"2026-08-12T09:21:00.977Z"}
{"level":"debug","message":"prisma query (187ms): SELECT \"public\".\"jobs\".\"id\", \"public\".\"jobs\".\"type\"::text, \"public\".\"jobs\".\"status\"::text, \"public\".\"jobs\".\"payload\", \"public\".\"jobs\".\"result\", \"public\".\"jobs\".\"error\", \"public\".\"jobs\".\"attempts\", \"public\".\"jobs\".\"maxAttempts\", \"public\".\"jobs\".\"nextAttemptAt\", \"public\".\"jobs\".\"createdById\", \"public\".\"jobs\".\"createdAt\", \"public\".\"jobs\".\"updatedAt\", \"public\".\"jobs\".\"completedAt\" FROM \"public\".\"jobs\" WHERE (\"public\".\"jobs\".\"type\" = CAST($1::text AS \"public\".\"JobType\") AND \"public\".\"jobs\".\"status\" = CAST($2::text AS \"public\".\"JobStatus\") AND \"public\".\"jobs\".\"nextAttemptAt\" <= $3) ORDER BY \"public\".\"jobs\".\"createdAt\" ASC LIMIT $4 OFFSET $5","timestamp":"2026-08-12T09:21:00.978Z"}
{"level":"debug","message":"prisma query (81ms): COMMIT","timestamp":"2026-08-12T09:21:01.059Z"}
{"level":"debug","message":"prisma query (82ms): COMMIT","timestamp":"2026-08-12T09:21:01.060Z"}
{"level":"debug","message":"prisma query (83ms): BEGIN","timestamp":"2026-08-12T09:21:02.101Z"}
{"level":"debug","message":"prisma query (83ms): BEGIN","timestamp":"2026-08-12T09:21:02.102Z"}
{"level":"debug","message":"prisma query (44ms): DEALLOCATE ALL","timestamp":"2026-08-12T09:21:02.146Z"}
{"level":"debug","message":"prisma query (49ms): DEALLOCATE ALL","timestamp":"2026-08-12T09:21:02.150Z"}
{"level":"debug","message":"prisma query (137ms): SELECT \"public\".\"jobs\".\"id\", \"public\".\"jobs\".\"type\"::text, \"public\".\"jobs\".\"status\"::text, \"public\".\"jobs\".\"payload\", \"public\".\"jobs\".\"result\", \"public\".\"jobs\".\"error\", \"public\".\"jobs\".\"attempts\", \"public\".\"jobs\".\"maxAttempts\", \"public\".\"jobs\".\"nextAttemptAt\", \"public\".\"jobs\".\"createdById\", \"public\".\"jobs\".\"createdAt\", \"public\".\"jobs\".\"updatedAt\", \"public\".\"jobs\".\"completedAt\" FROM \"public\".\"jobs\" WHERE (\"public\".\"jobs\".\"type\" = CAST($1::text AS \"public\".\"JobType\") AND \"public\".\"jobs\".\"status\" = CAST($2::text AS \"public\".\"JobStatus\") AND \"public\".\"jobs\".\"nextAttemptAt\" <= $3) ORDER BY \"public\".\"jobs\".\"createdAt\" ASC LIMIT $4 OFFSET $5","timestamp":"2026-08-12T09:21:02.284Z"}
{"level":"debug","message":"prisma query (140ms): SELECT \"public\".\"jobs\".\"id\", \"public\".\"jobs\".\"type\"::text, \"public\".\"jobs\".\"status\"::text, \"public\".\"jobs\".\"payload\", \"public\".\"jobs\".\"result\", \"public\".\"jobs\".\"error\", \"public\".\"jobs\".\"attempts\", \"public\".\"jobs\".\"maxAttempts\", \"public\".\"jobs\".\"nextAttemptAt\", \"public\".\"jobs\".\"createdById\", \"public\".\"jobs\".\"createdAt\", \"public\".\"jobs\".\"updatedAt\", \"public\".\"jobs\".\"completedAt\" FROM \"public\".\"jobs\" WHERE (\"public\".\"jobs\".\"type\" = CAST($1::text AS \"public\".\"JobType\") AND \"public\".\"jobs\".\"status\" = CAST($2::text AS \"public\".\"JobStatus\") AND \"public\".\"jobs\".\"nextAttemptAt\" <= $3) ORDER BY \"public\".\"jobs\".\"createdAt\" ASC LIMIT $4 OFFSET $5","timestamp":"2026-08-12T09:21:02.291Z"}
{"level":"debug","message":"prisma query (39ms): COMMIT","timestamp":"2026-08-12T09:21:02.323Z"}
{"level":"debug","message":"prisma query (47ms): COMMIT","timestamp":"2026-08-12T09:21:02.338Z"}
{"level":"debug","message":"prisma query (54ms): BEGIN","timestamp":"2026-08-12T09:21:04.080Z"}
{"level":"debug","message":"prisma query (55ms): SELECT 1","timestamp":"2026-08-12T09:21:04.081Z"}
{"level":"debug","message":"prisma query (35ms): DEALLOCATE ALL","timestamp":"2026-08-12T09:21:04.116Z"}
{"level":"debug","message":"prisma query (38ms): BEGIN","timestamp":"2026-08-12T09:21:04.119Z"}
{"level":"debug","message":"prisma query (44ms): DEALLOCATE ALL","timestamp":"2026-08-12T09:21:04.163Z"}
{"level":"debug","message":"prisma query (81ms): SELECT \"public\".\"jobs\".\"id\", \"public\".\"jobs\".\"type\"::text, \"public\".\"jobs\".\"status\"::text, \"public\".\"jobs\".\"payload\", \"public\".\"jobs\".\"result\", \"public\".\"jobs\".\"error\", \"public\".\"jobs\".\"attempts\", \"public\".\"jobs\".\"maxAttempts\", \"public\".\"jobs\".\"nextAttemptAt\", \"public\".\"jobs\".\"createdById\", \"public\".\"jobs\".\"createdAt\", \"public\".\"jobs\".\"updatedAt\", \"public\".\"jobs\".\"completedAt\" FROM \"public\".\"jobs\" WHERE (\"public\".\"jobs\".\"type\" = CAST($1::text AS \"public\".\"JobType\") AND \"public\".\"jobs\".\"status\" = CAST($2::text AS \"public\".\"JobStatus\") AND \"public\".\"jobs\".\"nextAttemptAt\" <= $3) ORDER BY \"public\".\"jobs\".\"createdAt\" ASC LIMIT $4 OFFSET $5","timestamp":"2026-08-12T09:21:04.197Z"}
{"level":"debug","message":"prisma query (47ms): COMMIT","timestamp":"2026-08-12T09:21:04.246Z"}
{"level":"debug","message":"prisma query (125ms): SELECT \"public\".\"jobs\".\"id\", \"public\".\"jobs\".\"type\"::text, \"public\".\"jobs\".\"status\"::text, \"public\".\"jobs\".\"payload\", \"public\".\"jobs\".\"result\", \"public\".\"jobs\".\"error\", \"public\".\"jobs\".\"attempts\", \"public\".\"jobs\".\"maxAttempts\", \"public\".\"jobs\".\"nextAttemptAt\", \"public\".\"jobs\".\"createdById\", \"public\".\"jobs\".\"createdAt\", \"public\".\"jobs\".\"updatedAt\", \"public\".\"jobs\".\"completedAt\" FROM \"public\".\"jobs\" WHERE (\"public\".\"jobs\".\"type\" = CAST($1::text AS \"public\".\"JobType\") AND \"public\".\"jobs\".\"status\" = CAST($2::text AS \"public\".\"JobStatus\") AND \"public\".\"jobs\".\"nextAttemptAt\" <= $3) ORDER BY \"public\".\"jobs\".\"createdAt\" ASC LIMIT $4 OFFSET $5","timestamp":"2026-08-12T09:21:04.289Z"}
{"level":"debug","message":"prisma query (71ms): COMMIT","timestamp":"2026-08-12T09:21:04.361Z"}
{"level":"debug","message":"prisma query (54ms): BEGIN","timestamp":"2026-08-12T09:21:06.081Z"}
{"level":"debug","message":"prisma query (54ms): BEGIN","timestamp":"2026-08-12T09:21:06.082Z"}
{"level":"debug","message":"prisma query (93ms): DEALLOCATE ALL","timestamp":"2026-08-12T09:21:06.174Z"}
{"level":"debug","message":"prisma query (93ms): DEALLOCATE ALL","timestamp":"2026-08-12T09:21:06.175Z"}
{"level":"debug","message":"prisma query (153ms): SELECT \"public\".\"jobs\".\"id\", \"public\".\"jobs\".\"type\"::text, \"public\".\"jobs\".\"status\"::text, \"public\".\"jobs\".\"payload\", \"public\".\"jobs\".\"result\", \"public\".\"jobs\".\"error\", \"public\".\"jobs\".\"attempts\", \"public\".\"jobs\".\"maxAttempts\", \"public\".\"jobs\".\"nextAttemptAt\", \"public\".\"jobs\".\"createdById\", \"public\".\"jobs\".\"createdAt\", \"public\".\"jobs\".\"updatedAt\", \"public\".\"jobs\".\"completedAt\" FROM \"public\".\"jobs\" WHERE (\"public\".\"jobs\".\"type\" = CAST($1::text AS \"public\".\"JobType\") AND \"public\".\"jobs\".\"status\" = CAST($2::text AS \"public\".\"JobStatus\") AND \"public\".\"jobs\".\"nextAttemptAt\" <= $3) ORDER BY \"public\".\"jobs\".\"createdAt\" ASC LIMIT $4 OFFSET $5","timestamp":"2026-08-12T09:21:06.329Z"}
{"level":"debug","message":"prisma query (153ms): SELECT \"public\".\"jobs\".\"id\", \"public\".\"jobs\".\"type\"::text, \"public\".\"jobs\".\"status\"::text, \"public\".\"jobs\".\"payload\", \"public\".\"jobs\".\"result\", \"public\".\"jobs\".\"error\", \"public\".\"jobs\".\"attempts\", \"public\".\"jobs\".\"maxAttempts\", \"public\".\"jobs\".\"nextAttemptAt\", \"public\".\"jobs\".\"createdById\", \"public\".\"jobs\".\"createdAt\", \"public\".\"jobs\".\"updatedAt\", \"public\".\"jobs\".\"completedAt\" FROM \"public\".\"jobs\" WHERE (\"public\".\"jobs\".\"type\" = CAST($1::text AS \"public\".\"JobType\") AND \"public\".\"jobs\".\"status\" = CAST($2::text AS \"public\".\"JobStatus\") AND \"public\".\"jobs\".\"nextAttemptAt\" <= $3) ORDER BY \"public\".\"jobs\".\"createdAt\" ASC LIMIT $4 OFFSET $5","timestamp":"2026-08-12T09:21:06.330Z"}
{"level":"debug","message":"prisma query (72ms): COMMIT","timestamp":"2026-08-12T09:21:06.402Z"}
{"level":"debug","message":"prisma query (75ms): COMMIT","timestamp":"2026-08-12T09:21:06.404Z"}
{"level":"debug","message":"prisma query (314ms): BEGIN","timestamp":"2026-08-12T09:21:08.349Z"}
{"level":"debug","message":"prisma query (314ms): BEGIN","timestamp":"2026-08-12T09:21:08.350Z"}
{"level":"debug","message":"prisma query (312ms): DEALLOCATE ALL","timestamp":"2026-08-12T09:21:08.662Z"}
{"level":"debug","message":"prisma query (312ms): DEALLOCATE ALL","timestamp":"2026-08-12T09:21:08.662Z"}
{"level":"debug","message":"prisma query (225ms): SELECT \"public\".\"jobs\".\"id\", \"public\".\"jobs\".\"type\"::text, \"public\".\"jobs\".\"status\"::text, \"public\".\"jobs\".\"payload\", \"public\".\"jobs\".\"result\", \"public\".\"jobs\".\"error\", \"public\".\"jobs\".\"attempts\", \"public\".\"jobs\".\"maxAttempts\", \"public\".\"jobs\".\"nextAttemptAt\", \"public\".\"jobs\".\"createdById\", \"public\".\"jobs\".\"createdAt\", \"public\".\"jobs\".\"updatedAt\", \"public\".\"jobs\".\"completedAt\" FROM \"public\".\"jobs\" WHERE (\"public\".\"jobs\".\"type\" = CAST($1::text AS \"public\".\"JobType\") AND \"public\".\"jobs\".\"status\" = CAST($2::text AS \"public\".\"JobStatus\") AND \"public\".\"jobs\".\"nextAttemptAt\" <= $3) ORDER BY \"public\".\"jobs\".\"createdAt\" ASC LIMIT $4 OFFSET $5","timestamp":"2026-08-12T09:21:08.887Z"}
{"level":"debug","message":"prisma query (228ms): SELECT \"public\".\"jobs\".\"id\", \"public\".\"jobs\".\"type\"::text, \"public\".\"jobs\".\"status\"::text, \"public\".\"jobs\".\"payload\", \"public\".\"jobs\".\"result\", \"public\".\"jobs\".\"error\", \"public\".\"jobs\".\"attempts\", \"public\".\"jobs\".\"maxAttempts\", \"public\".\"jobs\".\"nextAttemptAt\", \"public\".\"jobs\".\"createdById\", \"public\".\"jobs\".\"createdAt\", \"public\".\"jobs\".\"updatedAt\", \"public\".\"jobs\".\"completedAt\" FROM \"public\".\"jobs\" WHERE (\"public\".\"jobs\".\"type\" = CAST($1::text AS \"public\".\"JobType\") AND \"public\".\"jobs\".\"status\" = CAST($2::text AS \"public\".\"JobStatus\") AND \"public\".\"jobs\".\"nextAttemptAt\" <= $3) ORDER BY \"public\".\"jobs\".\"createdAt\" ASC LIMIT $4 OFFSET $5","timestamp":"2026-08-12T09:21:08.891Z"}
{"level":"debug","message":"prisma query (75ms): COMMIT","timestamp":"2026-08-12T09:21:08.963Z"}
{"level":"debug","message":"prisma query (72ms): COMMIT","timestamp":"2026-08-12T09:21:08.964Z"}
{"level":"debug","message":"prisma query (363ms): BEGIN","timestamp":"2026-08-12T09:21:10.412Z"}
{"level":"debug","message":"prisma query (363ms): BEGIN","timestamp":"2026-08-12T09:21:10.412Z"}
{"level":"debug","message":"prisma query (36ms): DEALLOCATE ALL","timestamp":"2026-08-12T09:21:10.448Z"}
{"level":"debug","message":"prisma query (41ms): DEALLOCATE ALL","timestamp":"2026-08-12T09:21:10.453Z"}
{"level":"debug","message":"prisma query (117ms): SELECT \"public\".\"jobs\".\"id\", \"public\".\"jobs\".\"type\"::text, \"public\".\"jobs\".\"status\"::text, \"public\".\"jobs\".\"payload\", \"public\".\"jobs\".\"result\", \"public\".\"jobs\".\"error\", \"public\".\"jobs\".\"attempts\", \"public\".\"jobs\".\"maxAttempts\", \"public\".\"jobs\".\"nextAttemptAt\", \"public\".\"jobs\".\"createdById\", \"public\".\"jobs\".\"createdAt\", \"public\".\"jobs\".\"updatedAt\", \"public\".\"jobs\".\"completedAt\" FROM \"public\".\"jobs\" WHERE (\"public\".\"jobs\".\"type\" = CAST($1::text AS \"public\".\"JobType\") AND \"public\".\"jobs\".\"status\" = CAST($2::text AS \"public\".\"JobStatus\") AND \"public\".\"jobs\".\"nextAttemptAt\" <= $3) ORDER BY \"public\".\"jobs\".\"createdAt\" ASC LIMIT $4 OFFSET $5","timestamp":"2026-08-12T09:21:10.566Z"}
{"level":"debug","message":"prisma query (116ms): SELECT \"public\".\"jobs\".\"id\", \"public\".\"jobs\".\"type\"::text, \"public\".\"jobs\".\"status\"::text, \"public\".\"jobs\".\"payload\", \"public\".\"jobs\".\"result\", \"public\".\"jobs\".\"error\", \"public\".\"jobs\".\"attempts\", \"public\".\"jobs\".\"maxAttempts\", \"public\".\"jobs\".\"nextAttemptAt\", \"public\".\"jobs\".\"createdById\", \"public\".\"jobs\".\"createdAt\", \"public\".\"jobs\".\"updatedAt\", \"public\".\"jobs\".\"completedAt\" FROM \"public\".\"jobs\" WHERE (\"public\".\"jobs\".\"type\" = CAST($1::text AS \"public\".\"JobType\") AND \"public\".\"jobs\".\"status\" = CAST($2::text AS \"public\".\"JobStatus\") AND \"public\".\"jobs\".\"nextAttemptAt\" <= $3) ORDER BY \"public\".\"jobs\".\"createdAt\" ASC LIMIT $4 OFFSET $5","timestamp":"2026-08-12T09:21:10.570Z"}
{"level":"debug","message":"prisma query (92ms): COMMIT","timestamp":"2026-08-12T09:21:10.659Z"}
{"level":"debug","message":"prisma query (88ms): COMMIT","timestamp":"2026-08-12T09:21:10.660Z"}
{"level":"debug","message":"prisma query (57ms): SELECT 1","timestamp":"2026-08-12T09:21:12.121Z"}
{"level":"debug","message":"prisma query (66ms): BEGIN","timestamp":"2026-08-12T09:21:12.131Z"}
{"level":"debug","message":"prisma query (39ms): BEGIN","timestamp":"2026-08-12T09:21:12.162Z"}
{"level":"debug","message":"prisma query (74ms): DEALLOCATE ALL","timestamp":"2026-08-12T09:21:12.205Z"}
{"level":"debug","message":"prisma query (43ms): DEALLOCATE ALL","timestamp":"2026-08-12T09:21:12.205Z"}
{"level":"debug","message":"prisma query (155ms): SELECT \"public\".\"jobs\".\"id\", \"public\".\"jobs\".\"type\"::text, \"public\".\"jobs\".\"status\"::text, \"public\".\"jobs\".\"payload\", \"public\".\"jobs\".\"result\", \"public\".\"jobs\".\"error\", \"public\".\"jobs\".\"attempts\", \"public\".\"jobs\".\"maxAttempts\", \"public\".\"jobs\".\"nextAttemptAt\", \"public\".\"jobs\".\"createdById\", \"public\".\"jobs\".\"createdAt\", \"public\".\"jobs\".\"updatedAt\", \"public\".\"jobs\".\"completedAt\" FROM \"public\".\"jobs\" WHERE (\"public\".\"jobs\".\"type\" = CAST($1::text AS \"public\".\"JobType\") AND \"public\".\"jobs\".\"status\" = CAST($2::text AS \"public\".\"JobStatus\") AND \"public\".\"jobs\".\"nextAttemptAt\" <= $3) ORDER BY \"public\".\"jobs\".\"createdAt\" ASC LIMIT $4 OFFSET $5","timestamp":"2026-08-12T09:21:12.361Z"}
{"level":"debug","message":"prisma query (158ms): SELECT \"public\".\"jobs\".\"id\", \"public\".\"jobs\".\"type\"::text, \"public\".\"jobs\".\"status\"::text, \"public\".\"jobs\".\"payload\", \"public\".\"jobs\".\"result\", \"public\".\"jobs\".\"error\", \"public\".\"jobs\".\"attempts\", \"public\".\"jobs\".\"maxAttempts\", \"public\".\"jobs\".\"nextAttemptAt\", \"public\".\"jobs\".\"createdById\", \"public\".\"jobs\".\"createdAt\", \"public\".\"jobs\".\"updatedAt\", \"public\".\"jobs\".\"completedAt\" FROM \"public\".\"jobs\" WHERE (\"public\".\"jobs\".\"type\" = CAST($1::text AS \"public\".\"JobType\") AND \"public\".\"jobs\".\"status\" = CAST($2::text AS \"public\".\"JobStatus\") AND \"public\".\"jobs\".\"nextAttemptAt\" <= $3) ORDER BY \"public\".\"jobs\".\"createdAt\" ASC LIMIT $4 OFFSET $5","timestamp":"2026-08-12T09:21:12.364Z"}
{"level":"debug","message":"prisma query (39ms): COMMIT","timestamp":"2026-08-12T09:21:12.401Z"}
{"level":"debug","message":"prisma query (46ms): COMMIT","timestamp":"2026-08-12T09:21:12.411Z"}
{"level":"debug","message":"prisma query (244ms): BEGIN","timestamp":"2026-08-12T09:21:14.311Z"}
{"level":"debug","message":"prisma query (245ms): BEGIN","timestamp":"2026-08-12T09:21:14.312Z"}
{"level":"debug","message":"prisma query (332ms): DEALLOCATE ALL","timestamp":"2026-08-12T09:21:14.645Z"}
{"level":"debug","message":"prisma query (332ms): DEALLOCATE ALL","timestamp":"2026-08-12T09:21:14.648Z"}
{"level":"debug","message":"prisma query (291ms): SELECT \"public\".\"jobs\".\"id\", \"public\".\"jobs\".\"type\"::text, \"public\".\"jobs\".\"status\"::text, \"public\".\"jobs\".\"payload\", \"public\".\"jobs\".\"result\", \"public\".\"jobs\".\"error\", \"public\".\"jobs\".\"attempts\", \"public\".\"jobs\".\"maxAttempts\", \"public\".\"jobs\".\"nextAttemptAt\", \"public\".\"jobs\".\"createdById\", \"public\".\"jobs\".\"createdAt\", \"public\".\"jobs\".\"updatedAt\", \"public\".\"jobs\".\"completedAt\" FROM \"public\".\"jobs\" WHERE (\"public\".\"jobs\".\"type\" = CAST($1::text AS \"public\".\"JobType\") AND \"public\".\"jobs\".\"status\" = CAST($2::text AS \"public\".\"JobStatus\") AND \"public\".\"jobs\".\"nextAttemptAt\" <= $3) ORDER BY \"public\".\"jobs\".\"createdAt\" ASC LIMIT $4 OFFSET $5","timestamp":"2026-08-12T09:21:14.935Z"}
{"level":"debug","message":"prisma query (290ms): SELECT \"public\".\"jobs\".\"id\", \"public\".\"jobs\".\"type\"::text, \"public\".\"jobs\".\"status\"::text, \"public\".\"jobs\".\"payload\", \"public\".\"jobs\".\"result\", \"public\".\"jobs\".\"error\", \"public\".\"jobs\".\"attempts\", \"public\".\"jobs\".\"maxAttempts\", \"public\".\"jobs\".\"nextAttemptAt\", \"public\".\"jobs\".\"createdById\", \"public\".\"jobs\".\"createdAt\", \"public\".\"jobs\".\"updatedAt\", \"public\".\"jobs\".\"completedAt\" FROM \"public\".\"jobs\" WHERE (\"public\".\"jobs\".\"type\" = CAST($1::text AS \"public\".\"JobType\") AND \"public\".\"jobs\".\"status\" = CAST($2::text AS \"public\".\"JobStatus\") AND \"public\".\"jobs\".\"nextAttemptAt\" <= $3) ORDER BY \"public\".\"jobs\".\"createdAt\" ASC LIMIT $4 OFFSET $5","timestamp":"2026-08-12T09:21:14.936Z"}
{"level":"debug","message":"prisma query (299ms): COMMIT","timestamp":"2026-08-12T09:21:15.235Z"}
{"level":"debug","message":"prisma query (299ms): COMMIT","timestamp":"2026-08-12T09:21:15.236Z"}
{"level":"debug","message":"prisma query (392ms): BEGIN","timestamp":"2026-08-12T09:21:16.468Z"}
{"level":"debug","message":"prisma query (393ms): BEGIN","timestamp":"2026-08-12T09:21:16.468Z"}
{"level":"debug","message":"prisma query (402ms): DEALLOCATE ALL","timestamp":"2026-08-12T09:21:16.871Z"}
{"level":"debug","message":"prisma query (403ms): DEALLOCATE ALL","timestamp":"2026-08-12T09:21:16.872Z"}
{"level":"debug","message":"prisma query (101ms): SELECT \"public\".\"jobs\".\"id\", \"public\".\"jobs\".\"type\"::text, \"public\".\"jobs\".\"status\"::text, \"public\".\"jobs\".\"payload\", \"public\".\"jobs\".\"result\", \"public\".\"jobs\".\"error\", \"public\".\"jobs\".\"attempts\", \"public\".\"jobs\".\"maxAttempts\", \"public\".\"jobs\".\"nextAttemptAt\", \"public\".\"jobs\".\"createdById\", \"public\".\"jobs\".\"createdAt\", \"public\".\"jobs\".\"updatedAt\", \"public\".\"jobs\".\"completedAt\" FROM \"public\".\"jobs\" WHERE (\"public\".\"jobs\".\"type\" = CAST($1::text AS \"public\".\"JobType\") AND \"public\".\"jobs\".\"status\" = CAST($2::text AS \"public\".\"JobStatus\") AND \"public\".\"jobs\".\"nextAttemptAt\" <= $3) ORDER BY \"public\".\"jobs\".\"createdAt\" ASC LIMIT $4 OFFSET $5","timestamp":"2026-08-12T09:21:16.972Z"}
{"level":"debug","message":"prisma query (100ms): SELECT \"public\".\"jobs\".\"id\", \"public\".\"jobs\".\"type\"::text, \"public\".\"jobs\".\"status\"::text, \"public\".\"jobs\".\"payload\", \"public\".\"jobs\".\"result\", \"public\".\"jobs\".\"error\", \"public\".\"jobs\".\"attempts\", \"public\".\"jobs\".\"maxAttempts\", \"public\".\"jobs\".\"nextAttemptAt\", \"public\".\"jobs\".\"createdById\", \"public\".\"jobs\".\"createdAt\", \"public\".\"jobs\".\"updatedAt\", \"public\".\"jobs\".\"completedAt\" FROM \"public\".\"jobs\" WHERE (\"public\".\"jobs\".\"type\" = CAST($1::text AS \"public\".\"JobType\") AND \"public\".\"jobs\".\"status\" = CAST($2::text AS \"public\".\"JobStatus\") AND \"public\".\"jobs\".\"nextAttemptAt\" <= $3) ORDER BY \"public\".\"jobs\".\"createdAt\" ASC LIMIT $4 OFFSET $5","timestamp":"2026-08-12T09:21:16.973Z"}
{"level":"debug","message":"prisma query (71ms): COMMIT","timestamp":"2026-08-12T09:21:17.044Z"}
{"level":"debug","message":"prisma query (71ms): COMMIT","timestamp":"2026-08-12T09:21:17.045Z"}
{"level":"debug","message":"prisma query (74ms): BEGIN","timestamp":"2026-08-12T09:21:18.161Z"}
{"level":"debug","message":"prisma query (89ms): BEGIN","timestamp":"2026-08-12T09:21:18.176Z"}
{"level":"debug","message":"prisma query (80ms): DEALLOCATE ALL","timestamp":"2026-08-12T09:21:18.242Z"}
{"level":"debug","message":"prisma query (65ms): DEALLOCATE ALL","timestamp":"2026-08-12T09:21:18.242Z"}
{"level":"debug","message":"prisma query (165ms): SELECT \"public\".\"jobs\".\"id\", \"public\".\"jobs\".\"type\"::text, \"public\".\"jobs\".\"status\"::text, \"public\".\"jobs\".\"payload\", \"public\".\"jobs\".\"result\", \"public\".\"jobs\".\"error\", \"public\".\"jobs\".\"attempts\", \"public\".\"jobs\".\"maxAttempts\", \"public\".\"jobs\".\"nextAttemptAt\", \"public\".\"jobs\".\"createdById\", \"public\".\"jobs\".\"createdAt\", \"public\".\"jobs\".\"updatedAt\", \"public\".\"jobs\".\"completedAt\" FROM \"public\".\"jobs\" WHERE (\"public\".\"jobs\".\"type\" = CAST($1::text AS \"public\".\"JobType\") AND \"public\".\"jobs\".\"status\" = CAST($2::text AS \"public\".\"JobStatus\") AND \"public\".\"jobs\".\"nextAttemptAt\" <= $3) ORDER BY \"public\".\"jobs\".\"createdAt\" ASC LIMIT $4 OFFSET $5","timestamp":"2026-08-12T09:21:18.408Z"}
{"level":"debug","message":"prisma query (165ms): SELECT \"public\".\"jobs\".\"id\", \"public\".\"jobs\".\"type\"::text, \"public\".\"jobs\".\"status\"::text, \"public\".\"jobs\".\"payload\", \"public\".\"jobs\".\"result\", \"public\".\"jobs\".\"error\", \"public\".\"jobs\".\"attempts\", \"public\".\"jobs\".\"maxAttempts\", \"public\".\"jobs\".\"nextAttemptAt\", \"public\".\"jobs\".\"createdById\", \"public\".\"jobs\".\"createdAt\", \"public\".\"jobs\".\"updatedAt\", \"public\".\"jobs\".\"completedAt\" FROM \"public\".\"jobs\" WHERE (\"public\".\"jobs\".\"type\" = CAST($1::text AS \"public\".\"JobType\") AND \"public\".\"jobs\".\"status\" = CAST($2::text AS \"public\".\"JobStatus\") AND \"public\".\"jobs\".\"nextAttemptAt\" <= $3) ORDER BY \"public\".\"jobs\".\"createdAt\" ASC LIMIT $4 OFFSET $5","timestamp":"2026-08-12T09:21:18.408Z"}
{"level":"debug","message":"prisma query (77ms): COMMIT","timestamp":"2026-08-12T09:21:18.486Z"}
{"level":"debug","message":"prisma query (79ms): COMMIT","timestamp":"2026-08-12T09:21:18.487Z"}
{"level":"debug","message":"prisma query (281ms): BEGIN","timestamp":"2026-08-12T09:21:20.380Z"}
{"level":"debug","message":"prisma query (282ms): SELECT 1","timestamp":"2026-08-12T09:21:20.382Z"}
{"level":"debug","message":"prisma query (232ms): DEALLOCATE ALL","timestamp":"2026-08-12T09:21:20.613Z"}
{"level":"debug","message":"prisma query (235ms): BEGIN","timestamp":"2026-08-12T09:21:20.619Z"}
{"level":"debug","message":"prisma query (262ms): DEALLOCATE ALL","timestamp":"2026-08-12T09:21:20.880Z"}
{"level":"debug","message":"prisma query (312ms): SELECT \"public\".\"jobs\".\"id\", \"public\".\"jobs\".\"type\"::text, \"public\".\"jobs\".\"status\"::text, \"public\".\"jobs\".\"payload\", \"public\".\"jobs\".\"result\", \"public\".\"jobs\".\"error\", \"public\".\"jobs\".\"attempts\", \"public\".\"jobs\".\"maxAttempts\", \"public\".\"jobs\".\"nextAttemptAt\", \"public\".\"jobs\".\"createdById\", \"public\".\"jobs\".\"createdAt\", \"public\".\"jobs\".\"updatedAt\", \"public\".\"jobs\".\"completedAt\" FROM \"public\".\"jobs\" WHERE (\"public\".\"jobs\".\"type\" = CAST($1::text AS \"public\".\"JobType\") AND \"public\".\"jobs\".\"status\" = CAST($2::text AS \"public\".\"JobStatus\") AND \"public\".\"jobs\".\"nextAttemptAt\" <= $3) ORDER BY \"public\".\"jobs\".\"createdAt\" ASC LIMIT $4 OFFSET $5","timestamp":"2026-08-12T09:21:20.926Z"}
{"level":"debug","message":"prisma query (64ms): COMMIT","timestamp":"2026-08-12T09:21:20.990Z"}
{"level":"debug","message":"prisma query (110ms): SELECT \"public\".\"jobs\".\"id\", \"public\".\"jobs\".\"type\"::text, \"public\".\"jobs\".\"status\"::text, \"public\".\"jobs\".\"payload\", \"public\".\"jobs\".\"result\", \"public\".\"jobs\".\"error\", \"public\".\"jobs\".\"attempts\", \"public\".\"jobs\".\"maxAttempts\", \"public\".\"jobs\".\"nextAttemptAt\", \"public\".\"jobs\".\"createdById\", \"public\".\"jobs\".\"createdAt\", \"public\".\"jobs\".\"updatedAt\", \"public\".\"jobs\".\"completedAt\" FROM \"public\".\"jobs\" WHERE (\"public\".\"jobs\".\"type\" = CAST($1::text AS \"public\".\"JobType\") AND \"public\".\"jobs\".\"status\" = CAST($2::text AS \"public\".\"JobStatus\") AND \"public\".\"jobs\".\"nextAttemptAt\" <= $3) ORDER BY \"public\".\"jobs\".\"createdAt\" ASC LIMIT $4 OFFSET $5","timestamp":"2026-08-12T09:21:20.991Z"}
{"level":"debug","message":"prisma query (70ms): COMMIT","timestamp":"2026-08-12T09:21:21.061Z"}
{"level":"debug","message":"prisma query (63ms): BEGIN","timestamp":"2026-08-12T09:21:22.170Z"}
{"level":"debug","message":"prisma query (63ms): BEGIN","timestamp":"2026-08-12T09:21:22.171Z"}
{"level":"debug","message":"prisma query (58ms): DEALLOCATE ALL","timestamp":"2026-08-12T09:21:22.231Z"}
{"level":"debug","message":"prisma query (58ms): DEALLOCATE ALL","timestamp":"2026-08-12T09:21:22.232Z"}
{"level":"debug","message":"prisma query (131ms): SELECT \"public\".\"jobs\".\"id\", \"public\".\"jobs\".\"type\"::text, \"public\".\"jobs\".\"status\"::text, \"public\".\"jobs\".\"payload\", \"public\".\"jobs\".\"result\", \"public\".\"jobs\".\"error\", \"public\".\"jobs\".\"attempts\", \"public\".\"jobs\".\"maxAttempts\", \"public\".\"jobs\".\"nextAttemptAt\", \"public\".\"jobs\".\"createdById\", \"public\".\"jobs\".\"createdAt\", \"public\".\"jobs\".\"updatedAt\", \"public\".\"jobs\".\"completedAt\" FROM \"public\".\"jobs\" WHERE (\"public\".\"jobs\".\"type\" = CAST($1::text AS \"public\".\"JobType\") AND \"public\".\"jobs\".\"status\" = CAST($2::text AS \"public\".\"JobStatus\") AND \"public\".\"jobs\".\"nextAttemptAt\" <= $3) ORDER BY \"public\".\"jobs\".\"createdAt\" ASC LIMIT $4 OFFSET $5","timestamp":"2026-08-12T09:21:22.362Z"}
{"level":"debug","message":"prisma query (156ms): SELECT \"public\".\"jobs\".\"id\", \"public\".\"jobs\".\"type\"::text, \"public\".\"jobs\".\"status\"::text, \"public\".\"jobs\".\"payload\", \"public\".\"jobs\".\"result\", \"public\".\"jobs\".\"error\", \"public\".\"jobs\".\"attempts\", \"public\".\"jobs\".\"maxAttempts\", \"public\".\"jobs\".\"nextAttemptAt\", \"public\".\"jobs\".\"createdById\", \"public\".\"jobs\".\"createdAt\", \"public\".\"jobs\".\"updatedAt\", \"public\".\"jobs\".\"completedAt\" FROM \"public\".\"jobs\" WHERE (\"public\".\"jobs\".\"type\" = CAST($1::text AS \"public\".\"JobType\") AND \"public\".\"jobs\".\"status\" = CAST($2::text AS \"public\".\"JobStatus\") AND \"public\".\"jobs\".\"nextAttemptAt\" <= $3) ORDER BY \"public\".\"jobs\".\"createdAt\" ASC LIMIT $4 OFFSET $5","timestamp":"2026-08-12T09:21:22.388Z"}
{"level":"debug","message":"prisma query (99ms): COMMIT","timestamp":"2026-08-12T09:21:22.467Z"}
{"level":"debug","message":"prisma query (104ms): COMMIT","timestamp":"2026-08-12T09:21:22.502Z"}
{"level":"debug","message":"prisma query (69ms): BEGIN","timestamp":"2026-08-12T09:21:24.187Z"}
{"level":"debug","message":"prisma query (71ms): BEGIN","timestamp":"2026-08-12T09:21:24.188Z"}
{"level":"debug","message":"prisma query (62ms): DEALLOCATE ALL","timestamp":"2026-08-12T09:21:24.283Z"}
{"level":"debug","message":"prisma query (63ms): DEALLOCATE ALL","timestamp":"2026-08-12T09:21:24.285Z"}
{"level":"debug","message":"prisma query (114ms): SELECT \"public\".\"jobs\".\"id\", \"public\".\"jobs\".\"type\"::text, \"public\".\"jobs\".\"status\"::text, \"public\".\"jobs\".\"payload\", \"public\".\"jobs\".\"result\", \"public\".\"jobs\".\"error\", \"public\".\"jobs\".\"attempts\", \"public\".\"jobs\".\"maxAttempts\", \"public\".\"jobs\".\"nextAttemptAt\", \"public\".\"jobs\".\"createdById\", \"public\".\"jobs\".\"createdAt\", \"public\".\"jobs\".\"updatedAt\", \"public\".\"jobs\".\"completedAt\" FROM \"public\".\"jobs\" WHERE (\"public\".\"jobs\".\"type\" = CAST($1::text AS \"public\".\"JobType\") AND \"public\".\"jobs\".\"status\" = CAST($2::text AS \"public\".\"JobStatus\") AND \"public\".\"jobs\".\"nextAttemptAt\" <= $3) ORDER BY \"public\".\"jobs\".\"createdAt\" ASC LIMIT $4 OFFSET $5","timestamp":"2026-08-12T09:21:24.366Z"}
{"level":"debug","message":"prisma query (113ms): SELECT \"public\".\"jobs\".\"id\", \"public\".\"jobs\".\"type\"::text, \"public\".\"jobs\".\"status\"::text, \"public\".\"jobs\".\"payload\", \"public\".\"jobs\".\"result\", \"public\".\"jobs\".\"error\", \"public\".\"jobs\".\"attempts\", \"public\".\"jobs\".\"maxAttempts\", \"public\".\"jobs\".\"nextAttemptAt\", \"public\".\"jobs\".\"createdById\", \"public\".\"jobs\".\"createdAt\", \"public\".\"jobs\".\"updatedAt\", \"public\".\"jobs\".\"completedAt\" FROM \"public\".\"jobs\" WHERE (\"public\".\"jobs\".\"type\" = CAST($1::text AS \"public\".\"JobType\") AND \"public\".\"jobs\".\"status\" = CAST($2::text AS \"public\".\"JobStatus\") AND \"public\".\"jobs\".\"nextAttemptAt\" <= $3) ORDER BY \"public\".\"jobs\".\"createdAt\" ASC LIMIT $4 OFFSET $5","timestamp":"2026-08-12T09:21:24.367Z"}
{"level":"debug","message":"prisma query (79ms): COMMIT","timestamp":"2026-08-12T09:21:24.446Z"}
{"level":"debug","message":"prisma query (80ms): COMMIT","timestamp":"2026-08-12T09:21:24.446Z"}
{"level":"debug","message":"prisma query (39ms): BEGIN","timestamp":"2026-08-12T09:21:26.163Z"}
{"level":"debug","message":"prisma query (48ms): BEGIN","timestamp":"2026-08-12T09:21:26.171Z"}
{"level":"debug","message":"prisma query (58ms): DEALLOCATE ALL","timestamp":"2026-08-12T09:21:26.222Z"}
{"level":"debug","message":"prisma query (83ms): DEALLOCATE ALL","timestamp":"2026-08-12T09:21:26.254Z"}
{"level":"debug","message":"prisma query (107ms): SELECT \"public\".\"jobs\".\"id\", \"public\".\"jobs\".\"type\"::text, \"public\".\"jobs\".\"status\"::text, \"public\".\"jobs\".\"payload\", \"public\".\"jobs\".\"result\", \"public\".\"jobs\".\"error\", \"public\".\"jobs\".\"attempts\", \"public\".\"jobs\".\"maxAttempts\", \"public\".\"jobs\".\"nextAttemptAt\", \"public\".\"jobs\".\"createdById\", \"public\".\"jobs\".\"createdAt\", \"public\".\"jobs\".\"updatedAt\", \"public\".\"jobs\".\"completedAt\" FROM \"public\".\"jobs\" WHERE (\"public\".\"jobs\".\"type\" = CAST($1::text AS \"public\".\"JobType\") AND \"public\".\"jobs\".\"status\" = CAST($2::text AS \"public\".\"JobStatus\") AND \"public\".\"jobs\".\"nextAttemptAt\" <= $3) ORDER BY \"public\".\"jobs\".\"createdAt\" ASC LIMIT $4 OFFSET $5","timestamp":"2026-08-12T09:21:26.330Z"}
{"level":"debug","message":"prisma query (107ms): SELECT \"public\".\"jobs\".\"id\", \"public\".\"jobs\".\"type\"::text, \"public\".\"jobs\".\"status\"::text, \"public\".\"jobs\".\"payload\", \"public\".\"jobs\".\"result\", \"public\".\"jobs\".\"error\", \"public\".\"jobs\".\"attempts\", \"public\".\"jobs\".\"maxAttempts\", \"public\".\"jobs\".\"nextAttemptAt\", \"public\".\"jobs\".\"createdById\", \"public\".\"jobs\".\"createdAt\", \"public\".\"jobs\".\"updatedAt\", \"public\".\"jobs\".\"completedAt\" FROM \"public\".\"jobs\" WHERE (\"public\".\"jobs\".\"type\" = CAST($1::text AS \"public\".\"JobType\") AND \"public\".\"jobs\".\"status\" = CAST($2::text AS \"public\".\"JobStatus\") AND \"public\".\"jobs\".\"nextAttemptAt\" <= $3) ORDER BY \"public\".\"jobs\".\"createdAt\" ASC LIMIT $4 OFFSET $5","timestamp":"2026-08-12T09:21:26.363Z"}
{"level":"debug","message":"prisma query (38ms): COMMIT","timestamp":"2026-08-12T09:21:26.401Z"}
{"level":"debug","message":"prisma query (73ms): COMMIT","timestamp":"2026-08-12T09:21:26.404Z"}
{"level":"debug","message":"prisma query (313ms): SELECT 1","timestamp":"2026-08-12T09:21:28.437Z"}
{"level":"debug","message":"prisma query (313ms): BEGIN","timestamp":"2026-08-12T09:21:28.439Z"}
{"level":"debug","message":"prisma query (311ms): BEGIN","timestamp":"2026-08-12T09:21:28.749Z"}
{"level":"debug","message":"prisma query (312ms): DEALLOCATE ALL","timestamp":"2026-08-12T09:21:28.750Z"}
{"level":"debug","message":"prisma query (314ms): DEALLOCATE ALL","timestamp":"2026-08-12T09:21:29.064Z"}
{"level":"debug","message":"prisma query (591ms): SELECT \"public\".\"jobs\".\"id\", \"public\".\"jobs\".\"type\"::text, \"public\".\"jobs\".\"status\"::text, \"public\".\"jobs\".\"payload\", \"public\".\"jobs\".\"result\", \"public\".\"jobs\".\"error\", \"public\".\"jobs\".\"attempts\", \"public\".\"jobs\".\"maxAttempts\", \"public\".\"jobs\".\"nextAttemptAt\", \"public\".\"jobs\".\"createdById\", \"public\".\"jobs\".\"createdAt\", \"public\".\"jobs\".\"updatedAt\", \"public\".\"jobs\".\"completedAt\" FROM \"public\".\"jobs\" WHERE (\"public\".\"jobs\".\"type\" = CAST($1::text AS \"public\".\"JobType\") AND \"public\".\"jobs\".\"status\" = CAST($2::text AS \"public\".\"JobStatus\") AND \"public\".\"jobs\".\"nextAttemptAt\" <= $3) ORDER BY \"public\".\"jobs\".\"createdAt\" ASC LIMIT $4 OFFSET $5","timestamp":"2026-08-12T09:21:29.343Z"}
{"level":"debug","message":"prisma query (624ms): SELECT \"public\".\"jobs\".\"id\", \"public\".\"jobs\".\"type\"::text, \"public\".\"jobs\".\"status\"::text, \"public\".\"jobs\".\"payload\", \"public\".\"jobs\".\"result\", \"public\".\"jobs\".\"error\", \"public\".\"jobs\".\"attempts\", \"public\".\"jobs\".\"maxAttempts\", \"public\".\"jobs\".\"nextAttemptAt\", \"public\".\"jobs\".\"createdById\", \"public\".\"jobs\".\"createdAt\", \"public\".\"jobs\".\"updatedAt\", \"public\".\"jobs\".\"completedAt\" FROM \"public\".\"jobs\" WHERE (\"public\".\"jobs\".\"type\" = CAST($1::text AS \"public\".\"JobType\") AND \"public\".\"jobs\".\"status\" = CAST($2::text AS \"public\".\"JobStatus\") AND \"public\".\"jobs\".\"nextAttemptAt\" <= $3) ORDER BY \"public\".\"jobs\".\"createdAt\" ASC LIMIT $4 OFFSET $5","timestamp":"2026-08-12T09:21:29.688Z"}
{"level":"debug","message":"prisma query (346ms): COMMIT","timestamp":"2026-08-12T09:21:29.689Z"}
{"level":"debug","message":"prisma query (149ms): COMMIT","timestamp":"2026-08-12T09:21:29.837Z"}
{"level":"debug","message":"prisma query (359ms): BEGIN","timestamp":"2026-08-12T09:21:30.487Z"}
{"level":"debug","message":"prisma query (359ms): BEGIN","timestamp":"2026-08-12T09:21:30.488Z"}
{"level":"debug","message":"prisma query (357ms): DEALLOCATE ALL","timestamp":"2026-08-12T09:21:30.844Z"}
{"level":"debug","message":"prisma query (358ms): DEALLOCATE ALL","timestamp":"2026-08-12T09:21:30.845Z"}
{"level":"debug","message":"prisma query (453ms): SELECT \"public\".\"jobs\".\"id\", \"public\".\"jobs\".\"type\"::text, \"public\".\"jobs\".\"status\"::text, \"public\".\"jobs\".\"payload\", \"public\".\"jobs\".\"result\", \"public\".\"jobs\".\"error\", \"public\".\"jobs\".\"attempts\", \"public\".\"jobs\".\"maxAttempts\", \"public\".\"jobs\".\"nextAttemptAt\", \"public\".\"jobs\".\"createdById\", \"public\".\"jobs\".\"createdAt\", \"public\".\"jobs\".\"updatedAt\", \"public\".\"jobs\".\"completedAt\" FROM \"public\".\"jobs\" WHERE (\"public\".\"jobs\".\"type\" = CAST($1::text AS \"public\".\"JobType\") AND \"public\".\"jobs\".\"status\" = CAST($2::text AS \"public\".\"JobStatus\") AND \"public\".\"jobs\".\"nextAttemptAt\" <= $3) ORDER BY \"public\".\"jobs\".\"createdAt\" ASC LIMIT $4 OFFSET $5","timestamp":"2026-08-12T09:21:31.298Z"}
{"level":"debug","message":"prisma query (451ms): SELECT \"public\".\"jobs\".\"id\", \"public\".\"jobs\".\"type\"::text, \"public\".\"jobs\".\"status\"::text, \"public\".\"jobs\".\"payload\", \"public\".\"jobs\".\"result\", \"public\".\"jobs\".\"error\", \"public\".\"jobs\".\"attempts\", \"public\".\"jobs\".\"maxAttempts\", \"public\".\"jobs\".\"nextAttemptAt\", \"public\".\"jobs\".\"createdById\", \"public\".\"jobs\".\"createdAt\", \"public\".\"jobs\".\"updatedAt\", \"public\".\"jobs\".\"completedAt\" FROM \"public\".\"jobs\" WHERE (\"public\".\"jobs\".\"type\" = CAST($1::text AS \"public\".\"JobType\") AND \"public\".\"jobs\".\"status\" = CAST($2::text AS \"public\".\"JobStatus\") AND \"public\".\"jobs\".\"nextAttemptAt\" <= $3) ORDER BY \"public\".\"jobs\".\"createdAt\" ASC LIMIT $4 OFFSET $5","timestamp":"2026-08-12T09:21:31.300Z"}
{"level":"debug","message":"prisma query (71ms): COMMIT","timestamp":"2026-08-12T09:21:31.370Z"}
{"level":"debug","message":"prisma query (71ms): COMMIT","timestamp":"2026-08-12T09:21:31.371Z"}
{"level":"debug","message":"prisma query (67ms): BEGIN","timestamp":"2026-08-12T09:21:32.206Z"}
{"level":"debug","message":"prisma query (70ms): BEGIN","timestamp":"2026-08-12T09:21:32.208Z"}
{"level":"debug","message":"prisma query (71ms): DEALLOCATE ALL","timestamp":"2026-08-12T09:21:32.277Z"}
{"level":"debug","message":"prisma query (89ms): DEALLOCATE ALL","timestamp":"2026-08-12T09:21:32.297Z"}
{"level":"debug","message":"prisma query (88ms): SELECT \"public\".\"jobs\".\"id\", \"public\".\"jobs\".\"type\"::text, \"public\".\"jobs\".\"status\"::text, \"public\".\"jobs\".\"payload\", \"public\".\"jobs\".\"result\", \"public\".\"jobs\".\"error\", \"public\".\"jobs\".\"attempts\", \"public\".\"jobs\".\"maxAttempts\", \"public\".\"jobs\".\"nextAttemptAt\", \"public\".\"jobs\".\"createdById\", \"public\".\"jobs\".\"createdAt\", \"public\".\"jobs\".\"updatedAt\", \"public\".\"jobs\".\"completedAt\" FROM \"public\".\"jobs\" WHERE (\"public\".\"jobs\".\"type\" = CAST($1::text AS \"public\".\"JobType\") AND \"public\".\"jobs\".\"status\" = CAST($2::text AS \"public\".\"JobStatus\") AND \"public\".\"jobs\".\"nextAttemptAt\" <= $3) ORDER BY \"public\".\"jobs\".\"createdAt\" ASC LIMIT $4 OFFSET $5","timestamp":"2026-08-12T09:21:32.367Z"}
{"level":"debug","message":"prisma query (84ms): COMMIT","timestamp":"2026-08-12T09:21:32.451Z"}
{"level":"debug","message":"prisma query (153ms): SELECT \"public\".\"jobs\".\"id\", \"public\".\"jobs\".\"type\"::text, \"public\".\"jobs\".\"status\"::text, \"public\".\"jobs\".\"payload\", \"public\".\"jobs\".\"result\", \"public\".\"jobs\".\"error\", \"public\".\"jobs\".\"attempts\", \"public\".\"jobs\".\"maxAttempts\", \"public\".\"jobs\".\"nextAttemptAt\", \"public\".\"jobs\".\"createdById\", \"public\".\"jobs\".\"createdAt\", \"public\".\"jobs\".\"updatedAt\", \"public\".\"jobs\".\"completedAt\" FROM \"public\".\"jobs\" WHERE (\"public\".\"jobs\".\"type\" = CAST($1::text AS \"public\".\"JobType\") AND \"public\".\"jobs\".\"status\" = CAST($2::text AS \"public\".\"JobStatus\") AND \"public\".\"jobs\".\"nextAttemptAt\" <= $3) ORDER BY \"public\".\"jobs\".\"createdAt\" ASC LIMIT $4 OFFSET $5","timestamp":"2026-08-12T09:21:32.452Z"}
{"level":"debug","message":"prisma query (76ms): COMMIT","timestamp":"2026-08-12T09:21:32.528Z"}
{"level":"debug","message":"prisma query (311ms): BEGIN","timestamp":"2026-08-12T09:21:34.451Z"}
{"level":"debug","message":"prisma query (312ms): BEGIN","timestamp":"2026-08-12T09:21:34.451Z"}
{"level":"debug","message":"prisma query (313ms): DEALLOCATE ALL","timestamp":"2026-08-12T09:21:34.764Z"}
{"level":"debug","message":"prisma query (313ms): DEALLOCATE ALL","timestamp":"2026-08-12T09:21:34.764Z"}
{"level":"debug","message":"prisma query (624ms): SELECT \"public\".\"jobs\".\"id\", \"public\".\"jobs\".\"type\"::text, \"public\".\"jobs\".\"status\"::text, \"public\".\"jobs\".\"payload\", \"public\".\"jobs\".\"result\", \"public\".\"jobs\".\"error\", \"public\".\"jobs\".\"attempts\", \"public\".\"jobs\".\"maxAttempts\", \"public\".\"jobs\".\"nextAttemptAt\", \"public\".\"jobs\".\"createdById\", \"public\".\"jobs\".\"createdAt\", \"public\".\"jobs\".\"updatedAt\", \"public\".\"jobs\".\"completedAt\" FROM \"public\".\"jobs\" WHERE (\"public\".\"jobs\".\"type\" = CAST($1::text AS \"public\".\"JobType\") AND \"public\".\"jobs\".\"status\" = CAST($2::text AS \"public\".\"JobStatus\") AND \"public\".\"jobs\".\"nextAttemptAt\" <= $3) ORDER BY \"public\".\"jobs\".\"createdAt\" ASC LIMIT $4 OFFSET $5","timestamp":"2026-08-12T09:21:35.391Z"}
{"level":"debug","message":"prisma query (623ms): SELECT \"public\".\"jobs\".\"id\", \"public\".\"jobs\".\"type\"::text, \"public\".\"jobs\".\"status\"::text, \"public\".\"jobs\".\"payload\", \"public\".\"jobs\".\"result\", \"public\".\"jobs\".\"error\", \"public\".\"jobs\".\"attempts\", \"public\".\"jobs\".\"maxAttempts\", \"public\".\"jobs\".\"nextAttemptAt\", \"public\".\"jobs\".\"createdById\", \"public\".\"jobs\".\"createdAt\", \"public\".\"jobs\".\"updatedAt\", \"public\".\"jobs\".\"completedAt\" FROM \"public\".\"jobs\" WHERE (\"public\".\"jobs\".\"type\" = CAST($1::text AS \"public\".\"JobType\") AND \"public\".\"jobs\".\"status\" = CAST($2::text AS \"public\".\"JobStatus\") AND \"public\".\"jobs\".\"nextAttemptAt\" <= $3) ORDER BY \"public\".\"jobs\".\"createdAt\" ASC LIMIT $4 OFFSET $5","timestamp":"2026-08-12T09:21:35.394Z"}
{"level":"debug","message":"prisma query (309ms): COMMIT","timestamp":"2026-08-12T09:21:35.699Z"}
{"level":"debug","message":"prisma query (309ms): COMMIT","timestamp":"2026-08-12T09:21:35.699Z"}
{"level":"debug","message":"prisma query (126ms): SELECT 1","timestamp":"2026-08-12T09:21:36.281Z"}
{"level":"debug","message":"prisma query (127ms): BEGIN","timestamp":"2026-08-12T09:21:36.282Z"}
{"level":"debug","message":"prisma query (310ms): BEGIN","timestamp":"2026-08-12T09:21:36.589Z"}
{"level":"debug","message":"prisma query (308ms): DEALLOCATE ALL","timestamp":"2026-08-12T09:21:36.590Z"}
{"level":"debug","message":"prisma query (312ms): DEALLOCATE ALL","timestamp":"2026-08-12T09:21:36.903Z"}
{"level":"debug","message":"prisma query (624ms): SELECT \"public\".\"jobs\".\"id\", \"public\".\"jobs\".\"type\"::text, \"public\".\"jobs\".\"status\"::text, \"public\".\"jobs\".\"payload\", \"public\".\"jobs\".\"result\", \"public\".\"jobs\".\"error\", \"public\".\"jobs\".\"attempts\", \"public\".\"jobs\".\"maxAttempts\", \"public\".\"jobs\".\"nextAttemptAt\", \"public\".\"jobs\".\"createdById\", \"public\".\"jobs\".\"createdAt\", \"public\".\"jobs\".\"updatedAt\", \"public\".\"jobs\".\"completedAt\" FROM \"public\".\"jobs\" WHERE (\"public\".\"jobs\".\"type\" = CAST($1::text AS \"public\".\"JobType\") AND \"public\".\"jobs\".\"status\" = CAST($2::text AS \"public\".\"JobStatus\") AND \"public\".\"jobs\".\"nextAttemptAt\" <= $3) ORDER BY \"public\".\"jobs\".\"createdAt\" ASC LIMIT $4 OFFSET $5","timestamp":"2026-08-12T09:21:37.214Z"}
{"level":"debug","message":"prisma query (316ms): COMMIT","timestamp":"2026-08-12T09:21:37.530Z"}
{"level":"debug","message":"prisma query (628ms): SELECT \"public\".\"jobs\".\"id\", \"public\".\"jobs\".\"type\"::text, \"public\".\"jobs\".\"status\"::text, \"public\".\"jobs\".\"payload\", \"public\".\"jobs\".\"result\", \"public\".\"jobs\".\"error\", \"public\".\"jobs\".\"attempts\", \"public\".\"jobs\".\"maxAttempts\", \"public\".\"jobs\".\"nextAttemptAt\", \"public\".\"jobs\".\"createdById\", \"public\".\"jobs\".\"createdAt\", \"public\".\"jobs\".\"updatedAt\", \"public\".\"jobs\".\"completedAt\" FROM \"public\".\"jobs\" WHERE (\"public\".\"jobs\".\"type\" = CAST($1::text AS \"public\".\"JobType\") AND \"public\".\"jobs\".\"status\" = CAST($2::text AS \"public\".\"JobStatus\") AND \"public\".\"jobs\".\"nextAttemptAt\" <= $3) ORDER BY \"public\".\"jobs\".\"createdAt\" ASC LIMIT $4 OFFSET $5","timestamp":"2026-08-12T09:21:37.531Z"}
{"level":"debug","message":"prisma query (309ms): COMMIT","timestamp":"2026-08-12T09:21:37.839Z"}
{"level":"debug","message":"prisma query (310ms): BEGIN","timestamp":"2026-08-12T09:21:38.463Z"}
{"level":"debug","message":"prisma query (310ms): BEGIN","timestamp":"2026-08-12T09:21:38.465Z"}
{"level":"debug","message":"prisma query (311ms): DEALLOCATE ALL","timestamp":"2026-08-12T09:21:38.774Z"}
{"level":"debug","message":"prisma query (312ms): DEALLOCATE ALL","timestamp":"2026-08-12T09:21:38.776Z"}
{"level":"debug","message":"prisma query (620ms): SELECT \"public\".\"jobs\".\"id\", \"public\".\"jobs\".\"type\"::text, \"public\".\"jobs\".\"status\"::text, \"public\".\"jobs\".\"payload\", \"public\".\"jobs\".\"result\", \"public\".\"jobs\".\"error\", \"public\".\"jobs\".\"attempts\", \"public\".\"jobs\".\"maxAttempts\", \"public\".\"jobs\".\"nextAttemptAt\", \"public\".\"jobs\".\"createdById\", \"public\".\"jobs\".\"createdAt\", \"public\".\"jobs\".\"updatedAt\", \"public\".\"jobs\".\"completedAt\" FROM \"public\".\"jobs\" WHERE (\"public\".\"jobs\".\"type\" = CAST($1::text AS \"public\".\"JobType\") AND \"public\".\"jobs\".\"status\" = CAST($2::text AS \"public\".\"JobStatus\") AND \"public\".\"jobs\".\"nextAttemptAt\" <= $3) ORDER BY \"public\".\"jobs\".\"createdAt\" ASC LIMIT $4 OFFSET $5","timestamp":"2026-08-12T09:21:39.395Z"}
{"level":"debug","message":"prisma query (619ms): SELECT \"public\".\"jobs\".\"id\", \"public\".\"jobs\".\"type\"::text, \"public\".\"jobs\".\"status\"::text, \"public\".\"jobs\".\"payload\", \"public\".\"jobs\".\"result\", \"public\".\"jobs\".\"error\", \"public\".\"jobs\".\"attempts\", \"public\".\"jobs\".\"maxAttempts\", \"public\".\"jobs\".\"nextAttemptAt\", \"public\".\"jobs\".\"createdById\", \"public\".\"jobs\".\"createdAt\", \"public\".\"jobs\".\"updatedAt\", \"public\".\"jobs\".\"completedAt\" FROM \"public\".\"jobs\" WHERE (\"public\".\"jobs\".\"type\" = CAST($1::text AS \"public\".\"JobType\") AND \"public\".\"jobs\".\"status\" = CAST($2::text AS \"public\".\"JobStatus\") AND \"public\".\"jobs\".\"nextAttemptAt\" <= $3) ORDER BY \"public\".\"jobs\".\"createdAt\" ASC LIMIT $4 OFFSET $5","timestamp":"2026-08-12T09:21:39.396Z"}
{"level":"debug","message":"prisma query (308ms): COMMIT","timestamp":"2026-08-12T09:21:39.704Z"}
{"level":"debug","message":"prisma query (308ms): COMMIT","timestamp":"2026-08-12T09:21:39.704Z"}
{"level":"debug","message":"prisma query (280ms): BEGIN","timestamp":"2026-08-12T09:21:40.438Z"}
{"level":"debug","message":"prisma query (280ms): BEGIN","timestamp":"2026-08-12T09:21:40.438Z"}
{"level":"debug","message":"prisma query (374ms): DEALLOCATE ALL","timestamp":"2026-08-12T09:21:40.813Z"}
{"level":"debug","message":"prisma query (374ms): DEALLOCATE ALL","timestamp":"2026-08-12T09:21:40.814Z"}
{"level":"debug","message":"prisma query (750ms): SELECT \"public\".\"jobs\".\"id\", \"public\".\"jobs\".\"type\"::text, \"public\".\"jobs\".\"status\"::text, \"public\".\"jobs\".\"payload\", \"public\".\"jobs\".\"result\", \"public\".\"jobs\".\"error\", \"public\".\"jobs\".\"attempts\", \"public\".\"jobs\".\"maxAttempts\", \"public\".\"jobs\".\"nextAttemptAt\", \"public\".\"jobs\".\"createdById\", \"public\".\"jobs\".\"createdAt\", \"public\".\"jobs\".\"updatedAt\", \"public\".\"jobs\".\"completedAt\" FROM \"public\".\"jobs\" WHERE (\"public\".\"jobs\".\"type\" = CAST($1::text AS \"public\".\"JobType\") AND \"public\".\"jobs\".\"status\" = CAST($2::text AS \"public\".\"JobStatus\") AND \"public\".\"jobs\".\"nextAttemptAt\" <= $3) ORDER BY \"public\".\"jobs\".\"createdAt\" ASC LIMIT $4 OFFSET $5","timestamp":"2026-08-12T09:21:41.564Z"}
{"level":"debug","message":"prisma query (750ms): SELECT \"public\".\"jobs\".\"id\", \"public\".\"jobs\".\"type\"::text, \"public\".\"jobs\".\"status\"::text, \"public\".\"jobs\".\"payload\", \"public\".\"jobs\".\"result\", \"public\".\"jobs\".\"error\", \"public\".\"jobs\".\"attempts\", \"public\".\"jobs\".\"maxAttempts\", \"public\".\"jobs\".\"nextAttemptAt\", \"public\".\"jobs\".\"createdById\", \"public\".\"jobs\".\"createdAt\", \"public\".\"jobs\".\"updatedAt\", \"public\".\"jobs\".\"completedAt\" FROM \"public\".\"jobs\" WHERE (\"public\".\"jobs\".\"type\" = CAST($1::text AS \"public\".\"JobType\") AND \"public\".\"jobs\".\"status\" = CAST($2::text AS \"public\".\"JobStatus\") AND \"public\".\"jobs\".\"nextAttemptAt\" <= $3) ORDER BY \"public\".\"jobs\".\"createdAt\" ASC LIMIT $4 OFFSET $5","timestamp":"2026-08-12T09:21:41.564Z"}
{"level":"debug","message":"prisma query (97ms): COMMIT","timestamp":"2026-08-12T09:21:41.661Z"}
{"level":"debug","message":"prisma query (97ms): COMMIT","timestamp":"2026-08-12T09:21:41.662Z"}
{"level":"debug","message":"prisma query (344ms): BEGIN","timestamp":"2026-08-12T09:21:42.515Z"}
{"level":"debug","message":"prisma query (511ms): BEGIN","timestamp":"2026-08-12T09:21:42.681Z"}
{"level":"debug","message":"prisma query (166ms): DEALLOCATE ALL","timestamp":"2026-08-12T09:21:42.682Z"}
{"level":"debug","message":"prisma query (199ms): DEALLOCATE ALL","timestamp":"2026-08-12T09:21:42.881Z"}
{"level":"debug","message":"prisma query (593ms): SELECT \"public\".\"jobs\".\"id\", \"public\".\"jobs\".\"type\"::text, \"public\".\"jobs\".\"status\"::text, \"public\".\"jobs\".\"payload\", \"public\".\"jobs\".\"result\", \"public\".\"jobs\".\"error\", \"public\".\"jobs\".\"attempts\", \"public\".\"jobs\".\"maxAttempts\", \"public\".\"jobs\".\"nextAttemptAt\", \"public\".\"jobs\".\"createdById\", \"public\".\"jobs\".\"createdAt\", \"public\".\"jobs\".\"updatedAt\", \"public\".\"jobs\".\"completedAt\" FROM \"public\".\"jobs\" WHERE (\"public\".\"jobs\".\"type\" = CAST($1::text AS \"public\".\"JobType\") AND \"public\".\"jobs\".\"status\" = CAST($2::text AS \"public\".\"JobStatus\") AND \"public\".\"jobs\".\"nextAttemptAt\" <= $3) ORDER BY \"public\".\"jobs\".\"createdAt\" ASC LIMIT $4 OFFSET $5","timestamp":"2026-08-12T09:21:43.276Z"}
{"level":"debug","message":"prisma query (309ms): COMMIT","timestamp":"2026-08-12T09:21:43.585Z"}
{"level":"debug","message":"prisma query (704ms): SELECT \"public\".\"jobs\".\"id\", \"public\".\"jobs\".\"type\"::text, \"public\".\"jobs\".\"status\"::text, \"public\".\"jobs\".\"payload\", \"public\".\"jobs\".\"result\", \"public\".\"jobs\".\"error\", \"public\".\"jobs\".\"attempts\", \"public\".\"jobs\".\"maxAttempts\", \"public\".\"jobs\".\"nextAttemptAt\", \"public\".\"jobs\".\"createdById\", \"public\".\"jobs\".\"createdAt\", \"public\".\"jobs\".\"updatedAt\", \"public\".\"jobs\".\"completedAt\" FROM \"public\".\"jobs\" WHERE (\"public\".\"jobs\".\"type\" = CAST($1::text AS \"public\".\"JobType\") AND \"public\".\"jobs\".\"status\" = CAST($2::text AS \"public\".\"JobStatus\") AND \"public\".\"jobs\".\"nextAttemptAt\" <= $3) ORDER BY \"public\".\"jobs\".\"createdAt\" ASC LIMIT $4 OFFSET $5","timestamp":"2026-08-12T09:21:43.586Z"}
{"level":"debug","message":"prisma query (425ms): COMMIT","timestamp":"2026-08-12T09:21:44.011Z"}
{"level":"debug","message":"prisma query (427ms): SELECT 1","timestamp":"2026-08-12T09:21:44.607Z"}
{"level":"debug","message":"prisma query (428ms): BEGIN","timestamp":"2026-08-12T09:21:44.608Z"}
{"level":"debug","message":"prisma query (244ms): DEALLOCATE ALL","timestamp":"2026-08-12T09:21:44.853Z"}
{"level":"debug","message":"prisma query (245ms): BEGIN","timestamp":"2026-08-12T09:21:44.853Z"}
{"level":"debug","message":"prisma query (166ms): DEALLOCATE ALL","timestamp":"2026-08-12T09:21:45.019Z"}
{"level":"debug","message":"prisma query (677ms): SELECT \"public\".\"jobs\".\"id\", \"public\".\"jobs\".\"type\"::text, \"public\".\"jobs\".\"status\"::text, \"public\".\"jobs\".\"payload\", \"public\".\"jobs\".\"result\", \"public\".\"jobs\".\"error\", \"public\".\"jobs\".\"attempts\", \"public\".\"jobs\".\"maxAttempts\", \"public\".\"jobs\".\"nextAttemptAt\", \"public\".\"jobs\".\"createdById\", \"public\".\"jobs\".\"createdAt\", \"public\".\"jobs\".\"updatedAt\", \"public\".\"jobs\".\"completedAt\" FROM \"public\".\"jobs\" WHERE (\"public\".\"jobs\".\"type\" = CAST($1::text AS \"public\".\"JobType\") AND \"public\".\"jobs\".\"status\" = CAST($2::text AS \"public\".\"JobStatus\") AND \"public\".\"jobs\".\"nextAttemptAt\" <= $3) ORDER BY \"public\".\"jobs\".\"createdAt\" ASC LIMIT $4 OFFSET $5","timestamp":"2026-08-12T09:21:45.533Z"}
{"level":"debug","message":"prisma query (48ms): COMMIT","timestamp":"2026-08-12T09:21:45.579Z"}
{"level":"debug","message":"prisma query (747ms): SELECT \"public\".\"jobs\".\"id\", \"public\".\"jobs\".\"type\"::text, \"public\".\"jobs\".\"status\"::text, \"public\".\"jobs\".\"payload\", \"public\".\"jobs\".\"result\", \"public\".\"jobs\".\"error\", \"public\".\"jobs\".\"attempts\", \"public\".\"jobs\".\"maxAttempts\", \"public\".\"jobs\".\"nextAttemptAt\", \"public\".\"jobs\".\"createdById\", \"public\".\"jobs\".\"createdAt\", \"public\".\"jobs\".\"updatedAt\", \"public\".\"jobs\".\"completedAt\" FROM \"public\".\"jobs\" WHERE (\"public\".\"jobs\".\"type\" = CAST($1::text AS \"public\".\"JobType\") AND \"public\".\"jobs\".\"status\" = CAST($2::text AS \"public\".\"JobStatus\") AND \"public\".\"jobs\".\"nextAttemptAt\" <= $3) ORDER BY \"public\".\"jobs\".\"createdAt\" ASC LIMIT $4 OFFSET $5","timestamp":"2026-08-12T09:21:45.767Z"}
{"level":"debug","message":"prisma query (72ms): COMMIT","timestamp":"2026-08-12T09:21:45.839Z"}
{"level":"debug","message":"prisma query (53ms): BEGIN","timestamp":"2026-08-12T09:21:46.243Z"}
{"level":"debug","message":"prisma query (56ms): BEGIN","timestamp":"2026-08-12T09:21:46.245Z"}
{"level":"debug","message":"prisma query (33ms): DEALLOCATE ALL","timestamp":"2026-08-12T09:21:46.277Z"}
{"level":"debug","message":"prisma query (41ms): DEALLOCATE ALL","timestamp":"2026-08-12T09:21:46.286Z"}
{"level":"debug","message":"prisma query (126ms): SELECT \"public\".\"jobs\".\"id\", \"public\".\"jobs\".\"type\"::text, \"public\".\"jobs\".\"status\"::text, \"public\".\"jobs\".\"payload\", \"public\".\"jobs\".\"result\", \"public\".\"jobs\".\"error\", \"public\".\"jobs\".\"attempts\", \"public\".\"jobs\".\"maxAttempts\", \"public\".\"jobs\".\"nextAttemptAt\", \"public\".\"jobs\".\"createdById\", \"public\".\"jobs\".\"createdAt\", \"public\".\"jobs\".\"updatedAt\", \"public\".\"jobs\".\"completedAt\" FROM \"public\".\"jobs\" WHERE (\"public\".\"jobs\".\"type\" = CAST($1::text AS \"public\".\"JobType\") AND \"public\".\"jobs\".\"status\" = CAST($2::text AS \"public\".\"JobStatus\") AND \"public\".\"jobs\".\"nextAttemptAt\" <= $3) ORDER BY \"public\".\"jobs\".\"createdAt\" ASC LIMIT $4 OFFSET $5","timestamp":"2026-08-12T09:21:46.404Z"}
{"level":"debug","message":"prisma query (116ms): SELECT \"public\".\"jobs\".\"id\", \"public\".\"jobs\".\"type\"::text, \"public\".\"jobs\".\"status\"::text, \"public\".\"jobs\".\"payload\", \"public\".\"jobs\".\"result\", \"public\".\"jobs\".\"error\", \"public\".\"jobs\".\"attempts\", \"public\".\"jobs\".\"maxAttempts\", \"public\".\"jobs\".\"nextAttemptAt\", \"public\".\"jobs\".\"createdById\", \"public\".\"jobs\".\"createdAt\", \"public\".\"jobs\".\"updatedAt\", \"public\".\"jobs\".\"completedAt\" FROM \"public\".\"jobs\" WHERE (\"public\".\"jobs\".\"type\" = CAST($1::text AS \"public\".\"JobType\") AND \"public\".\"jobs\".\"status\" = CAST($2::text AS \"public\".\"JobStatus\") AND \"public\".\"jobs\".\"nextAttemptAt\" <= $3) ORDER BY \"public\".\"jobs\".\"createdAt\" ASC LIMIT $4 OFFSET $5","timestamp":"2026-08-12T09:21:46.404Z"}
{"level":"debug","message":"prisma query (39ms): COMMIT","timestamp":"2026-08-12T09:21:46.443Z"}
{"level":"debug","message":"prisma query (41ms): COMMIT","timestamp":"2026-08-12T09:21:46.446Z"}
{"level":"debug","message":"prisma query (348ms): BEGIN","timestamp":"2026-08-12T09:21:48.550Z"}
{"level":"debug","message":"prisma query (348ms): BEGIN","timestamp":"2026-08-12T09:21:48.551Z"}
{"level":"debug","message":"prisma query (338ms): DEALLOCATE ALL","timestamp":"2026-08-12T09:21:48.888Z"}
{"level":"debug","message":"prisma query (338ms): DEALLOCATE ALL","timestamp":"2026-08-12T09:21:48.889Z"}
{"level":"debug","message":"prisma query (532ms): SELECT \"public\".\"jobs\".\"id\", \"public\".\"jobs\".\"type\"::text, \"public\".\"jobs\".\"status\"::text, \"public\".\"jobs\".\"payload\", \"public\".\"jobs\".\"result\", \"public\".\"jobs\".\"error\", \"public\".\"jobs\".\"attempts\", \"public\".\"jobs\".\"maxAttempts\", \"public\".\"jobs\".\"nextAttemptAt\", \"public\".\"jobs\".\"createdById\", \"public\".\"jobs\".\"createdAt\", \"public\".\"jobs\".\"updatedAt\", \"public\".\"jobs\".\"completedAt\" FROM \"public\".\"jobs\" WHERE (\"public\".\"jobs\".\"type\" = CAST($1::text AS \"public\".\"JobType\") AND \"public\".\"jobs\".\"status\" = CAST($2::text AS \"public\".\"JobStatus\") AND \"public\".\"jobs\".\"nextAttemptAt\" <= $3) ORDER BY \"public\".\"jobs\".\"createdAt\" ASC LIMIT $4 OFFSET $5","timestamp":"2026-08-12T09:21:49.422Z"}
{"level":"debug","message":"prisma query (532ms): SELECT \"public\".\"jobs\".\"id\", \"public\".\"jobs\".\"type\"::text, \"public\".\"jobs\".\"status\"::text, \"public\".\"jobs\".\"payload\", \"public\".\"jobs\".\"result\", \"public\".\"jobs\".\"error\", \"public\".\"jobs\".\"attempts\", \"public\".\"jobs\".\"maxAttempts\", \"public\".\"jobs\".\"nextAttemptAt\", \"public\".\"jobs\".\"createdById\", \"public\".\"jobs\".\"createdAt\", \"public\".\"jobs\".\"updatedAt\", \"public\".\"jobs\".\"completedAt\" FROM \"public\".\"jobs\" WHERE (\"public\".\"jobs\".\"type\" = CAST($1::text AS \"public\".\"JobType\") AND \"public\".\"jobs\".\"status\" = CAST($2::text AS \"public\".\"JobStatus\") AND \"public\".\"jobs\".\"nextAttemptAt\" <= $3) ORDER BY \"public\".\"jobs\".\"createdAt\" ASC LIMIT $4 OFFSET $5","timestamp":"2026-08-12T09:21:49.422Z"}
{"level":"debug","message":"prisma query (406ms): COMMIT","timestamp":"2026-08-12T09:21:49.828Z"}
{"level":"debug","message":"prisma query (406ms): COMMIT","timestamp":"2026-08-12T09:21:49.829Z"}
{"level":"debug","message":"prisma query (1043ms): BEGIN","timestamp":"2026-08-12T09:21:51.245Z"}
{"level":"debug","message":"prisma query (1044ms): BEGIN","timestamp":"2026-08-12T09:21:51.246Z"}
{"level":"debug","message":"prisma query (407ms): DEALLOCATE ALL","timestamp":"2026-08-12T09:21:51.652Z"}
{"level":"debug","message":"prisma query (407ms): DEALLOCATE ALL","timestamp":"2026-08-12T09:21:51.653Z"}
{"level":"debug","message":"prisma query (494ms): SELECT 1","timestamp":"2026-08-12T09:21:52.707Z"}
{"level":"debug","message":"prisma query (494ms): SELECT 1","timestamp":"2026-08-12T09:21:52.708Z"}
{"level":"debug","message":"prisma query (1274ms): SELECT \"public\".\"jobs\".\"id\", \"public\".\"jobs\".\"type\"::text, \"public\".\"jobs\".\"status\"::text, \"public\".\"jobs\".\"payload\", \"public\".\"jobs\".\"result\", \"public\".\"jobs\".\"error\", \"public\".\"jobs\".\"attempts\", \"public\".\"jobs\".\"maxAttempts\", \"public\".\"jobs\".\"nextAttemptAt\", \"public\".\"jobs\".\"createdById\", \"public\".\"jobs\".\"createdAt\", \"public\".\"jobs\".\"updatedAt\", \"public\".\"jobs\".\"completedAt\" FROM \"public\".\"jobs\" WHERE (\"public\".\"jobs\".\"type\" = CAST($1::text AS \"public\".\"JobType\") AND \"public\".\"jobs\".\"status\" = CAST($2::text AS \"public\".\"JobStatus\") AND \"public\".\"jobs\".\"nextAttemptAt\" <= $3) ORDER BY \"public\".\"jobs\".\"createdAt\" ASC LIMIT $4 OFFSET $5","timestamp":"2026-08-12T09:21:52.928Z"}
{"level":"debug","message":"prisma query (220ms): BEGIN","timestamp":"2026-08-12T09:21:52.929Z"}
{"level":"debug","message":"prisma query (1274ms): SELECT \"public\".\"jobs\".\"id\", \"public\".\"jobs\".\"type\"::text, \"public\".\"jobs\".\"status\"::text, \"public\".\"jobs\".\"payload\", \"public\".\"jobs\".\"result\", \"public\".\"jobs\".\"error\", \"public\".\"jobs\".\"attempts\", \"public\".\"jobs\".\"maxAttempts\", \"public\".\"jobs\".\"nextAttemptAt\", \"public\".\"jobs\".\"createdById\", \"public\".\"jobs\".\"createdAt\", \"public\".\"jobs\".\"updatedAt\", \"public\".\"jobs\".\"completedAt\" FROM \"public\".\"jobs\" WHERE (\"public\".\"jobs\".\"type\" = CAST($1::text AS \"public\".\"JobType\") AND \"public\".\"jobs\".\"status\" = CAST($2::text AS \"public\".\"JobStatus\") AND \"public\".\"jobs\".\"nextAttemptAt\" <= $3) ORDER BY \"public\".\"jobs\".\"createdAt\" ASC LIMIT $4 OFFSET $5","timestamp":"2026-08-12T09:21:52.929Z"}
{"level":"debug","message":"prisma query (220ms): BEGIN","timestamp":"2026-08-12T09:21:52.930Z"}
{"level":"debug","message":"prisma query (124ms): COMMIT","timestamp":"2026-08-12T09:21:53.053Z"}
{"level":"debug","message":"prisma query (124ms): COMMIT","timestamp":"2026-08-12T09:21:53.055Z"}
{"level":"debug","message":"prisma query (124ms): DEALLOCATE ALL","timestamp":"2026-08-12T09:21:53.055Z"}
{"level":"debug","message":"prisma query (125ms): DEALLOCATE ALL","timestamp":"2026-08-12T09:21:53.056Z"}
{"level":"debug","message":"prisma query (111ms): SELECT \"public\".\"jobs\".\"id\", \"public\".\"jobs\".\"type\"::text, \"public\".\"jobs\".\"status\"::text, \"public\".\"jobs\".\"payload\", \"public\".\"jobs\".\"result\", \"public\".\"jobs\".\"error\", \"public\".\"jobs\".\"attempts\", \"public\".\"jobs\".\"maxAttempts\", \"public\".\"jobs\".\"nextAttemptAt\", \"public\".\"jobs\".\"createdById\", \"public\".\"jobs\".\"createdAt\", \"public\".\"jobs\".\"updatedAt\", \"public\".\"jobs\".\"completedAt\" FROM \"public\".\"jobs\" WHERE (\"public\".\"jobs\".\"type\" = CAST($1::text AS \"public\".\"JobType\") AND \"public\".\"jobs\".\"status\" = CAST($2::text AS \"public\".\"JobStatus\") AND \"public\".\"jobs\".\"nextAttemptAt\" <= $3) ORDER BY \"public\".\"jobs\".\"createdAt\" ASC LIMIT $4 OFFSET $5","timestamp":"2026-08-12T09:21:53.166Z"}
{"level":"debug","message":"prisma query (110ms): SELECT \"public\".\"jobs\".\"id\", \"public\".\"jobs\".\"type\"::text, \"public\".\"jobs\".\"status\"::text, \"public\".\"jobs\".\"payload\", \"public\".\"jobs\".\"result\", \"public\".\"jobs\".\"error\", \"public\".\"jobs\".\"attempts\", \"public\".\"jobs\".\"maxAttempts\", \"public\".\"jobs\".\"nextAttemptAt\", \"public\".\"jobs\".\"createdById\", \"public\".\"jobs\".\"createdAt\", \"public\".\"jobs\".\"updatedAt\", \"public\".\"jobs\".\"completedAt\" FROM \"public\".\"jobs\" WHERE (\"public\".\"jobs\".\"type\" = CAST($1::text AS \"public\".\"JobType\") AND \"public\".\"jobs\".\"status\" = CAST($2::text AS \"public\".\"JobStatus\") AND \"public\".\"jobs\".\"nextAttemptAt\" <= $3) ORDER BY \"public\".\"jobs\".\"createdAt\" ASC LIMIT $4 OFFSET $5","timestamp":"2026-08-12T09:21:53.167Z"}
{"level":"debug","message":"prisma query (77ms): COMMIT","timestamp":"2026-08-12T09:21:53.242Z"}
{"level":"debug","message":"prisma query (77ms): COMMIT","timestamp":"2026-08-12T09:21:53.243Z"}
{"level":"debug","message":"prisma query (103ms): BEGIN","timestamp":"2026-08-12T09:21:54.320Z"}
{"level":"debug","message":"prisma query (114ms): BEGIN","timestamp":"2026-08-12T09:21:54.331Z"}
{"level":"debug","message":"prisma query (39ms): DEALLOCATE ALL","timestamp":"2026-08-12T09:21:54.360Z"}
{"level":"debug","message":"prisma query (68ms): DEALLOCATE ALL","timestamp":"2026-08-12T09:21:54.400Z"}
{"level":"debug","message":"prisma query (133ms): SELECT \"public\".\"jobs\".\"id\", \"public\".\"jobs\".\"type\"::text, \"public\".\"jobs\".\"status\"::text, \"public\".\"jobs\".\"payload\", \"public\".\"jobs\".\"result\", \"public\".\"jobs\".\"error\", \"public\".\"jobs\".\"attempts\", \"public\".\"jobs\".\"maxAttempts\", \"public\".\"jobs\".\"nextAttemptAt\", \"public\".\"jobs\".\"createdById\", \"public\".\"jobs\".\"createdAt\", \"public\".\"jobs\".\"updatedAt\", \"public\".\"jobs\".\"completedAt\" FROM \"public\".\"jobs\" WHERE (\"public\".\"jobs\".\"type\" = CAST($1::text AS \"public\".\"JobType\") AND \"public\".\"jobs\".\"status\" = CAST($2::text AS \"public\".\"JobStatus\") AND \"public\".\"jobs\".\"nextAttemptAt\" <= $3) ORDER BY \"public\".\"jobs\".\"createdAt\" ASC LIMIT $4 OFFSET $5","timestamp":"2026-08-12T09:21:54.494Z"}
{"level":"debug","message":"prisma query (59ms): COMMIT","timestamp":"2026-08-12T09:21:54.554Z"}
{"level":"debug","message":"prisma query (153ms): SELECT \"public\".\"jobs\".\"id\", \"public\".\"jobs\".\"type\"::text, \"public\".\"jobs\".\"status\"::text, \"public\".\"jobs\".\"payload\", \"public\".\"jobs\".\"result\", \"public\".\"jobs\".\"error\", \"public\".\"jobs\".\"attempts\", \"public\".\"jobs\".\"maxAttempts\", \"public\".\"jobs\".\"nextAttemptAt\", \"public\".\"jobs\".\"createdById\", \"public\".\"jobs\".\"createdAt\", \"public\".\"jobs\".\"updatedAt\", \"public\".\"jobs\".\"completedAt\" FROM \"public\".\"jobs\" WHERE (\"public\".\"jobs\".\"type\" = CAST($1::text AS \"public\".\"JobType\") AND \"public\".\"jobs\".\"status\" = CAST($2::text AS \"public\".\"JobStatus\") AND \"public\".\"jobs\".\"nextAttemptAt\" <= $3) ORDER BY \"public\".\"jobs\".\"createdAt\" ASC LIMIT $4 OFFSET $5","timestamp":"2026-08-12T09:21:54.554Z"}
{"level":"debug","message":"prisma query (56ms): COMMIT","timestamp":"2026-08-12T09:21:54.610Z"}
{"level":"debug","message":"prisma query (389ms): BEGIN","timestamp":"2026-08-12T09:21:56.618Z"}
{"level":"debug","message":"prisma query (389ms): BEGIN","timestamp":"2026-08-12T09:21:56.618Z"}
{"level":"debug","message":"prisma query (335ms): DEALLOCATE ALL","timestamp":"2026-08-12T09:21:56.953Z"}
{"level":"debug","message":"prisma query (335ms): DEALLOCATE ALL","timestamp":"2026-08-12T09:21:56.954Z"}
{"level":"debug","message":"prisma query (862ms): SELECT \"public\".\"jobs\".\"id\", \"public\".\"jobs\".\"type\"::text, \"public\".\"jobs\".\"status\"::text, \"public\".\"jobs\".\"payload\", \"public\".\"jobs\".\"result\", \"public\".\"jobs\".\"error\", \"public\".\"jobs\".\"attempts\", \"public\".\"jobs\".\"maxAttempts\", \"public\".\"jobs\".\"nextAttemptAt\", \"public\".\"jobs\".\"createdById\", \"public\".\"jobs\".\"createdAt\", \"public\".\"jobs\".\"updatedAt\", \"public\".\"jobs\".\"completedAt\" FROM \"public\".\"jobs\" WHERE (\"public\".\"jobs\".\"type\" = CAST($1::text AS \"public\".\"JobType\") AND \"public\".\"jobs\".\"status\" = CAST($2::text AS \"public\".\"JobStatus\") AND \"public\".\"jobs\".\"nextAttemptAt\" <= $3) ORDER BY \"public\".\"jobs\".\"createdAt\" ASC LIMIT $4 OFFSET $5","timestamp":"2026-08-12T09:21:57.816Z"}
{"level":"debug","message":"prisma query (863ms): SELECT \"public\".\"jobs\".\"id\", \"public\".\"jobs\".\"type\"::text, \"public\".\"jobs\".\"status\"::text, \"public\".\"jobs\".\"payload\", \"public\".\"jobs\".\"result\", \"public\".\"jobs\".\"error\", \"public\".\"jobs\".\"attempts\", \"public\".\"jobs\".\"maxAttempts\", \"public\".\"jobs\".\"nextAttemptAt\", \"public\".\"jobs\".\"createdById\", \"public\".\"jobs\".\"createdAt\", \"public\".\"jobs\".\"updatedAt\", \"public\".\"jobs\".\"completedAt\" FROM \"public\".\"jobs\" WHERE (\"public\".\"jobs\".\"type\" = CAST($1::text AS \"public\".\"JobType\") AND \"public\".\"jobs\".\"status\" = CAST($2::text AS \"public\".\"JobStatus\") AND \"public\".\"jobs\".\"nextAttemptAt\" <= $3) ORDER BY \"public\".\"jobs\".\"createdAt\" ASC LIMIT $4 OFFSET $5","timestamp":"2026-08-12T09:21:57.817Z"}
{"level":"debug","message":"prisma query (425ms): COMMIT","timestamp":"2026-08-12T09:21:58.245Z"}
{"level":"debug","message":"prisma query (425ms): COMMIT","timestamp":"2026-08-12T09:21:58.246Z"}
{"level":"debug","message":"prisma query (430ms): BEGIN","timestamp":"2026-08-12T09:21:58.670Z"}
{"level":"debug","message":"prisma query (431ms): SELECT 1","timestamp":"2026-08-12T09:21:58.671Z"}
{"level":"debug","message":"prisma query (257ms): DEALLOCATE ALL","timestamp":"2026-08-12T09:21:58.928Z"}
{"level":"debug","message":"prisma query (258ms): BEGIN","timestamp":"2026-08-12T09:21:58.929Z"}
{"level":"debug","message":"prisma query (423ms): DEALLOCATE ALL","timestamp":"2026-08-12T09:21:59.352Z"}
{"level":"debug","message":"prisma query (924ms): SELECT \"public\".\"jobs\".\"id\", \"public\".\"jobs\".\"type\"::text, \"public\".\"jobs\".\"status\"::text, \"public\".\"jobs\".\"payload\", \"public\".\"jobs\".\"result\", \"public\".\"jobs\".\"error\", \"public\".\"jobs\".\"attempts\", \"public\".\"jobs\".\"maxAttempts\", \"public\".\"jobs\".\"nextAttemptAt\", \"public\".\"jobs\".\"createdById\", \"public\".\"jobs\".\"createdAt\", \"public\".\"jobs\".\"updatedAt\", \"public\".\"jobs\".\"completedAt\" FROM \"public\".\"jobs\" WHERE (\"public\".\"jobs\".\"type\" = CAST($1::text AS \"public\".\"JobType\") AND \"public\".\"jobs\".\"status\" = CAST($2::text AS \"public\".\"JobStatus\") AND \"public\".\"jobs\".\"nextAttemptAt\" <= $3) ORDER BY \"public\".\"jobs\".\"createdAt\" ASC LIMIT $4 OFFSET $5","timestamp":"2026-08-12T09:21:59.852Z"}
{"level":"debug","message":"prisma query (393ms): COMMIT","timestamp":"2026-08-12T09:22:00.246Z"}
{"level":"debug","message":"prisma query (893ms): SELECT \"public\".\"jobs\".\"id\", \"public\".\"jobs\".\"type\"::text, \"public\".\"jobs\".\"status\"::text, \"public\".\"jobs\".\"payload\", \"public\".\"jobs\".\"result\", \"public\".\"jobs\".\"error\", \"public\".\"jobs\".\"attempts\", \"public\".\"jobs\".\"maxAttempts\", \"public\".\"jobs\".\"nextAttemptAt\", \"public\".\"jobs\".\"createdById\", \"public\".\"jobs\".\"createdAt\", \"public\".\"jobs\".\"updatedAt\", \"public\".\"jobs\".\"completedAt\" FROM \"public\".\"jobs\" WHERE (\"public\".\"jobs\".\"type\" = CAST($1::text AS \"public\".\"JobType\") AND \"public\".\"jobs\".\"status\" = CAST($2::text AS \"public\".\"JobStatus\") AND \"public\".\"jobs\".\"nextAttemptAt\" <= $3) ORDER BY \"public\".\"jobs\".\"createdAt\" ASC LIMIT $4 OFFSET $5","timestamp":"2026-08-12T09:22:00.247Z"}
{"level":"debug","message":"prisma query (533ms): BEGIN","timestamp":"2026-08-12T09:22:00.778Z"}
{"level":"debug","message":"prisma query (534ms): BEGIN","timestamp":"2026-08-12T09:22:00.779Z"}
{"level":"debug","message":"prisma query (531ms): COMMIT","timestamp":"2026-08-12T09:22:00.779Z"}
{"level":"debug","message":"prisma query (424ms): DEALLOCATE ALL","timestamp":"2026-08-12T09:22:01.202Z"}
{"level":"debug","message":"prisma query (424ms): DEALLOCATE ALL","timestamp":"2026-08-12T09:22:01.203Z"}
{"level":"debug","message":"prisma query (1055ms): SELECT \"public\".\"jobs\".\"id\", \"public\".\"jobs\".\"type\"::text, \"public\".\"jobs\".\"status\"::text, \"public\".\"jobs\".\"payload\", \"public\".\"jobs\".\"result\", \"public\".\"jobs\".\"error\", \"public\".\"jobs\".\"attempts\", \"public\".\"jobs\".\"maxAttempts\", \"public\".\"jobs\".\"nextAttemptAt\", \"public\".\"jobs\".\"createdById\", \"public\".\"jobs\".\"createdAt\", \"public\".\"jobs\".\"updatedAt\", \"public\".\"jobs\".\"completedAt\" FROM \"public\".\"jobs\" WHERE (\"public\".\"jobs\".\"type\" = CAST($1::text AS \"public\".\"JobType\") AND \"public\".\"jobs\".\"status\" = CAST($2::text AS \"public\".\"JobStatus\") AND \"public\".\"jobs\".\"nextAttemptAt\" <= $3) ORDER BY \"public\".\"jobs\".\"createdAt\" ASC LIMIT $4 OFFSET $5","timestamp":"2026-08-12T09:22:02.257Z"}
{"level":"debug","message":"prisma query (1055ms): SELECT \"public\".\"jobs\".\"id\", \"public\".\"jobs\".\"type\"::text, \"public\".\"jobs\".\"status\"::text, \"public\".\"jobs\".\"payload\", \"public\".\"jobs\".\"result\", \"public\".\"jobs\".\"error\", \"public\".\"jobs\".\"attempts\", \"public\".\"jobs\".\"maxAttempts\", \"public\".\"jobs\".\"nextAttemptAt\", \"public\".\"jobs\".\"createdById\", \"public\".\"jobs\".\"createdAt\", \"public\".\"jobs\".\"updatedAt\", \"public\".\"jobs\".\"completedAt\" FROM \"public\".\"jobs\" WHERE (\"public\".\"jobs\".\"type\" = CAST($1::text AS \"public\".\"JobType\") AND \"public\".\"jobs\".\"status\" = CAST($2::text AS \"public\".\"JobStatus\") AND \"public\".\"jobs\".\"nextAttemptAt\" <= $3) ORDER BY \"public\".\"jobs\".\"createdAt\" ASC LIMIT $4 OFFSET $5","timestamp":"2026-08-12T09:22:02.259Z"}
{"level":"debug","message":"prisma query (81ms): SELECT 1","timestamp":"2026-08-12T09:22:02.336Z"}
{"level":"debug","message":"prisma query (79ms): COMMIT","timestamp":"2026-08-12T09:22:02.338Z"}
{"level":"debug","message":"prisma query (82ms): BEGIN","timestamp":"2026-08-12T09:22:02.340Z"}
{"level":"debug","message":"prisma query (79ms): COMMIT","timestamp":"2026-08-12T09:22:02.344Z"}
{"level":"debug","message":"prisma query (501ms): BEGIN","timestamp":"2026-08-12T09:22:02.839Z"}
{"level":"debug","message":"prisma query (501ms): DEALLOCATE ALL","timestamp":"2026-08-12T09:22:02.840Z"}
{"level":"debug","message":"prisma query (234ms): DEALLOCATE ALL","timestamp":"2026-08-12T09:22:03.073Z"}
{"level":"debug","message":"prisma query (748ms): SELECT \"public\".\"jobs\".\"id\", \"public\".\"jobs\".\"type\"::text, \"public\".\"jobs\".\"status\"::text, \"public\".\"jobs\".\"payload\", \"public\".\"jobs\".\"result\", \"public\".\"jobs\".\"error\", \"public\".\"jobs\".\"attempts\", \"public\".\"jobs\".\"maxAttempts\", \"public\".\"jobs\".\"nextAttemptAt\", \"public\".\"jobs\".\"createdById\", \"public\".\"jobs\".\"createdAt\", \"public\".\"jobs\".\"updatedAt\", \"public\".\"jobs\".\"completedAt\" FROM \"public\".\"jobs\" WHERE (\"public\".\"jobs\".\"type\" = CAST($1::text AS \"public\".\"JobType\") AND \"public\".\"jobs\".\"status\" = CAST($2::text AS \"public\".\"JobStatus\") AND \"public\".\"jobs\".\"nextAttemptAt\" <= $3) ORDER BY \"public\".\"jobs\".\"createdAt\" ASC LIMIT $4 OFFSET $5","timestamp":"2026-08-12T09:22:03.588Z"}
{"level":"debug","message":"prisma query (1028ms): SELECT \"public\".\"jobs\".\"id\", \"public\".\"jobs\".\"type\"::text, \"public\".\"jobs\".\"status\"::text, \"public\".\"jobs\".\"payload\", \"public\".\"jobs\".\"result\", \"public\".\"jobs\".\"error\", \"public\".\"jobs\".\"attempts\", \"public\".\"jobs\".\"maxAttempts\", \"public\".\"jobs\".\"nextAttemptAt\", \"public\".\"jobs\".\"createdById\", \"public\".\"jobs\".\"createdAt\", \"public\".\"jobs\".\"updatedAt\", \"public\".\"jobs\".\"completedAt\" FROM \"public\".\"jobs\" WHERE (\"public\".\"jobs\".\"type\" = CAST($1::text AS \"public\".\"JobType\") AND \"public\".\"jobs\".\"status\" = CAST($2::text AS \"public\".\"JobStatus\") AND \"public\".\"jobs\".\"nextAttemptAt\" <= $3) ORDER BY \"public\".\"jobs\".\"createdAt\" ASC LIMIT $4 OFFSET $5","timestamp":"2026-08-12T09:22:04.102Z"}
{"level":"debug","message":"prisma query (514ms): COMMIT","timestamp":"2026-08-12T09:22:04.102Z"}
{"level":"debug","message":"prisma query (158ms): COMMIT","timestamp":"2026-08-12T09:22:04.260Z"}
{"level":"debug","message":"prisma query (512ms): BEGIN","timestamp":"2026-08-12T09:22:04.771Z"}
{"level":"debug","message":"prisma query (513ms): BEGIN","timestamp":"2026-08-12T09:22:04.772Z"}
{"level":"debug","message":"prisma query (311ms): DEALLOCATE ALL","timestamp":"2026-08-12T09:22:05.083Z"}
{"level":"debug","message":"prisma query (311ms): DEALLOCATE ALL","timestamp":"2026-08-12T09:22:05.083Z"}
{"level":"debug","message":"prisma query (803ms): SELECT \"public\".\"jobs\".\"id\", \"public\".\"jobs\".\"type\"::text, \"public\".\"jobs\".\"status\"::text, \"public\".\"jobs\".\"payload\", \"public\".\"jobs\".\"result\", \"public\".\"jobs\".\"error\", \"public\".\"jobs\".\"attempts\", \"public\".\"jobs\".\"maxAttempts\", \"public\".\"jobs\".\"nextAttemptAt\", \"public\".\"jobs\".\"createdById\", \"public\".\"jobs\".\"createdAt\", \"public\".\"jobs\".\"updatedAt\", \"public\".\"jobs\".\"completedAt\" FROM \"public\".\"jobs\" WHERE (\"public\".\"jobs\".\"type\" = CAST($1::text AS \"public\".\"JobType\") AND \"public\".\"jobs\".\"status\" = CAST($2::text AS \"public\".\"JobStatus\") AND \"public\".\"jobs\".\"nextAttemptAt\" <= $3) ORDER BY \"public\".\"jobs\".\"createdAt\" ASC LIMIT $4 OFFSET $5","timestamp":"2026-08-12T09:22:05.887Z"}
{"level":"debug","message":"prisma query (803ms): SELECT \"public\".\"jobs\".\"id\", \"public\".\"jobs\".\"type\"::text, \"public\".\"jobs\".\"status\"::text, \"public\".\"jobs\".\"payload\", \"public\".\"jobs\".\"result\", \"public\".\"jobs\".\"error\", \"public\".\"jobs\".\"attempts\", \"public\".\"jobs\".\"maxAttempts\", \"public\".\"jobs\".\"nextAttemptAt\", \"public\".\"jobs\".\"createdById\", \"public\".\"jobs\".\"createdAt\", \"public\".\"jobs\".\"updatedAt\", \"public\".\"jobs\".\"completedAt\" FROM \"public\".\"jobs\" WHERE (\"public\".\"jobs\".\"type\" = CAST($1::text AS \"public\".\"JobType\") AND \"public\".\"jobs\".\"status\" = CAST($2::text AS \"public\".\"JobStatus\") AND \"public\".\"jobs\".\"nextAttemptAt\" <= $3) ORDER BY \"public\".\"jobs\".\"createdAt\" ASC LIMIT $4 OFFSET $5","timestamp":"2026-08-12T09:22:05.887Z"}
{"level":"debug","message":"prisma query (376ms): COMMIT","timestamp":"2026-08-12T09:22:06.263Z"}
{"level":"debug","message":"prisma query (376ms): COMMIT","timestamp":"2026-08-12T09:22:06.264Z"}
{"level":"debug","message":"prisma query (706ms): BEGIN","timestamp":"2026-08-12T09:22:06.967Z"}
{"level":"debug","message":"prisma query (706ms): BEGIN","timestamp":"2026-08-12T09:22:06.968Z"}
{"level":"debug","message":"prisma query (124ms): DEALLOCATE ALL","timestamp":"2026-08-12T09:22:07.093Z"}
{"level":"debug","message":"prisma query (124ms): DEALLOCATE ALL","timestamp":"2026-08-12T09:22:07.093Z"}
{"level":"debug","message":"prisma query (1150ms): SELECT \"public\".\"jobs\".\"id\", \"public\".\"jobs\".\"type\"::text, \"public\".\"jobs\".\"status\"::text, \"public\".\"jobs\".\"payload\", \"public\".\"jobs\".\"result\", \"public\".\"jobs\".\"error\", \"public\".\"jobs\".\"attempts\", \"public\".\"jobs\".\"maxAttempts\", \"public\".\"jobs\".\"nextAttemptAt\", \"public\".\"jobs\".\"createdById\", \"public\".\"jobs\".\"createdAt\", \"public\".\"jobs\".\"updatedAt\", \"public\".\"jobs\".\"completedAt\" FROM \"public\".\"jobs\" WHERE (\"public\".\"jobs\".\"type\" = CAST($1::text AS \"public\".\"JobType\") AND \"public\".\"jobs\".\"status\" = CAST($2::text AS \"public\".\"JobStatus\") AND \"public\".\"jobs\".\"nextAttemptAt\" <= $3) ORDER BY \"public\".\"jobs\".\"createdAt\" ASC LIMIT $4 OFFSET $5","timestamp":"2026-08-12T09:22:08.244Z"}
{"level":"debug","message":"prisma query (1150ms): SELECT \"public\".\"jobs\".\"id\", \"public\".\"jobs\".\"type\"::text, \"public\".\"jobs\".\"status\"::text, \"public\".\"jobs\".\"payload\", \"public\".\"jobs\".\"result\", \"public\".\"jobs\".\"error\", \"public\".\"jobs\".\"attempts\", \"public\".\"jobs\".\"maxAttempts\", \"public\".\"jobs\".\"nextAttemptAt\", \"public\".\"jobs\".\"createdById\", \"public\".\"jobs\".\"createdAt\", \"public\".\"jobs\".\"updatedAt\", \"public\".\"jobs\".\"completedAt\" FROM \"public\".\"jobs\" WHERE (\"public\".\"jobs\".\"type\" = CAST($1::text AS \"public\".\"JobType\") AND \"public\".\"jobs\".\"status\" = CAST($2::text AS \"public\".\"JobStatus\") AND \"public\".\"jobs\".\"nextAttemptAt\" <= $3) ORDER BY \"public\".\"jobs\".\"createdAt\" ASC LIMIT $4 OFFSET $5","timestamp":"2026-08-12T09:22:08.244Z"}
{"level":"debug","message":"prisma query (605ms): COMMIT","timestamp":"2026-08-12T09:22:08.850Z"}
{"level":"debug","message":"prisma query (576ms): BEGIN","timestamp":"2026-08-12T09:22:08.850Z"}
{"level":"debug","message":"prisma query (606ms): COMMIT","timestamp":"2026-08-12T09:22:08.851Z"}
{"level":"debug","message":"prisma query (576ms): SELECT 1","timestamp":"2026-08-12T09:22:08.851Z"}
{"level":"debug","message":"prisma query (248ms): BEGIN","timestamp":"2026-08-12T09:22:09.099Z"}
{"level":"debug","message":"prisma query (249ms): DEALLOCATE ALL","timestamp":"2026-08-12T09:22:09.099Z"}
{"level":"debug","message":"prisma query (184ms): DEALLOCATE ALL","timestamp":"2026-08-12T09:22:09.285Z"}
{"level":"debug","message":"prisma query (699ms): SELECT \"public\".\"jobs\".\"id\", \"public\".\"jobs\".\"type\"::text, \"public\".\"jobs\".\"status\"::text, \"public\".\"jobs\".\"payload\", \"public\".\"jobs\".\"result\", \"public\".\"jobs\".\"error\", \"public\".\"jobs\".\"attempts\", \"public\".\"jobs\".\"maxAttempts\", \"public\".\"jobs\".\"nextAttemptAt\", \"public\".\"jobs\".\"createdById\", \"public\".\"jobs\".\"createdAt\", \"public\".\"jobs\".\"updatedAt\", \"public\".\"jobs\".\"completedAt\" FROM \"public\".\"jobs\" WHERE (\"public\".\"jobs\".\"type\" = CAST($1::text AS \"public\".\"JobType\") AND \"public\".\"jobs\".\"status\" = CAST($2::text AS \"public\".\"JobStatus\") AND \"public\".\"jobs\".\"nextAttemptAt\" <= $3) ORDER BY \"public\".\"jobs\".\"createdAt\" ASC LIMIT $4 OFFSET $5","timestamp":"2026-08-12T09:22:09.800Z"}
{"level":"debug","message":"prisma query (819ms): SELECT \"public\".\"jobs\".\"id\", \"public\".\"jobs\".\"type\"::text, \"public\".\"jobs\".\"status\"::text, \"public\".\"jobs\".\"payload\", \"public\".\"jobs\".\"result\", \"public\".\"jobs\".\"error\", \"public\".\"jobs\".\"attempts\", \"public\".\"jobs\".\"maxAttempts\", \"public\".\"jobs\".\"nextAttemptAt\", \"public\".\"jobs\".\"createdById\", \"public\".\"jobs\".\"createdAt\", \"public\".\"jobs\".\"updatedAt\", \"public\".\"jobs\".\"completedAt\" FROM \"public\".\"jobs\" WHERE (\"public\".\"jobs\".\"type\" = CAST($1::text AS \"public\".\"JobType\") AND \"public\".\"jobs\".\"status\" = CAST($2::text AS \"public\".\"JobStatus\") AND \"public\".\"jobs\".\"nextAttemptAt\" <= $3) ORDER BY \"public\".\"jobs\".\"createdAt\" ASC LIMIT $4 OFFSET $5","timestamp":"2026-08-12T09:22:10.104Z"}
{"level":"debug","message":"prisma query (303ms): COMMIT","timestamp":"2026-08-12T09:22:10.104Z"}
{"level":"debug","message":"prisma query (179ms): COMMIT","timestamp":"2026-08-12T09:22:10.283Z"}
{"level":"debug","message":"prisma query (534ms): SELECT 1","timestamp":"2026-08-12T09:22:10.815Z"}
{"level":"debug","message":"prisma query (535ms): BEGIN","timestamp":"2026-08-12T09:22:10.816Z"}
{"level":"debug","message":"prisma query (417ms): BEGIN","timestamp":"2026-08-12T09:22:11.234Z"}
{"level":"debug","message":"prisma query (417ms): DEALLOCATE ALL","timestamp":"2026-08-12T09:22:11.235Z"}
{"level":"debug","message":"prisma query (690ms): DEALLOCATE ALL","timestamp":"2026-08-12T09:22:11.925Z"}
{"level":"debug","message":"prisma query (1056ms): SELECT \"public\".\"jobs\".\"id\", \"public\".\"jobs\".\"type\"::text, \"public\".\"jobs\".\"status\"::text, \"public\".\"jobs\".\"payload\", \"public\".\"jobs\".\"result\", \"public\".\"jobs\".\"error\", \"public\".\"jobs\".\"attempts\", \"public\".\"jobs\".\"maxAttempts\", \"public\".\"jobs\".\"nextAttemptAt\", \"public\".\"jobs\".\"createdById\", \"public\".\"jobs\".\"createdAt\", \"public\".\"jobs\".\"updatedAt\", \"public\".\"jobs\".\"completedAt\" FROM \"public\".\"jobs\" WHERE (\"public\".\"jobs\".\"type\" = CAST($1::text AS \"public\".\"JobType\") AND \"public\".\"jobs\".\"status\" = CAST($2::text AS \"public\".\"JobStatus\") AND \"public\".\"jobs\".\"nextAttemptAt\" <= $3) ORDER BY \"public\".\"jobs\".\"createdAt\" ASC LIMIT $4 OFFSET $5","timestamp":"2026-08-12T09:22:12.293Z"}
{"level":"debug","message":"prisma query (686ms): BEGIN","timestamp":"2026-08-12T09:22:12.976Z"}
{"level":"debug","message":"prisma query (684ms): COMMIT","timestamp":"2026-08-12T09:22:12.977Z"}
{"level":"debug","message":"prisma query (687ms): BEGIN","timestamp":"2026-08-12T09:22:12.978Z"}
{"level":"debug","message":"prisma query (1051ms): SELECT \"public\".\"jobs\".\"id\", \"public\".\"jobs\".\"type\"::text, \"public\".\"jobs\".\"status\"::text, \"public\".\"jobs\".\"payload\", \"public\".\"jobs\".\"result\", \"public\".\"jobs\".\"error\", \"public\".\"jobs\".\"attempts\", \"public\".\"jobs\".\"maxAttempts\", \"public\".\"jobs\".\"nextAttemptAt\", \"public\".\"jobs\".\"createdById\", \"public\".\"jobs\".\"createdAt\", \"public\".\"jobs\".\"updatedAt\", \"public\".\"jobs\".\"completedAt\" FROM \"public\".\"jobs\" WHERE (\"public\".\"jobs\".\"type\" = CAST($1::text AS \"public\".\"JobType\") AND \"public\".\"jobs\".\"status\" = CAST($2::text AS \"public\".\"JobStatus\") AND \"public\".\"jobs\".\"nextAttemptAt\" <= $3) ORDER BY \"public\".\"jobs\".\"createdAt\" ASC LIMIT $4 OFFSET $5","timestamp":"2026-08-12T09:22:12.978Z"}
{"level":"debug","message":"prisma query (156ms): COMMIT","timestamp":"2026-08-12T09:22:13.133Z"}
{"level":"debug","message":"prisma query (156ms): DEALLOCATE ALL","timestamp":"2026-08-12T09:22:13.134Z"}
{"level":"debug","message":"prisma query (157ms): DEALLOCATE ALL","timestamp":"2026-08-12T09:22:13.134Z"}
{"level":"debug","message":"prisma query (963ms): SELECT \"public\".\"jobs\".\"id\", \"public\".\"jobs\".\"type\"::text, \"public\".\"jobs\".\"status\"::text, \"public\".\"jobs\".\"payload\", \"public\".\"jobs\".\"result\", \"public\".\"jobs\".\"error\", \"public\".\"jobs\".\"attempts\", \"public\".\"jobs\".\"maxAttempts\", \"public\".\"jobs\".\"nextAttemptAt\", \"public\".\"jobs\".\"createdById\", \"public\".\"jobs\".\"createdAt\", \"public\".\"jobs\".\"updatedAt\", \"public\".\"jobs\".\"completedAt\" FROM \"public\".\"jobs\" WHERE (\"public\".\"jobs\".\"type\" = CAST($1::text AS \"public\".\"JobType\") AND \"public\".\"jobs\".\"status\" = CAST($2::text AS \"public\".\"JobStatus\") AND \"public\".\"jobs\".\"nextAttemptAt\" <= $3) ORDER BY \"public\".\"jobs\".\"createdAt\" ASC LIMIT $4 OFFSET $5","timestamp":"2026-08-12T09:22:14.097Z"}
{"level":"debug","message":"prisma query (963ms): SELECT \"public\".\"jobs\".\"id\", \"public\".\"jobs\".\"type\"::text, \"public\".\"jobs\".\"status\"::text, \"public\".\"jobs\".\"payload\", \"public\".\"jobs\".\"result\", \"public\".\"jobs\".\"error\", \"public\".\"jobs\".\"attempts\", \"public\".\"jobs\".\"maxAttempts\", \"public\".\"jobs\".\"nextAttemptAt\", \"public\".\"jobs\".\"createdById\", \"public\".\"jobs\".\"createdAt\", \"public\".\"jobs\".\"updatedAt\", \"public\".\"jobs\".\"completedAt\" FROM \"public\".\"jobs\" WHERE (\"public\".\"jobs\".\"type\" = CAST($1::text AS \"public\".\"JobType\") AND \"public\".\"jobs\".\"status\" = CAST($2::text AS \"public\".\"JobStatus\") AND \"public\".\"jobs\".\"nextAttemptAt\" <= $3) ORDER BY \"public\".\"jobs\".\"createdAt\" ASC LIMIT $4 OFFSET $5","timestamp":"2026-08-12T09:22:14.098Z"}
{"level":"debug","message":"prisma query (197ms): COMMIT","timestamp":"2026-08-12T09:22:14.294Z"}
{"level":"debug","message":"prisma query (197ms): COMMIT","timestamp":"2026-08-12T09:22:14.295Z"}
{"level":"debug","message":"prisma query (226ms): SELECT 1","timestamp":"2026-08-12T09:22:14.519Z"}
{"level":"debug","message":"prisma query (226ms): BEGIN","timestamp":"2026-08-12T09:22:14.519Z"}
{"level":"debug","message":"prisma query (179ms): BEGIN","timestamp":"2026-08-12T09:22:14.699Z"}
{"level":"debug","message":"prisma query (180ms): DEALLOCATE ALL","timestamp":"2026-08-12T09:22:14.699Z"}
{"level":"debug","message":"prisma query (421ms): DEALLOCATE ALL","timestamp":"2026-08-12T09:22:15.121Z"}
{"level":"debug","message":"prisma query (578ms): SELECT \"public\".\"jobs\".\"id\", \"public\".\"jobs\".\"type\"::text, \"public\".\"jobs\".\"status\"::text, \"public\".\"jobs\".\"payload\", \"public\".\"jobs\".\"result\", \"public\".\"jobs\".\"error\", \"public\".\"jobs\".\"attempts\", \"public\".\"jobs\".\"maxAttempts\", \"public\".\"jobs\".\"nextAttemptAt\", \"public\".\"jobs\".\"createdById\", \"public\".\"jobs\".\"createdAt\", \"public\".\"jobs\".\"updatedAt\", \"public\".\"jobs\".\"completedAt\" FROM \"public\".\"jobs\" WHERE (\"public\".\"jobs\".\"type\" = CAST($1::text AS \"public\".\"JobType\") AND \"public\".\"jobs\".\"status\" = CAST($2::text AS \"public\".\"JobStatus\") AND \"public\".\"jobs\".\"nextAttemptAt\" <= $3) ORDER BY \"public\".\"jobs\".\"createdAt\" ASC LIMIT $4 OFFSET $5","timestamp":"2026-08-12T09:22:15.280Z"}
{"level":"debug","message":"prisma query (355ms): COMMIT","timestamp":"2026-08-12T09:22:15.634Z"}
{"level":"debug","message":"prisma query (513ms): SELECT \"public\".\"jobs\".\"id\", \"public\".\"jobs\".\"type\"::text, \"public\".\"jobs\".\"status\"::text, \"public\".\"jobs\".\"payload\", \"public\".\"jobs\".\"result\", \"public\".\"jobs\".\"error\", \"public\".\"jobs\".\"attempts\", \"public\".\"jobs\".\"maxAttempts\", \"public\".\"jobs\".\"nextAttemptAt\", \"public\".\"jobs\".\"createdById\", \"public\".\"jobs\".\"createdAt\", \"public\".\"jobs\".\"updatedAt\", \"public\".\"jobs\".\"completedAt\" FROM \"public\".\"jobs\" WHERE (\"public\".\"jobs\".\"type\" = CAST($1::text AS \"public\".\"JobType\") AND \"public\".\"jobs\".\"status\" = CAST($2::text AS \"public\".\"JobStatus\") AND \"public\".\"jobs\".\"nextAttemptAt\" <= $3) ORDER BY \"public\".\"jobs\".\"createdAt\" ASC LIMIT $4 OFFSET $5","timestamp":"2026-08-12T09:22:15.636Z"}
{"level":"debug","message":"prisma query (517ms): COMMIT","timestamp":"2026-08-12T09:22:16.154Z"}
{"level":"debug","message":"prisma query (578ms): BEGIN","timestamp":"2026-08-12T09:22:16.875Z"}
{"level":"debug","message":"prisma query (578ms): BEGIN","timestamp":"2026-08-12T09:22:16.878Z"}
{"level":"debug","message":"prisma query (48ms): DEALLOCATE ALL","timestamp":"2026-08-12T09:22:16.923Z"}
{"level":"debug","message":"prisma query (55ms): DEALLOCATE ALL","timestamp":"2026-08-12T09:22:16.929Z"}
{"level":"debug","message":"prisma query (658ms): SELECT \"public\".\"jobs\".\"id\", \"public\".\"jobs\".\"type\"::text, \"public\".\"jobs\".\"status\"::text, \"public\".\"jobs\".\"payload\", \"public\".\"jobs\".\"result\", \"public\".\"jobs\".\"error\", \"public\".\"jobs\".\"attempts\", \"public\".\"jobs\".\"maxAttempts\", \"public\".\"jobs\".\"nextAttemptAt\", \"public\".\"jobs\".\"createdById\", \"public\".\"jobs\".\"createdAt\", \"public\".\"jobs\".\"updatedAt\", \"public\".\"jobs\".\"completedAt\" FROM \"public\".\"jobs\" WHERE (\"public\".\"jobs\".\"type\" = CAST($1::text AS \"public\".\"JobType\") AND \"public\".\"jobs\".\"status\" = CAST($2::text AS \"public\".\"JobStatus\") AND \"public\".\"jobs\".\"nextAttemptAt\" <= $3) ORDER BY \"public\".\"jobs\".\"createdAt\" ASC LIMIT $4 OFFSET $5","timestamp":"2026-08-12T09:22:17.582Z"}
{"level":"debug","message":"prisma query (651ms): SELECT \"public\".\"jobs\".\"id\", \"public\".\"jobs\".\"type\"::text, \"public\".\"jobs\".\"status\"::text, \"public\".\"jobs\".\"payload\", \"public\".\"jobs\".\"result\", \"public\".\"jobs\".\"error\", \"public\".\"jobs\".\"attempts\", \"public\".\"jobs\".\"maxAttempts\", \"public\".\"jobs\".\"nextAttemptAt\", \"public\".\"jobs\".\"createdById\", \"public\".\"jobs\".\"createdAt\", \"public\".\"jobs\".\"updatedAt\", \"public\".\"jobs\".\"completedAt\" FROM \"public\".\"jobs\" WHERE (\"public\".\"jobs\".\"type\" = CAST($1::text AS \"public\".\"JobType\") AND \"public\".\"jobs\".\"status\" = CAST($2::text AS \"public\".\"JobStatus\") AND \"public\".\"jobs\".\"nextAttemptAt\" <= $3) ORDER BY \"public\".\"jobs\".\"createdAt\" ASC LIMIT $4 OFFSET $5","timestamp":"2026-08-12T09:22:17.583Z"}
{"level":"debug","message":"prisma query (59ms): COMMIT","timestamp":"2026-08-12T09:22:17.643Z"}
{"level":"debug","message":"prisma query (60ms): COMMIT","timestamp":"2026-08-12T09:22:17.644Z"}
{"level":"debug","message":"prisma query (503ms): BEGIN","timestamp":"2026-08-12T09:22:18.813Z"}
{"level":"debug","message":"prisma query (504ms): BEGIN","timestamp":"2026-08-12T09:22:18.814Z"}
{"level":"debug","message":"prisma query (408ms): DEALLOCATE ALL","timestamp":"2026-08-12T09:22:19.221Z"}
{"level":"debug","message":"prisma query (409ms): DEALLOCATE ALL","timestamp":"2026-08-12T09:22:19.222Z"}
{"level":"debug","message":"prisma query (409ms): SELECT \"public\".\"jobs\".\"id\", \"public\".\"jobs\".\"type\"::text, \"public\".\"jobs\".\"status\"::text, \"public\".\"jobs\".\"payload\", \"public\".\"jobs\".\"result\", \"public\".\"jobs\".\"error\", \"public\".\"jobs\".\"attempts\", \"public\".\"jobs\".\"maxAttempts\", \"public\".\"jobs\".\"nextAttemptAt\", \"public\".\"jobs\".\"createdById\", \"public\".\"jobs\".\"createdAt\", \"public\".\"jobs\".\"updatedAt\", \"public\".\"jobs\".\"completedAt\" FROM \"public\".\"jobs\" WHERE (\"public\".\"jobs\".\"type\" = CAST($1::text AS \"public\".\"JobType\") AND \"public\".\"jobs\".\"status\" = CAST($2::text AS \"public\".\"JobStatus\") AND \"public\".\"jobs\".\"nextAttemptAt\" <= $3) ORDER BY \"public\".\"jobs\".\"createdAt\" ASC LIMIT $4 OFFSET $5","timestamp":"2026-08-12T09:22:19.631Z"}
{"level":"debug","message":"prisma query (408ms): SELECT \"public\".\"jobs\".\"id\", \"public\".\"jobs\".\"type\"::text, \"public\".\"jobs\".\"status\"::text, \"public\".\"jobs\".\"payload\", \"public\".\"jobs\".\"result\", \"public\".\"jobs\".\"error\", \"public\".\"jobs\".\"attempts\", \"public\".\"jobs\".\"maxAttempts\", \"public\".\"jobs\".\"nextAttemptAt\", \"public\".\"jobs\".\"createdById\", \"public\".\"jobs\".\"createdAt\", \"public\".\"jobs\".\"updatedAt\", \"public\".\"jobs\".\"completedAt\" FROM \"public\".\"jobs\" WHERE (\"public\".\"jobs\".\"type\" = CAST($1::text AS \"public\".\"JobType\") AND \"public\".\"jobs\".\"status\" = CAST($2::text AS \"public\".\"JobStatus\") AND \"public\".\"jobs\".\"nextAttemptAt\" <= $3) ORDER BY \"public\".\"jobs\".\"createdAt\" ASC LIMIT $4 OFFSET $5","timestamp":"2026-08-12T09:22:19.632Z"}
{"level":"debug","message":"prisma query (410ms): COMMIT","timestamp":"2026-08-12T09:22:20.041Z"}
{"level":"debug","message":"prisma query (409ms): COMMIT","timestamp":"2026-08-12T09:22:20.042Z"}
{"level":"debug","message":"prisma query (688ms): BEGIN","timestamp":"2026-08-12T09:22:21.012Z"}
{"level":"debug","message":"prisma query (689ms): BEGIN","timestamp":"2026-08-12T09:22:21.012Z"}
{"level":"debug","message":"prisma query (260ms): DEALLOCATE ALL","timestamp":"2026-08-12T09:22:21.276Z"}
{"level":"debug","message":"prisma query (261ms): DEALLOCATE ALL","timestamp":"2026-08-12T09:22:21.278Z"}
{"level":"debug","message":"prisma query (972ms): SELECT \"public\".\"jobs\".\"id\", \"public\".\"jobs\".\"type\"::text, \"public\".\"jobs\".\"status\"::text, \"public\".\"jobs\".\"payload\", \"public\".\"jobs\".\"result\", \"public\".\"jobs\".\"error\", \"public\".\"jobs\".\"attempts\", \"public\".\"jobs\".\"maxAttempts\", \"public\".\"jobs\".\"nextAttemptAt\", \"public\".\"jobs\".\"createdById\", \"public\".\"jobs\".\"createdAt\", \"public\".\"jobs\".\"updatedAt\", \"public\".\"jobs\".\"completedAt\" FROM \"public\".\"jobs\" WHERE (\"public\".\"jobs\".\"type\" = CAST($1::text AS \"public\".\"JobType\") AND \"public\".\"jobs\".\"status\" = CAST($2::text AS \"public\".\"JobStatus\") AND \"public\".\"jobs\".\"nextAttemptAt\" <= $3) ORDER BY \"public\".\"jobs\".\"createdAt\" ASC LIMIT $4 OFFSET $5","timestamp":"2026-08-12T09:22:22.246Z"}
{"level":"debug","message":"prisma query (970ms): SELECT \"public\".\"jobs\".\"id\", \"public\".\"jobs\".\"type\"::text, \"public\".\"jobs\".\"status\"::text, \"public\".\"jobs\".\"payload\", \"public\".\"jobs\".\"result\", \"public\".\"jobs\".\"error\", \"public\".\"jobs\".\"attempts\", \"public\".\"jobs\".\"maxAttempts\", \"public\".\"jobs\".\"nextAttemptAt\", \"public\".\"jobs\".\"createdById\", \"public\".\"jobs\".\"createdAt\", \"public\".\"jobs\".\"updatedAt\", \"public\".\"jobs\".\"completedAt\" FROM \"public\".\"jobs\" WHERE (\"public\".\"jobs\".\"type\" = CAST($1::text AS \"public\".\"JobType\") AND \"public\".\"jobs\".\"status\" = CAST($2::text AS \"public\".\"JobStatus\") AND \"public\".\"jobs\".\"nextAttemptAt\" <= $3) ORDER BY \"public\".\"jobs\".\"createdAt\" ASC LIMIT $4 OFFSET $5","timestamp":"2026-08-12T09:22:22.246Z"}
{"level":"debug","message":"prisma query (68ms): SELECT 1","timestamp":"2026-08-12T09:22:22.406Z"}
{"level":"debug","message":"prisma query (160ms): COMMIT","timestamp":"2026-08-12T09:22:22.406Z"}
{"level":"debug","message":"prisma query (159ms): COMMIT","timestamp":"2026-08-12T09:22:22.407Z"}
{"level":"debug","message":"prisma query (68ms): BEGIN","timestamp":"2026-08-12T09:22:22.407Z"}
{"level":"debug","message":"prisma query (398ms): BEGIN","timestamp":"2026-08-12T09:22:22.804Z"}
{"level":"debug","message":"prisma query (399ms): DEALLOCATE ALL","timestamp":"2026-08-12T09:22:22.805Z"}
{"level":"debug","message":"prisma query (348ms): DEALLOCATE ALL","timestamp":"2026-08-12T09:22:23.153Z"}
{"level":"debug","message":"prisma query (614ms): SELECT \"public\".\"jobs\".\"id\", \"public\".\"jobs\".\"type\"::text, \"public\".\"jobs\".\"status\"::text, \"public\".\"jobs\".\"payload\", \"public\".\"jobs\".\"result\", \"public\".\"jobs\".\"error\", \"public\".\"jobs\".\"attempts\", \"public\".\"jobs\".\"maxAttempts\", \"public\".\"jobs\".\"nextAttemptAt\", \"public\".\"jobs\".\"createdById\", \"public\".\"jobs\".\"createdAt\", \"public\".\"jobs\".\"updatedAt\", \"public\".\"jobs\".\"completedAt\" FROM \"public\".\"jobs\" WHERE (\"public\".\"jobs\".\"type\" = CAST($1::text AS \"public\".\"JobType\") AND \"public\".\"jobs\".\"status\" = CAST($2::text AS \"public\".\"JobStatus\") AND \"public\".\"jobs\".\"nextAttemptAt\" <= $3) ORDER BY \"public\".\"jobs\".\"createdAt\" ASC LIMIT $4 OFFSET $5","timestamp":"2026-08-12T09:22:23.421Z"}
{"level":"debug","message":"prisma query (620ms): COMMIT","timestamp":"2026-08-12T09:22:24.042Z"}
{"level":"debug","message":"prisma query (888ms): SELECT \"public\".\"jobs\".\"id\", \"public\".\"jobs\".\"type\"::text, \"public\".\"jobs\".\"status\"::text, \"public\".\"jobs\".\"payload\", \"public\".\"jobs\".\"result\", \"public\".\"jobs\".\"error\", \"public\".\"jobs\".\"attempts\", \"public\".\"jobs\".\"maxAttempts\", \"public\".\"jobs\".\"nextAttemptAt\", \"public\".\"jobs\".\"createdById\", \"public\".\"jobs\".\"createdAt\", \"public\".\"jobs\".\"updatedAt\", \"public\".\"jobs\".\"completedAt\" FROM \"public\".\"jobs\" WHERE (\"public\".\"jobs\".\"type\" = CAST($1::text AS \"public\".\"JobType\") AND \"public\".\"jobs\".\"status\" = CAST($2::text AS \"public\".\"JobStatus\") AND \"public\".\"jobs\".\"nextAttemptAt\" <= $3) ORDER BY \"public\".\"jobs\".\"createdAt\" ASC LIMIT $4 OFFSET $5","timestamp":"2026-08-12T09:22:24.044Z"}
{"level":"debug","message":"prisma query (310ms): COMMIT","timestamp":"2026-08-12T09:22:24.352Z"}
{"level":"debug","message":"prisma query (514ms): SELECT 1","timestamp":"2026-08-12T09:22:24.862Z"}
{"level":"debug","message":"prisma query (514ms): BEGIN","timestamp":"2026-08-12T09:22:24.863Z"}
{"level":"debug","message":"prisma query (294ms): BEGIN","timestamp":"2026-08-12T09:22:25.158Z"}
{"level":"debug","message":"prisma query (294ms): DEALLOCATE ALL","timestamp":"2026-08-12T09:22:25.158Z"}
{"level":"debug","message":"prisma query (112ms): DEALLOCATE ALL","timestamp":"2026-08-12T09:22:25.269Z"}
{"level":"debug","message":"prisma query (721ms): SELECT \"public\".\"jobs\".\"id\", \"public\".\"jobs\".\"type\"::text, \"public\".\"jobs\".\"status\"::text, \"public\".\"jobs\".\"payload\", \"public\".\"jobs\".\"result\", \"public\".\"jobs\".\"error\", \"public\".\"jobs\".\"attempts\", \"public\".\"jobs\".\"maxAttempts\", \"public\".\"jobs\".\"nextAttemptAt\", \"public\".\"jobs\".\"createdById\", \"public\".\"jobs\".\"createdAt\", \"public\".\"jobs\".\"updatedAt\", \"public\".\"jobs\".\"completedAt\" FROM \"public\".\"jobs\" WHERE (\"public\".\"jobs\".\"type\" = CAST($1::text AS \"public\".\"JobType\") AND \"public\".\"jobs\".\"status\" = CAST($2::text AS \"public\".\"JobStatus\") AND \"public\".\"jobs\".\"nextAttemptAt\" <= $3) ORDER BY \"public\".\"jobs\".\"createdAt\" ASC LIMIT $4 OFFSET $5","timestamp":"2026-08-12T09:22:25.880Z"}
{"level":"debug","message":"prisma query (1090ms): SELECT \"public\".\"jobs\".\"id\", \"public\".\"jobs\".\"type\"::text, \"public\".\"jobs\".\"status\"::text, \"public\".\"jobs\".\"payload\", \"public\".\"jobs\".\"result\", \"public\".\"jobs\".\"error\", \"public\".\"jobs\".\"attempts\", \"public\".\"jobs\".\"maxAttempts\", \"public\".\"jobs\".\"nextAttemptAt\", \"public\".\"jobs\".\"createdById\", \"public\".\"jobs\".\"createdAt\", \"public\".\"jobs\".\"updatedAt\", \"public\".\"jobs\".\"completedAt\" FROM \"public\".\"jobs\" WHERE (\"public\".\"jobs\".\"type\" = CAST($1::text AS \"public\".\"JobType\") AND \"public\".\"jobs\".\"status\" = CAST($2::text AS \"public\".\"JobStatus\") AND \"public\".\"jobs\".\"nextAttemptAt\" <= $3) ORDER BY \"public\".\"jobs\".\"createdAt\" ASC LIMIT $4 OFFSET $5","timestamp":"2026-08-12T09:22:26.360Z"}
{"level":"debug","message":"prisma query (480ms): COMMIT","timestamp":"2026-08-12T09:22:26.361Z"}
{"level":"debug","message":"prisma query (193ms): COMMIT","timestamp":"2026-08-12T09:22:26.554Z"}
{"level":"debug","message":"prisma query (195ms): BEGIN","timestamp":"2026-08-12T09:22:26.554Z"}
{"level":"debug","message":"prisma query (195ms): SELECT 1","timestamp":"2026-08-12T09:22:26.554Z"}
{"level":"debug","message":"prisma query (95ms): DEALLOCATE ALL","timestamp":"2026-08-12T09:22:26.649Z"}
{"level":"debug","message":"prisma query (95ms): BEGIN","timestamp":"2026-08-12T09:22:26.650Z"}
{"level":"debug","message":"prisma query (85ms): DEALLOCATE ALL","timestamp":"2026-08-12T09:22:26.736Z"}
{"level":"debug","message":"prisma query (259ms): SELECT \"public\".\"jobs\".\"id\", \"public\".\"jobs\".\"type\"::text, \"public\".\"jobs\".\"status\"::text, \"public\".\"jobs\".\"payload\", \"public\".\"jobs\".\"result\", \"public\".\"jobs\".\"error\", \"public\".\"jobs\".\"attempts\", \"public\".\"jobs\".\"maxAttempts\", \"public\".\"jobs\".\"nextAttemptAt\", \"public\".\"jobs\".\"createdById\", \"public\".\"jobs\".\"createdAt\", \"public\".\"jobs\".\"updatedAt\", \"public\".\"jobs\".\"completedAt\" FROM \"public\".\"jobs\" WHERE (\"public\".\"jobs\".\"type\" = CAST($1::text AS \"public\".\"JobType\") AND \"public\".\"jobs\".\"status\" = CAST($2::text AS \"public\".\"JobStatus\") AND \"public\".\"jobs\".\"nextAttemptAt\" <= $3) ORDER BY \"public\".\"jobs\".\"createdAt\" ASC LIMIT $4 OFFSET $5","timestamp":"2026-08-12T09:22:26.909Z"}
{"level":"debug","message":"prisma query (256ms): COMMIT","timestamp":"2026-08-12T09:22:27.165Z"}
{"level":"debug","message":"prisma query (429ms): SELECT \"public\".\"jobs\".\"id\", \"public\".\"jobs\".\"type\"::text, \"public\".\"jobs\".\"status\"::text, \"public\".\"jobs\".\"payload\", \"public\".\"jobs\".\"result\", \"public\".\"jobs\".\"error\", \"public\".\"jobs\".\"attempts\", \"public\".\"jobs\".\"maxAttempts\", \"public\".\"jobs\".\"nextAttemptAt\", \"public\".\"jobs\".\"createdById\", \"public\".\"jobs\".\"createdAt\", \"public\".\"jobs\".\"updatedAt\", \"public\".\"jobs\".\"completedAt\" FROM \"public\".\"jobs\" WHERE (\"public\".\"jobs\".\"type\" = CAST($1::text AS \"public\".\"JobType\") AND \"public\".\"jobs\".\"status\" = CAST($2::text AS \"public\".\"JobStatus\") AND \"public\".\"jobs\".\"nextAttemptAt\" <= $3) ORDER BY \"public\".\"jobs\".\"createdAt\" ASC LIMIT $4 OFFSET $5","timestamp":"2026-08-12T09:22:27.166Z"}
{"level":"debug","message":"prisma query (533ms): COMMIT","timestamp":"2026-08-12T09:22:27.699Z"}
{"level":"debug","message":"prisma query (267ms): BEGIN","timestamp":"2026-08-12T09:22:28.642Z"}
{"level":"debug","message":"prisma query (267ms): BEGIN","timestamp":"2026-08-12T09:22:28.642Z"}
{"level":"debug","message":"prisma query (307ms): DEALLOCATE ALL","timestamp":"2026-08-12T09:22:28.948Z"}
{"level":"debug","message":"prisma query (307ms): DEALLOCATE ALL","timestamp":"2026-08-12T09:22:28.948Z"}
{"level":"debug","message":"prisma query (412ms): SELECT \"public\".\"jobs\".\"id\", \"public\".\"jobs\".\"type\"::text, \"public\".\"jobs\".\"status\"::text, \"public\".\"jobs\".\"payload\", \"public\".\"jobs\".\"result\", \"public\".\"jobs\".\"error\", \"public\".\"jobs\".\"attempts\", \"public\".\"jobs\".\"maxAttempts\", \"public\".\"jobs\".\"nextAttemptAt\", \"public\".\"jobs\".\"createdById\", \"public\".\"jobs\".\"createdAt\", \"public\".\"jobs\".\"updatedAt\", \"public\".\"jobs\".\"completedAt\" FROM \"public\".\"jobs\" WHERE (\"public\".\"jobs\".\"type\" = CAST($1::text AS \"public\".\"JobType\") AND \"public\".\"jobs\".\"status\" = CAST($2::text AS \"public\".\"JobStatus\") AND \"public\".\"jobs\".\"nextAttemptAt\" <= $3) ORDER BY \"public\".\"jobs\".\"createdAt\" ASC LIMIT $4 OFFSET $5","timestamp":"2026-08-12T09:22:29.361Z"}
{"level":"debug","message":"prisma query (412ms): SELECT \"public\".\"jobs\".\"id\", \"public\".\"jobs\".\"type\"::text, \"public\".\"jobs\".\"status\"::text, \"public\".\"jobs\".\"payload\", \"public\".\"jobs\".\"result\", \"public\".\"jobs\".\"error\", \"public\".\"jobs\".\"attempts\", \"public\".\"jobs\".\"maxAttempts\", \"public\".\"jobs\".\"nextAttemptAt\", \"public\".\"jobs\".\"createdById\", \"public\".\"jobs\".\"createdAt\", \"public\".\"jobs\".\"updatedAt\", \"public\".\"jobs\".\"completedAt\" FROM \"public\".\"jobs\" WHERE (\"public\".\"jobs\".\"type\" = CAST($1::text AS \"public\".\"JobType\") AND \"public\".\"jobs\".\"status\" = CAST($2::text AS \"public\".\"JobStatus\") AND \"public\".\"jobs\".\"nextAttemptAt\" <= $3) ORDER BY \"public\".\"jobs\".\"createdAt\" ASC LIMIT $4 OFFSET $5","timestamp":"2026-08-12T09:22:29.362Z"}
{"level":"debug","message":"prisma query (216ms): COMMIT","timestamp":"2026-08-12T09:22:29.577Z"}
{"level":"debug","message":"prisma query (216ms): COMMIT","timestamp":"2026-08-12T09:22:29.578Z"}
{"level":"debug","message":"prisma query (213ms): BEGIN","timestamp":"2026-08-12T09:22:30.588Z"}
{"level":"debug","message":"prisma query (214ms): BEGIN","timestamp":"2026-08-12T09:22:30.590Z"}
{"level":"debug","message":"prisma query (416ms): DEALLOCATE ALL","timestamp":"2026-08-12T09:22:31.004Z"}
{"level":"debug","message":"prisma query (416ms): DEALLOCATE ALL","timestamp":"2026-08-12T09:22:31.006Z"}
{"level":"debug","message":"prisma query (440ms): SELECT \"public\".\"jobs\".\"id\", \"public\".\"jobs\".\"type\"::text, \"public\".\"jobs\".\"status\"::text, \"public\".\"jobs\".\"payload\", \"public\".\"jobs\".\"result\", \"public\".\"jobs\".\"error\", \"public\".\"jobs\".\"attempts\", \"public\".\"jobs\".\"maxAttempts\", \"public\".\"jobs\".\"nextAttemptAt\", \"public\".\"jobs\".\"createdById\", \"public\".\"jobs\".\"createdAt\", \"public\".\"jobs\".\"updatedAt\", \"public\".\"jobs\".\"completedAt\" FROM \"public\".\"jobs\" WHERE (\"public\".\"jobs\".\"type\" = CAST($1::text AS \"public\".\"JobType\") AND \"public\".\"jobs\".\"status\" = CAST($2::text AS \"public\".\"JobStatus\") AND \"public\".\"jobs\".\"nextAttemptAt\" <= $3) ORDER BY \"public\".\"jobs\".\"createdAt\" ASC LIMIT $4 OFFSET $5","timestamp":"2026-08-12T09:22:31.446Z"}
{"level":"debug","message":"prisma query (439ms): SELECT \"public\".\"jobs\".\"id\", \"public\".\"jobs\".\"type\"::text, \"public\".\"jobs\".\"status\"::text, \"public\".\"jobs\".\"payload\", \"public\".\"jobs\".\"result\", \"public\".\"jobs\".\"error\", \"public\".\"jobs\".\"attempts\", \"public\".\"jobs\".\"maxAttempts\", \"public\".\"jobs\".\"nextAttemptAt\", \"public\".\"jobs\".\"createdById\", \"public\".\"jobs\".\"createdAt\", \"public\".\"jobs\".\"updatedAt\", \"public\".\"jobs\".\"completedAt\" FROM \"public\".\"jobs\" WHERE (\"public\".\"jobs\".\"type\" = CAST($1::text AS \"public\".\"JobType\") AND \"public\".\"jobs\".\"status\" = CAST($2::text AS \"public\".\"JobStatus\") AND \"public\".\"jobs\".\"nextAttemptAt\" <= $3) ORDER BY \"public\".\"jobs\".\"createdAt\" ASC LIMIT $4 OFFSET $5","timestamp":"2026-08-12T09:22:31.449Z"}
{"level":"debug","message":"prisma query (321ms): COMMIT","timestamp":"2026-08-12T09:22:31.771Z"}
{"level":"debug","message":"prisma query (321ms): COMMIT","timestamp":"2026-08-12T09:22:31.772Z"}
{"level":"debug","message":"prisma query (353ms): BEGIN","timestamp":"2026-08-12T09:22:32.733Z"}
{"level":"debug","message":"prisma query (352ms): BEGIN","timestamp":"2026-08-12T09:22:32.733Z"}
{"level":"debug","message":"prisma query (414ms): DEALLOCATE ALL","timestamp":"2026-08-12T09:22:33.147Z"}
{"level":"debug","message":"prisma query (415ms): DEALLOCATE ALL","timestamp":"2026-08-12T09:22:33.148Z"}
{"level":"debug","message":"prisma query (141ms): SELECT \"public\".\"jobs\".\"id\", \"public\".\"jobs\".\"type\"::text, \"public\".\"jobs\".\"status\"::text, \"public\".\"jobs\".\"payload\", \"public\".\"jobs\".\"result\", \"public\".\"jobs\".\"error\", \"public\".\"jobs\".\"attempts\", \"public\".\"jobs\".\"maxAttempts\", \"public\".\"jobs\".\"nextAttemptAt\", \"public\".\"jobs\".\"createdById\", \"public\".\"jobs\".\"createdAt\", \"public\".\"jobs\".\"updatedAt\", \"public\".\"jobs\".\"completedAt\" FROM \"public\".\"jobs\" WHERE (\"public\".\"jobs\".\"type\" = CAST($1::text AS \"public\".\"JobType\") AND \"public\".\"jobs\".\"status\" = CAST($2::text AS \"public\".\"JobStatus\") AND \"public\".\"jobs\".\"nextAttemptAt\" <= $3) ORDER BY \"public\".\"jobs\".\"createdAt\" ASC LIMIT $4 OFFSET $5","timestamp":"2026-08-12T09:22:33.289Z"}
{"level":"debug","message":"prisma query (141ms): SELECT \"public\".\"jobs\".\"id\", \"public\".\"jobs\".\"type\"::text, \"public\".\"jobs\".\"status\"::text, \"public\".\"jobs\".\"payload\", \"public\".\"jobs\".\"result\", \"public\".\"jobs\".\"error\", \"public\".\"jobs\".\"attempts\", \"public\".\"jobs\".\"maxAttempts\", \"public\".\"jobs\".\"nextAttemptAt\", \"public\".\"jobs\".\"createdById\", \"public\".\"jobs\".\"createdAt\", \"public\".\"jobs\".\"updatedAt\", \"public\".\"jobs\".\"completedAt\" FROM \"public\".\"jobs\" WHERE (\"public\".\"jobs\".\"type\" = CAST($1::text AS \"public\".\"JobType\") AND \"public\".\"jobs\".\"status\" = CAST($2::text AS \"public\".\"JobStatus\") AND \"public\".\"jobs\".\"nextAttemptAt\" <= $3) ORDER BY \"public\".\"jobs\".\"createdAt\" ASC LIMIT $4 OFFSET $5","timestamp":"2026-08-12T09:22:33.290Z"}
{"level":"debug","message":"prisma query (73ms): COMMIT","timestamp":"2026-08-12T09:22:33.364Z"}
{"level":"debug","message":"prisma query (74ms): COMMIT","timestamp":"2026-08-12T09:22:33.366Z"}
{"level":"debug","message":"prisma query (59ms): BEGIN","timestamp":"2026-08-12T09:22:34.437Z"}
{"level":"debug","message":"prisma query (73ms): BEGIN","timestamp":"2026-08-12T09:22:34.451Z"}
{"level":"debug","message":"prisma query (60ms): DEALLOCATE ALL","timestamp":"2026-08-12T09:22:34.498Z"}
{"level":"debug","message":"prisma query (46ms): DEALLOCATE ALL","timestamp":"2026-08-12T09:22:34.498Z"}
{"level":"debug","message":"prisma query (110ms): SELECT \"public\".\"jobs\".\"id\", \"public\".\"jobs\".\"type\"::text, \"public\".\"jobs\".\"status\"::text, \"public\".\"jobs\".\"payload\", \"public\".\"jobs\".\"result\", \"public\".\"jobs\".\"error\", \"public\".\"jobs\".\"attempts\", \"public\".\"jobs\".\"maxAttempts\", \"public\".\"jobs\".\"nextAttemptAt\", \"public\".\"jobs\".\"createdById\", \"public\".\"jobs\".\"createdAt\", \"public\".\"jobs\".\"updatedAt\", \"public\".\"jobs\".\"completedAt\" FROM \"public\".\"jobs\" WHERE (\"public\".\"jobs\".\"type\" = CAST($1::text AS \"public\".\"JobType\") AND \"public\".\"jobs\".\"status\" = CAST($2::text AS \"public\".\"JobStatus\") AND \"public\".\"jobs\".\"nextAttemptAt\" <= $3) ORDER BY \"public\".\"jobs\".\"createdAt\" ASC LIMIT $4 OFFSET $5","timestamp":"2026-08-12T09:22:34.609Z"}
{"level":"debug","message":"prisma query (110ms): SELECT \"public\".\"jobs\".\"id\", \"public\".\"jobs\".\"type\"::text, \"public\".\"jobs\".\"status\"::text, \"public\".\"jobs\".\"payload\", \"public\".\"jobs\".\"result\", \"public\".\"jobs\".\"error\", \"public\".\"jobs\".\"attempts\", \"public\".\"jobs\".\"maxAttempts\", \"public\".\"jobs\".\"nextAttemptAt\", \"public\".\"jobs\".\"createdById\", \"public\".\"jobs\".\"createdAt\", \"public\".\"jobs\".\"updatedAt\", \"public\".\"jobs\".\"completedAt\" FROM \"public\".\"jobs\" WHERE (\"public\".\"jobs\".\"type\" = CAST($1::text AS \"public\".\"JobType\") AND \"public\".\"jobs\".\"status\" = CAST($2::text AS \"public\".\"JobStatus\") AND \"public\".\"jobs\".\"nextAttemptAt\" <= $3) ORDER BY \"public\".\"jobs\".\"createdAt\" ASC LIMIT $4 OFFSET $5","timestamp":"2026-08-12T09:22:34.609Z"}
{"level":"debug","message":"prisma query (73ms): COMMIT","timestamp":"2026-08-12T09:22:34.682Z"}
{"level":"debug","message":"prisma query (73ms): COMMIT","timestamp":"2026-08-12T09:22:34.682Z"}
{"level":"debug","message":"prisma query (372ms): BEGIN","timestamp":"2026-08-12T09:22:36.763Z"}
{"level":"debug","message":"prisma query (372ms): BEGIN","timestamp":"2026-08-12T09:22:36.765Z"}
{"level":"debug","message":"prisma query (432ms): DEALLOCATE ALL","timestamp":"2026-08-12T09:22:37.194Z"}
{"level":"debug","message":"prisma query (432ms): DEALLOCATE ALL","timestamp":"2026-08-12T09:22:37.194Z"}
{"level":"debug","message":"prisma query (285ms): SELECT \"public\".\"jobs\".\"id\", \"public\".\"jobs\".\"type\"::text, \"public\".\"jobs\".\"status\"::text, \"public\".\"jobs\".\"payload\", \"public\".\"jobs\".\"result\", \"public\".\"jobs\".\"error\", \"public\".\"jobs\".\"attempts\", \"public\".\"jobs\".\"maxAttempts\", \"public\".\"jobs\".\"nextAttemptAt\", \"public\".\"jobs\".\"createdById\", \"public\".\"jobs\".\"createdAt\", \"public\".\"jobs\".\"updatedAt\", \"public\".\"jobs\".\"completedAt\" FROM \"public\".\"jobs\" WHERE (\"public\".\"jobs\".\"type\" = CAST($1::text AS \"public\".\"JobType\") AND \"public\".\"jobs\".\"status\" = CAST($2::text AS \"public\".\"JobStatus\") AND \"public\".\"jobs\".\"nextAttemptAt\" <= $3) ORDER BY \"public\".\"jobs\".\"createdAt\" ASC LIMIT $4 OFFSET $5","timestamp":"2026-08-12T09:22:37.479Z"}
{"level":"debug","message":"prisma query (285ms): SELECT \"public\".\"jobs\".\"id\", \"public\".\"jobs\".\"type\"::text, \"public\".\"jobs\".\"status\"::text, \"public\".\"jobs\".\"payload\", \"public\".\"jobs\".\"result\", \"public\".\"jobs\".\"error\", \"public\".\"jobs\".\"attempts\", \"public\".\"jobs\".\"maxAttempts\", \"public\".\"jobs\".\"nextAttemptAt\", \"public\".\"jobs\".\"createdById\", \"public\".\"jobs\".\"createdAt\", \"public\".\"jobs\".\"updatedAt\", \"public\".\"jobs\".\"completedAt\" FROM \"public\".\"jobs\" WHERE (\"public\".\"jobs\".\"type\" = CAST($1::text AS \"public\".\"JobType\") AND \"public\".\"jobs\".\"status\" = CAST($2::text AS \"public\".\"JobStatus\") AND \"public\".\"jobs\".\"nextAttemptAt\" <= $3) ORDER BY \"public\".\"jobs\".\"createdAt\" ASC LIMIT $4 OFFSET $5","timestamp":"2026-08-12T09:22:37.480Z"}
{"level":"debug","message":"prisma query (304ms): COMMIT","timestamp":"2026-08-12T09:22:37.783Z"}
{"level":"debug","message":"prisma query (304ms): COMMIT","timestamp":"2026-08-12T09:22:37.784Z"}
{"level":"debug","message":"prisma query (520ms): SELECT 1","timestamp":"2026-08-12T09:22:38.914Z"}
{"level":"debug","message":"prisma query (519ms): BEGIN","timestamp":"2026-08-12T09:22:38.915Z"}
{"level":"debug","message":"prisma query (287ms): BEGIN","timestamp":"2026-08-12T09:22:39.202Z"}
{"level":"debug","message":"prisma query (288ms): DEALLOCATE ALL","timestamp":"2026-08-12T09:22:39.203Z"}
{"level":"debug","message":"prisma query (404ms): DEALLOCATE ALL","timestamp":"2026-08-12T09:22:39.607Z"}
{"level":"debug","message":"prisma query (509ms): SELECT \"public\".\"jobs\".\"id\", \"public\".\"jobs\".\"type\"::text, \"public\".\"jobs\".\"status\"::text, \"public\".\"jobs\".\"payload\", \"public\".\"jobs\".\"result\", \"public\".\"jobs\".\"error\", \"public\".\"jobs\".\"attempts\", \"public\".\"jobs\".\"maxAttempts\", \"public\".\"jobs\".\"nextAttemptAt\", \"public\".\"jobs\".\"createdById\", \"public\".\"jobs\".\"createdAt\", \"public\".\"jobs\".\"updatedAt\", \"public\".\"jobs\".\"completedAt\" FROM \"public\".\"jobs\" WHERE (\"public\".\"jobs\".\"type\" = CAST($1::text AS \"public\".\"JobType\") AND \"public\".\"jobs\".\"status\" = CAST($2::text AS \"public\".\"JobStatus\") AND \"public\".\"jobs\".\"nextAttemptAt\" <= $3) ORDER BY \"public\".\"jobs\".\"createdAt\" ASC LIMIT $4 OFFSET $5","timestamp":"2026-08-12T09:22:39.712Z"}
{"level":"debug","message":"prisma query (297ms): COMMIT","timestamp":"2026-08-12T09:22:40.010Z"}
{"level":"debug","message":"prisma query (402ms): SELECT \"public\".\"jobs\".\"id\", \"public\".\"jobs\".\"type\"::text, \"public\".\"jobs\".\"status\"::text, \"public\".\"jobs\".\"payload\", \"public\".\"jobs\".\"result\", \"public\".\"jobs\".\"error\", \"public\".\"jobs\".\"attempts\", \"public\".\"jobs\".\"maxAttempts\", \"public\".\"jobs\".\"nextAttemptAt\", \"public\".\"jobs\".\"createdById\", \"public\".\"jobs\".\"createdAt\", \"public\".\"jobs\".\"updatedAt\", \"public\".\"jobs\".\"completedAt\" FROM \"public\".\"jobs\" WHERE (\"public\".\"jobs\".\"type\" = CAST($1::text AS \"public\".\"JobType\") AND \"public\".\"jobs\".\"status\" = CAST($2::text AS \"public\".\"JobStatus\") AND \"public\".\"jobs\".\"nextAttemptAt\" <= $3) ORDER BY \"public\".\"jobs\".\"createdAt\" ASC LIMIT $4 OFFSET $5","timestamp":"2026-08-12T09:22:40.011Z"}
{"level":"debug","message":"prisma query (118ms): COMMIT","timestamp":"2026-08-12T09:22:40.129Z"}
{"level":"debug","message":"prisma query (223ms): BEGIN","timestamp":"2026-08-12T09:22:40.621Z"}
{"level":"debug","message":"prisma query (220ms): BEGIN","timestamp":"2026-08-12T09:22:40.621Z"}
{"level":"debug","message":"prisma query (204ms): DEALLOCATE ALL","timestamp":"2026-08-12T09:22:40.825Z"}
{"level":"debug","message":"prisma query (205ms): DEALLOCATE ALL","timestamp":"2026-08-12T09:22:40.826Z"}
{"level":"debug","message":"prisma query (868ms): SELECT \"public\".\"jobs\".\"id\", \"public\".\"jobs\".\"type\"::text, \"public\".\"jobs\".\"status\"::text, \"public\".\"jobs\".\"payload\", \"public\".\"jobs\".\"result\", \"public\".\"jobs\".\"error\", \"public\".\"jobs\".\"attempts\", \"public\".\"jobs\".\"maxAttempts\", \"public\".\"jobs\".\"nextAttemptAt\", \"public\".\"jobs\".\"createdById\", \"public\".\"jobs\".\"createdAt\", \"public\".\"jobs\".\"updatedAt\", \"public\".\"jobs\".\"completedAt\" FROM \"public\".\"jobs\" WHERE (\"public\".\"jobs\".\"type\" = CAST($1::text AS \"public\".\"JobType\") AND \"public\".\"jobs\".\"status\" = CAST($2::text AS \"public\".\"JobStatus\") AND \"public\".\"jobs\".\"nextAttemptAt\" <= $3) ORDER BY \"public\".\"jobs\".\"createdAt\" ASC LIMIT $4 OFFSET $5","timestamp":"2026-08-12T09:22:41.694Z"}
{"level":"debug","message":"prisma query (867ms): SELECT \"public\".\"jobs\".\"id\", \"public\".\"jobs\".\"type\"::text, \"public\".\"jobs\".\"status\"::text, \"public\".\"jobs\".\"payload\", \"public\".\"jobs\".\"result\", \"public\".\"jobs\".\"error\", \"public\".\"jobs\".\"attempts\", \"public\".\"jobs\".\"maxAttempts\", \"public\".\"jobs\".\"nextAttemptAt\", \"public\".\"jobs\".\"createdById\", \"public\".\"jobs\".\"createdAt\", \"public\".\"jobs\".\"updatedAt\", \"public\".\"jobs\".\"completedAt\" FROM \"public\".\"jobs\" WHERE (\"public\".\"jobs\".\"type\" = CAST($1::text AS \"public\".\"JobType\") AND \"public\".\"jobs\".\"status\" = CAST($2::text AS \"public\".\"JobStatus\") AND \"public\".\"jobs\".\"nextAttemptAt\" <= $3) ORDER BY \"public\".\"jobs\".\"createdAt\" ASC LIMIT $4 OFFSET $5","timestamp":"2026-08-12T09:22:41.695Z"}
{"level":"debug","message":"prisma query (575ms): COMMIT","timestamp":"2026-08-12T09:22:42.271Z"}
{"level":"debug","message":"prisma query (576ms): COMMIT","timestamp":"2026-08-12T09:22:42.271Z"}
{"level":"debug","message":"prisma query (271ms): BEGIN","timestamp":"2026-08-12T09:22:42.669Z"}
{"level":"debug","message":"prisma query (256ms): SELECT 1","timestamp":"2026-08-12T09:22:42.670Z"}
{"level":"debug","message":"prisma query (204ms): DEALLOCATE ALL","timestamp":"2026-08-12T09:22:42.874Z"}
{"level":"debug","message":"prisma query (204ms): BEGIN","timestamp":"2026-08-12T09:22:42.875Z"}
{"level":"debug","message":"prisma query (335ms): DEALLOCATE ALL","timestamp":"2026-08-12T09:22:43.209Z"}
{"level":"debug","message":"prisma query (645ms): SELECT \"public\".\"jobs\".\"id\", \"public\".\"jobs\".\"type\"::text, \"public\".\"jobs\".\"status\"::text, \"public\".\"jobs\".\"payload\", \"public\".\"jobs\".\"result\", \"public\".\"jobs\".\"error\", \"public\".\"jobs\".\"attempts\", \"public\".\"jobs\".\"maxAttempts\", \"public\".\"jobs\".\"nextAttemptAt\", \"public\".\"jobs\".\"createdById\", \"public\".\"jobs\".\"createdAt\", \"public\".\"jobs\".\"updatedAt\", \"public\".\"jobs\".\"completedAt\" FROM \"public\".\"jobs\" WHERE (\"public\".\"jobs\".\"type\" = CAST($1::text AS \"public\".\"JobType\") AND \"public\".\"jobs\".\"status\" = CAST($2::text AS \"public\".\"JobStatus\") AND \"public\".\"jobs\".\"nextAttemptAt\" <= $3) ORDER BY \"public\".\"jobs\".\"createdAt\" ASC LIMIT $4 OFFSET $5","timestamp":"2026-08-12T09:22:43.519Z"}
{"level":"debug","message":"prisma query (378ms): COMMIT","timestamp":"2026-08-12T09:22:43.901Z"}
{"level":"debug","message":"prisma query (688ms): SELECT \"public\".\"jobs\".\"id\", \"public\".\"jobs\".\"type\"::text, \"public\".\"jobs\".\"status\"::text, \"public\".\"jobs\".\"payload\", \"public\".\"jobs\".\"result\", \"public\".\"jobs\".\"error\", \"public\".\"jobs\".\"attempts\", \"public\".\"jobs\".\"maxAttempts\", \"public\".\"jobs\".\"nextAttemptAt\", \"public\".\"jobs\".\"createdById\", \"public\".\"jobs\".\"createdAt\", \"public\".\"jobs\".\"updatedAt\", \"public\".\"jobs\".\"completedAt\" FROM \"public\".\"jobs\" WHERE (\"public\".\"jobs\".\"type\" = CAST($1::text AS \"public\".\"JobType\") AND \"public\".\"jobs\".\"status\" = CAST($2::text AS \"public\".\"JobStatus\") AND \"public\".\"jobs\".\"nextAttemptAt\" <= $3) ORDER BY \"public\".\"jobs\".\"createdAt\" ASC LIMIT $4 OFFSET $5","timestamp":"2026-08-12T09:22:43.901Z"}
{"level":"debug","message":"prisma query (79ms): COMMIT","timestamp":"2026-08-12T09:22:43.979Z"}
{"level":"debug","message":"prisma query (76ms): BEGIN","timestamp":"2026-08-12T09:22:44.489Z"}
{"level":"debug","message":"prisma query (74ms): BEGIN","timestamp":"2026-08-12T09:22:44.500Z"}
{"level":"debug","message":"prisma query (129ms): DEALLOCATE ALL","timestamp":"2026-08-12T09:22:44.630Z"}
{"level":"debug","message":"prisma query (143ms): DEALLOCATE ALL","timestamp":"2026-08-12T09:22:44.631Z"}
{"level":"debug","message":"prisma query (304ms): SELECT \"public\".\"jobs\".\"id\", \"public\".\"jobs\".\"type\"::text, \"public\".\"jobs\".\"status\"::text, \"public\".\"jobs\".\"payload\", \"public\".\"jobs\".\"result\", \"public\".\"jobs\".\"error\", \"public\".\"jobs\".\"attempts\", \"public\".\"jobs\".\"maxAttempts\", \"public\".\"jobs\".\"nextAttemptAt\", \"public\".\"jobs\".\"createdById\", \"public\".\"jobs\".\"createdAt\", \"public\".\"jobs\".\"updatedAt\", \"public\".\"jobs\".\"completedAt\" FROM \"public\".\"jobs\" WHERE (\"public\".\"jobs\".\"type\" = CAST($1::text AS \"public\".\"JobType\") AND \"public\".\"jobs\".\"status\" = CAST($2::text AS \"public\".\"JobStatus\") AND \"public\".\"jobs\".\"nextAttemptAt\" <= $3) ORDER BY \"public\".\"jobs\".\"createdAt\" ASC LIMIT $4 OFFSET $5","timestamp":"2026-08-12T09:22:44.935Z"}
{"level":"debug","message":"prisma query (304ms): SELECT \"public\".\"jobs\".\"id\", \"public\".\"jobs\".\"type\"::text, \"public\".\"jobs\".\"status\"::text, \"public\".\"jobs\".\"payload\", \"public\".\"jobs\".\"result\", \"public\".\"jobs\".\"error\", \"public\".\"jobs\".\"attempts\", \"public\".\"jobs\".\"maxAttempts\", \"public\".\"jobs\".\"nextAttemptAt\", \"public\".\"jobs\".\"createdById\", \"public\".\"jobs\".\"createdAt\", \"public\".\"jobs\".\"updatedAt\", \"public\".\"jobs\".\"completedAt\" FROM \"public\".\"jobs\" WHERE (\"public\".\"jobs\".\"type\" = CAST($1::text AS \"public\".\"JobType\") AND \"public\".\"jobs\".\"status\" = CAST($2::text AS \"public\".\"JobStatus\") AND \"public\".\"jobs\".\"nextAttemptAt\" <= $3) ORDER BY \"public\".\"jobs\".\"createdAt\" ASC LIMIT $4 OFFSET $5","timestamp":"2026-08-12T09:22:44.936Z"}
{"level":"debug","message":"prisma query (275ms): COMMIT","timestamp":"2026-08-12T09:22:45.211Z"}
{"level":"debug","message":"prisma query (275ms): COMMIT","timestamp":"2026-08-12T09:22:45.213Z"}
{"level":"debug","message":"prisma query (561ms): BEGIN","timestamp":"2026-08-12T09:22:46.985Z"}
{"level":"debug","message":"prisma query (546ms): BEGIN","timestamp":"2026-08-12T09:22:46.986Z"}
{"level":"debug","message":"prisma query (235ms): DEALLOCATE ALL","timestamp":"2026-08-12T09:22:47.221Z"}
{"level":"debug","message":"prisma query (1026ms): DEALLOCATE ALL","timestamp":"2026-08-12T09:22:48.012Z"}
{"level":"debug","message":"prisma query (789ms): SELECT \"public\".\"jobs\".\"id\", \"public\".\"jobs\".\"type\"::text, \"public\".\"jobs\".\"status\"::text, \"public\".\"jobs\".\"payload\", \"public\".\"jobs\".\"result\", \"public\".\"jobs\".\"error\", \"public\".\"jobs\".\"attempts\", \"public\".\"jobs\".\"maxAttempts\", \"public\".\"jobs\".\"nextAttemptAt\", \"public\".\"jobs\".\"createdById\", \"public\".\"jobs\".\"createdAt\", \"public\".\"jobs\".\"updatedAt\", \"public\".\"jobs\".\"completedAt\" FROM \"public\".\"jobs\" WHERE (\"public\".\"jobs\".\"type\" = CAST($1::text AS \"public\".\"JobType\") AND \"public\".\"jobs\".\"status\" = CAST($2::text AS \"public\".\"JobStatus\") AND \"public\".\"jobs\".\"nextAttemptAt\" <= $3) ORDER BY \"public\".\"jobs\".\"createdAt\" ASC LIMIT $4 OFFSET $5","timestamp":"2026-08-12T09:22:48.013Z"}
{"level":"debug","message":"prisma query (293ms): COMMIT","timestamp":"2026-08-12T09:22:48.305Z"}
{"level":"debug","message":"prisma query (449ms): SELECT \"public\".\"jobs\".\"id\", \"public\".\"jobs\".\"type\"::text, \"public\".\"jobs\".\"status\"::text, \"public\".\"jobs\".\"payload\", \"public\".\"jobs\".\"result\", \"public\".\"jobs\".\"error\", \"public\".\"jobs\".\"attempts\", \"public\".\"jobs\".\"maxAttempts\", \"public\".\"jobs\".\"nextAttemptAt\", \"public\".\"jobs\".\"createdById\", \"public\".\"jobs\".\"createdAt\", \"public\".\"jobs\".\"updatedAt\", \"public\".\"jobs\".\"completedAt\" FROM \"public\".\"jobs\" WHERE (\"public\".\"jobs\".\"type\" = CAST($1::text AS \"public\".\"JobType\") AND \"public\".\"jobs\".\"status\" = CAST($2::text AS \"public\".\"JobStatus\") AND \"public\".\"jobs\".\"nextAttemptAt\" <= $3) ORDER BY \"public\".\"jobs\".\"createdAt\" ASC LIMIT $4 OFFSET $5","timestamp":"2026-08-12T09:22:48.462Z"}
{"level":"debug","message":"prisma query (461ms): BEGIN","timestamp":"2026-08-12T09:22:48.885Z"}
{"level":"debug","message":"prisma query (423ms): COMMIT","timestamp":"2026-08-12T09:22:48.886Z"}
{"level":"debug","message":"prisma query (431ms): SELECT 1","timestamp":"2026-08-12T09:22:48.887Z"}
{"level":"debug","message":"prisma query (238ms): DEALLOCATE ALL","timestamp":"2026-08-12T09:22:49.124Z"}
{"level":"debug","message":"prisma query (237ms): BEGIN","timestamp":"2026-08-12T09:22:49.124Z"}
{"level":"debug","message":"prisma query (150ms): DEALLOCATE ALL","timestamp":"2026-08-12T09:22:49.274Z"}
{"level":"debug","message":"prisma query (321ms): SELECT \"public\".\"jobs\".\"id\", \"public\".\"jobs\".\"type\"::text, \"public\".\"jobs\".\"status\"::text, \"public\".\"jobs\".\"payload\", \"public\".\"jobs\".\"result\", \"public\".\"jobs\".\"error\", \"public\".\"jobs\".\"attempts\", \"public\".\"jobs\".\"maxAttempts\", \"public\".\"jobs\".\"nextAttemptAt\", \"public\".\"jobs\".\"createdById\", \"public\".\"jobs\".\"createdAt\", \"public\".\"jobs\".\"updatedAt\", \"public\".\"jobs\".\"completedAt\" FROM \"public\".\"jobs\" WHERE (\"public\".\"jobs\".\"type\" = CAST($1::text AS \"public\".\"JobType\") AND \"public\".\"jobs\".\"status\" = CAST($2::text AS \"public\".\"JobStatus\") AND \"public\".\"jobs\".\"nextAttemptAt\" <= $3) ORDER BY \"public\".\"jobs\".\"createdAt\" ASC LIMIT $4 OFFSET $5","timestamp":"2026-08-12T09:22:49.445Z"}
{"level":"debug","message":"prisma query (114ms): COMMIT","timestamp":"2026-08-12T09:22:49.560Z"}
{"level":"debug","message":"prisma query (285ms): SELECT \"public\".\"jobs\".\"id\", \"public\".\"jobs\".\"type\"::text, \"public\".\"jobs\".\"status\"::text, \"public\".\"jobs\".\"payload\", \"public\".\"jobs\".\"result\", \"public\".\"jobs\".\"error\", \"public\".\"jobs\".\"attempts\", \"public\".\"jobs\".\"maxAttempts\", \"public\".\"jobs\".\"nextAttemptAt\", \"public\".\"jobs\".\"createdById\", \"public\".\"jobs\".\"createdAt\", \"public\".\"jobs\".\"updatedAt\", \"public\".\"jobs\".\"completedAt\" FROM \"public\".\"jobs\" WHERE (\"public\".\"jobs\".\"type\" = CAST($1::text AS \"public\".\"JobType\") AND \"public\".\"jobs\".\"status\" = CAST($2::text AS \"public\".\"JobStatus\") AND \"public\".\"jobs\".\"nextAttemptAt\" <= $3) ORDER BY \"public\".\"jobs\".\"createdAt\" ASC LIMIT $4 OFFSET $5","timestamp":"2026-08-12T09:22:49.561Z"}
{"level":"debug","message":"prisma query (202ms): COMMIT","timestamp":"2026-08-12T09:22:49.763Z"}
{"level":"debug","message":"prisma query (248ms): BEGIN","timestamp":"2026-08-12T09:22:50.681Z"}
{"level":"debug","message":"prisma query (217ms): BEGIN","timestamp":"2026-08-12T09:22:50.682Z"}
{"level":"debug","message":"prisma query (311ms): DEALLOCATE ALL","timestamp":"2026-08-12T09:22:50.994Z"}
{"level":"debug","message":"prisma query (311ms): DEALLOCATE ALL","timestamp":"2026-08-12T09:22:50.994Z"}
{"level":"debug","message":"prisma query (338ms): SELECT \"public\".\"jobs\".\"id\", \"public\".\"jobs\".\"type\"::text, \"public\".\"jobs\".\"status\"::text, \"public\".\"jobs\".\"payload\", \"public\".\"jobs\".\"result\", \"public\".\"jobs\".\"error\", \"public\".\"jobs\".\"attempts\", \"public\".\"jobs\".\"maxAttempts\", \"public\".\"jobs\".\"nextAttemptAt\", \"public\".\"jobs\".\"createdById\", \"public\".\"jobs\".\"createdAt\", \"public\".\"jobs\".\"updatedAt\", \"public\".\"jobs\".\"completedAt\" FROM \"public\".\"jobs\" WHERE (\"public\".\"jobs\".\"type\" = CAST($1::text AS \"public\".\"JobType\") AND \"public\".\"jobs\".\"status\" = CAST($2::text AS \"public\".\"JobStatus\") AND \"public\".\"jobs\".\"nextAttemptAt\" <= $3) ORDER BY \"public\".\"jobs\".\"createdAt\" ASC LIMIT $4 OFFSET $5","timestamp":"2026-08-12T09:22:51.332Z"}
{"level":"debug","message":"prisma query (338ms): SELECT \"public\".\"jobs\".\"id\", \"public\".\"jobs\".\"type\"::text, \"public\".\"jobs\".\"status\"::text, \"public\".\"jobs\".\"payload\", \"public\".\"jobs\".\"result\", \"public\".\"jobs\".\"error\", \"public\".\"jobs\".\"attempts\", \"public\".\"jobs\".\"maxAttempts\", \"public\".\"jobs\".\"nextAttemptAt\", \"public\".\"jobs\".\"createdById\", \"public\".\"jobs\".\"createdAt\", \"public\".\"jobs\".\"updatedAt\", \"public\".\"jobs\".\"completedAt\" FROM \"public\".\"jobs\" WHERE (\"public\".\"jobs\".\"type\" = CAST($1::text AS \"public\".\"JobType\") AND \"public\".\"jobs\".\"status\" = CAST($2::text AS \"public\".\"JobStatus\") AND \"public\".\"jobs\".\"nextAttemptAt\" <= $3) ORDER BY \"public\".\"jobs\".\"createdAt\" ASC LIMIT $4 OFFSET $5","timestamp":"2026-08-12T09:22:51.332Z"}
{"level":"debug","message":"prisma query (158ms): COMMIT","timestamp":"2026-08-12T09:22:51.490Z"}
{"level":"debug","message":"prisma query (158ms): COMMIT","timestamp":"2026-08-12T09:22:51.491Z"}
{"level":"debug","message":"prisma query (47ms): BEGIN","timestamp":"2026-08-12T09:22:52.487Z"}
{"level":"debug","message":"prisma query (47ms): BEGIN","timestamp":"2026-08-12T09:22:52.519Z"}
{"level":"debug","message":"prisma query (38ms): DEALLOCATE ALL","timestamp":"2026-08-12T09:22:52.559Z"}
{"level":"debug","message":"prisma query (70ms): DEALLOCATE ALL","timestamp":"2026-08-12T09:22:52.560Z"}
{"level":"debug","message":"prisma query (635ms): SELECT \"public\".\"jobs\".\"id\", \"public\".\"jobs\".\"type\"::text, \"public\".\"jobs\".\"status\"::text, \"public\".\"jobs\".\"payload\", \"public\".\"jobs\".\"result\", \"public\".\"jobs\".\"error\", \"public\".\"jobs\".\"attempts\", \"public\".\"jobs\".\"maxAttempts\", \"public\".\"jobs\".\"nextAttemptAt\", \"public\".\"jobs\".\"createdById\", \"public\".\"jobs\".\"createdAt\", \"public\".\"jobs\".\"updatedAt\", \"public\".\"jobs\".\"completedAt\" FROM \"public\".\"jobs\" WHERE (\"public\".\"jobs\".\"type\" = CAST($1::text AS \"public\".\"JobType\") AND \"public\".\"jobs\".\"status\" = CAST($2::text AS \"public\".\"JobStatus\") AND \"public\".\"jobs\".\"nextAttemptAt\" <= $3) ORDER BY \"public\".\"jobs\".\"createdAt\" ASC LIMIT $4 OFFSET $5","timestamp":"2026-08-12T09:22:53.195Z"}
{"level":"debug","message":"prisma query (448ms): COMMIT","timestamp":"2026-08-12T09:22:53.646Z"}
{"level":"debug","message":"prisma query (1084ms): SELECT \"public\".\"jobs\".\"id\", \"public\".\"jobs\".\"type\"::text, \"public\".\"jobs\".\"status\"::text, \"public\".\"jobs\".\"payload\", \"public\".\"jobs\".\"result\", \"public\".\"jobs\".\"error\", \"public\".\"jobs\".\"attempts\", \"public\".\"jobs\".\"maxAttempts\", \"public\".\"jobs\".\"nextAttemptAt\", \"public\".\"jobs\".\"createdById\", \"public\".\"jobs\".\"createdAt\", \"public\".\"jobs\".\"updatedAt\", \"public\".\"jobs\".\"completedAt\" FROM \"public\".\"jobs\" WHERE (\"public\".\"jobs\".\"type\" = CAST($1::text AS \"public\".\"JobType\") AND \"public\".\"jobs\".\"status\" = CAST($2::text AS \"public\".\"JobStatus\") AND \"public\".\"jobs\".\"nextAttemptAt\" <= $3) ORDER BY \"public\".\"jobs\".\"createdAt\" ASC LIMIT $4 OFFSET $5","timestamp":"2026-08-12T09:22:53.647Z"}
{"level":"debug","message":"prisma query (341ms): COMMIT","timestamp":"2026-08-12T09:22:53.985Z"}
{"level":"debug","message":"prisma query (279ms): BEGIN","timestamp":"2026-08-12T09:22:54.765Z"}
{"level":"debug","message":"prisma query (311ms): BEGIN","timestamp":"2026-08-12T09:22:54.765Z"}
{"level":"debug","message":"prisma query (400ms): DEALLOCATE ALL","timestamp":"2026-08-12T09:22:55.166Z"}
{"level":"debug","message":"prisma query (401ms): DEALLOCATE ALL","timestamp":"2026-08-12T09:22:55.167Z"}
{"level":"debug","message":"prisma query (195ms): SELECT \"public\".\"jobs\".\"id\", \"public\".\"jobs\".\"type\"::text, \"public\".\"jobs\".\"status\"::text, \"public\".\"jobs\".\"payload\", \"public\".\"jobs\".\"result\", \"public\".\"jobs\".\"error\", \"public\".\"jobs\".\"attempts\", \"public\".\"jobs\".\"maxAttempts\", \"public\".\"jobs\".\"nextAttemptAt\", \"public\".\"jobs\".\"createdById\", \"public\".\"jobs\".\"createdAt\", \"public\".\"jobs\".\"updatedAt\", \"public\".\"jobs\".\"completedAt\" FROM \"public\".\"jobs\" WHERE (\"public\".\"jobs\".\"type\" = CAST($1::text AS \"public\".\"JobType\") AND \"public\".\"jobs\".\"status\" = CAST($2::text AS \"public\".\"JobStatus\") AND \"public\".\"jobs\".\"nextAttemptAt\" <= $3) ORDER BY \"public\".\"jobs\".\"createdAt\" ASC LIMIT $4 OFFSET $5","timestamp":"2026-08-12T09:22:55.360Z"}
{"level":"debug","message":"prisma query (224ms): SELECT \"public\".\"jobs\".\"id\", \"public\".\"jobs\".\"type\"::text, \"public\".\"jobs\".\"status\"::text, \"public\".\"jobs\".\"payload\", \"public\".\"jobs\".\"result\", \"public\".\"jobs\".\"error\", \"public\".\"jobs\".\"attempts\", \"public\".\"jobs\".\"maxAttempts\", \"public\".\"jobs\".\"nextAttemptAt\", \"public\".\"jobs\".\"createdById\", \"public\".\"jobs\".\"createdAt\", \"public\".\"jobs\".\"updatedAt\", \"public\".\"jobs\".\"completedAt\" FROM \"public\".\"jobs\" WHERE (\"public\".\"jobs\".\"type\" = CAST($1::text AS \"public\".\"JobType\") AND \"public\".\"jobs\".\"status\" = CAST($2::text AS \"public\".\"JobStatus\") AND \"public\".\"jobs\".\"nextAttemptAt\" <= $3) ORDER BY \"public\".\"jobs\".\"createdAt\" ASC LIMIT $4 OFFSET $5","timestamp":"2026-08-12T09:22:55.390Z"}
{"level":"debug","message":"prisma query (64ms): COMMIT","timestamp":"2026-08-12T09:22:55.455Z"}
{"level":"debug","message":"prisma query (94ms): COMMIT","timestamp":"2026-08-12T09:22:55.455Z"}
{"level":"debug","message":"prisma query (43ms): BEGIN","timestamp":"2026-08-12T09:22:56.509Z"}
{"level":"debug","message":"prisma query (63ms): BEGIN","timestamp":"2026-08-12T09:22:56.559Z"}
{"level":"debug","message":"prisma query (51ms): DEALLOCATE ALL","timestamp":"2026-08-12T09:22:56.560Z"}
{"level":"debug","message":"prisma query (91ms): DEALLOCATE ALL","timestamp":"2026-08-12T09:22:56.651Z"}
{"level":"debug","message":"prisma query (150ms): SELECT \"public\".\"jobs\".\"id\", \"public\".\"jobs\".\"type\"::text, \"public\".\"jobs\".\"status\"::text, \"public\".\"jobs\".\"payload\", \"public\".\"jobs\".\"result\", \"public\".\"jobs\".\"error\", \"public\".\"jobs\".\"attempts\", \"public\".\"jobs\".\"maxAttempts\", \"public\".\"jobs\".\"nextAttemptAt\", \"public\".\"jobs\".\"createdById\", \"public\".\"jobs\".\"createdAt\", \"public\".\"jobs\".\"updatedAt\", \"public\".\"jobs\".\"completedAt\" FROM \"public\".\"jobs\" WHERE (\"public\".\"jobs\".\"type\" = CAST($1::text AS \"public\".\"JobType\") AND \"public\".\"jobs\".\"status\" = CAST($2::text AS \"public\".\"JobStatus\") AND \"public\".\"jobs\".\"nextAttemptAt\" <= $3) ORDER BY \"public\".\"jobs\".\"createdAt\" ASC LIMIT $4 OFFSET $5","timestamp":"2026-08-12T09:22:56.710Z"}
{"level":"debug","message":"prisma query (59ms): COMMIT","timestamp":"2026-08-12T09:22:56.770Z"}
{"level":"debug","message":"prisma query (143ms): SELECT \"public\".\"jobs\".\"id\", \"public\".\"jobs\".\"type\"::text, \"public\".\"jobs\".\"status\"::text, \"public\".\"jobs\".\"payload\", \"public\".\"jobs\".\"result\", \"public\".\"jobs\".\"error\", \"public\".\"jobs\".\"attempts\", \"public\".\"jobs\".\"maxAttempts\", \"public\".\"jobs\".\"nextAttemptAt\", \"public\".\"jobs\".\"createdById\", \"public\".\"jobs\".\"createdAt\", \"public\".\"jobs\".\"updatedAt\", \"public\".\"jobs\".\"completedAt\" FROM \"public\".\"jobs\" WHERE (\"public\".\"jobs\".\"type\" = CAST($1::text AS \"public\".\"JobType\") AND \"public\".\"jobs\".\"status\" = CAST($2::text AS \"public\".\"JobStatus\") AND \"public\".\"jobs\".\"nextAttemptAt\" <= $3) ORDER BY \"public\".\"jobs\".\"createdAt\" ASC LIMIT $4 OFFSET $5","timestamp":"2026-08-12T09:22:56.795Z"}
{"level":"debug","message":"prisma query (97ms): COMMIT","timestamp":"2026-08-12T09:22:56.892Z"}
{"level":"debug","message":"prisma query (269ms): BEGIN","timestamp":"2026-08-12T09:22:58.742Z"}
{"level":"debug","message":"prisma query (244ms): SELECT 1","timestamp":"2026-08-12T09:22:58.743Z"}
{"level":"debug","message":"prisma query (235ms): DEALLOCATE ALL","timestamp":"2026-08-12T09:22:58.979Z"}
{"level":"debug","message":"prisma query (236ms): BEGIN","timestamp":"2026-08-12T09:22:58.980Z"}
{"level":"debug","message":"prisma query (46ms): DEALLOCATE ALL","timestamp":"2026-08-12T09:22:59.026Z"}
{"level":"debug","message":"prisma query (242ms): SELECT \"public\".\"jobs\".\"id\", \"public\".\"jobs\".\"type\"::text, \"public\".\"jobs\".\"status\"::text, \"public\".\"jobs\".\"payload\", \"public\".\"jobs\".\"result\", \"public\".\"jobs\".\"error\", \"public\".\"jobs\".\"attempts\", \"public\".\"jobs\".\"maxAttempts\", \"public\".\"jobs\".\"nextAttemptAt\", \"public\".\"jobs\".\"createdById\", \"public\".\"jobs\".\"createdAt\", \"public\".\"jobs\".\"updatedAt\", \"public\".\"jobs\".\"completedAt\" FROM \"public\".\"jobs\" WHERE (\"public\".\"jobs\".\"type\" = CAST($1::text AS \"public\".\"JobType\") AND \"public\".\"jobs\".\"status\" = CAST($2::text AS \"public\".\"JobStatus\") AND \"public\".\"jobs\".\"nextAttemptAt\" <= $3) ORDER BY \"public\".\"jobs\".\"createdAt\" ASC LIMIT $4 OFFSET $5","timestamp":"2026-08-12T09:22:59.221Z"}
{"level":"debug","message":"prisma query (67ms): COMMIT","timestamp":"2026-08-12T09:22:59.288Z"}
{"level":"debug","message":"prisma query (262ms): SELECT \"public\".\"jobs\".\"id\", \"public\".\"jobs\".\"type\"::text, \"public\".\"jobs\".\"status\"::text, \"public\".\"jobs\".\"payload\", \"public\".\"jobs\".\"result\", \"public\".\"jobs\".\"error\", \"public\".\"jobs\".\"attempts\", \"public\".\"jobs\".\"maxAttempts\", \"public\".\"jobs\".\"nextAttemptAt\", \"public\".\"jobs\".\"createdById\", \"public\".\"jobs\".\"createdAt\", \"public\".\"jobs\".\"updatedAt\", \"public\".\"jobs\".\"completedAt\" FROM \"public\".\"jobs\" WHERE (\"public\".\"jobs\".\"type\" = CAST($1::text AS \"public\".\"JobType\") AND \"public\".\"jobs\".\"status\" = CAST($2::text AS \"public\".\"JobStatus\") AND \"public\".\"jobs\".\"nextAttemptAt\" <= $3) ORDER BY \"public\".\"jobs\".\"createdAt\" ASC LIMIT $4 OFFSET $5","timestamp":"2026-08-12T09:22:59.289Z"}
{"level":"debug","message":"prisma query (47ms): COMMIT","timestamp":"2026-08-12T09:22:59.337Z"}
{"level":"debug","message":"prisma query (262ms): BEGIN","timestamp":"2026-08-12T09:23:00.767Z"}
{"level":"debug","message":"prisma query (293ms): BEGIN","timestamp":"2026-08-12T09:23:00.767Z"}
{"level":"debug","message":"prisma query (85ms): DEALLOCATE ALL","timestamp":"2026-08-12T09:23:00.852Z"}
{"level":"debug","message":"prisma query (85ms): DEALLOCATE ALL","timestamp":"2026-08-12T09:23:00.853Z"}
{"level":"debug","message":"prisma query (173ms): SELECT \"public\".\"jobs\".\"id\", \"public\".\"jobs\".\"type\"::text, \"public\".\"jobs\".\"status\"::text, \"public\".\"jobs\".\"payload\", \"public\".\"jobs\".\"result\", \"public\".\"jobs\".\"error\", \"public\".\"jobs\".\"attempts\", \"public\".\"jobs\".\"maxAttempts\", \"public\".\"jobs\".\"nextAttemptAt\", \"public\".\"jobs\".\"createdById\", \"public\".\"jobs\".\"createdAt\", \"public\".\"jobs\".\"updatedAt\", \"public\".\"jobs\".\"completedAt\" FROM \"public\".\"jobs\" WHERE (\"public\".\"jobs\".\"type\" = CAST($1::text AS \"public\".\"JobType\") AND \"public\".\"jobs\".\"status\" = CAST($2::text AS \"public\".\"JobStatus\") AND \"public\".\"jobs\".\"nextAttemptAt\" <= $3) ORDER BY \"public\".\"jobs\".\"createdAt\" ASC LIMIT $4 OFFSET $5","timestamp":"2026-08-12T09:23:01.042Z"}
{"level":"debug","message":"prisma query (173ms): SELECT \"public\".\"jobs\".\"id\", \"public\".\"jobs\".\"type\"::text, \"public\".\"jobs\".\"status\"::text, \"public\".\"jobs\".\"payload\", \"public\".\"jobs\".\"result\", \"public\".\"jobs\".\"error\", \"public\".\"jobs\".\"attempts\", \"public\".\"jobs\".\"maxAttempts\", \"public\".\"jobs\".\"nextAttemptAt\", \"public\".\"jobs\".\"createdById\", \"public\".\"jobs\".\"createdAt\", \"public\".\"jobs\".\"updatedAt\", \"public\".\"jobs\".\"completedAt\" FROM \"public\".\"jobs\" WHERE (\"public\".\"jobs\".\"type\" = CAST($1::text AS \"public\".\"JobType\") AND \"public\".\"jobs\".\"status\" = CAST($2::text AS \"public\".\"JobStatus\") AND \"public\".\"jobs\".\"nextAttemptAt\" <= $3) ORDER BY \"public\".\"jobs\".\"createdAt\" ASC LIMIT $4 OFFSET $5","timestamp":"2026-08-12T09:23:01.081Z"}
{"level":"debug","message":"prisma query (52ms): COMMIT","timestamp":"2026-08-12T09:23:01.117Z"}
{"level":"debug","message":"prisma query (53ms): COMMIT","timestamp":"2026-08-12T09:23:01.118Z"}
{"level":"debug","message":"prisma query (89ms): BEGIN","timestamp":"2026-08-12T09:23:02.572Z"}
{"level":"debug","message":"prisma query (59ms): BEGIN","timestamp":"2026-08-12T09:23:02.573Z"}
{"level":"debug","message":"prisma query (71ms): DEALLOCATE ALL","timestamp":"2026-08-12T09:23:02.644Z"}
{"level":"debug","message":"prisma query (71ms): DEALLOCATE ALL","timestamp":"2026-08-12T09:23:02.646Z"}
{"level":"debug","message":"prisma query (152ms): SELECT \"public\".\"jobs\".\"id\", \"public\".\"jobs\".\"type\"::text, \"public\".\"jobs\".\"status\"::text, \"public\".\"jobs\".\"payload\", \"public\".\"jobs\".\"result\", \"public\".\"jobs\".\"error\", \"public\".\"jobs\".\"attempts\", \"public\".\"jobs\".\"maxAttempts\", \"public\".\"jobs\".\"nextAttemptAt\", \"public\".\"jobs\".\"createdById\", \"public\".\"jobs\".\"createdAt\", \"public\".\"jobs\".\"updatedAt\", \"public\".\"jobs\".\"completedAt\" FROM \"public\".\"jobs\" WHERE (\"public\".\"jobs\".\"type\" = CAST($1::text AS \"public\".\"JobType\") AND \"public\".\"jobs\".\"status\" = CAST($2::text AS \"public\".\"JobStatus\") AND \"public\".\"jobs\".\"nextAttemptAt\" <= $3) ORDER BY \"public\".\"jobs\".\"createdAt\" ASC LIMIT $4 OFFSET $5","timestamp":"2026-08-12T09:23:02.796Z"}
{"level":"debug","message":"prisma query (164ms): SELECT \"public\".\"jobs\".\"id\", \"public\".\"jobs\".\"type\"::text, \"public\".\"jobs\".\"status\"::text, \"public\".\"jobs\".\"payload\", \"public\".\"jobs\".\"result\", \"public\".\"jobs\".\"error\", \"public\".\"jobs\".\"attempts\", \"public\".\"jobs\".\"maxAttempts\", \"public\".\"jobs\".\"nextAttemptAt\", \"public\".\"jobs\".\"createdById\", \"public\".\"jobs\".\"createdAt\", \"public\".\"jobs\".\"updatedAt\", \"public\".\"jobs\".\"completedAt\" FROM \"public\".\"jobs\" WHERE (\"public\".\"jobs\".\"type\" = CAST($1::text AS \"public\".\"JobType\") AND \"public\".\"jobs\".\"status\" = CAST($2::text AS \"public\".\"JobStatus\") AND \"public\".\"jobs\".\"nextAttemptAt\" <= $3) ORDER BY \"public\".\"jobs\".\"createdAt\" ASC LIMIT $4 OFFSET $5","timestamp":"2026-08-12T09:23:02.812Z"}
{"level":"debug","message":"prisma query (54ms): COMMIT","timestamp":"2026-08-12T09:23:02.850Z"}
{"level":"debug","message":"prisma query (68ms): COMMIT","timestamp":"2026-08-12T09:23:02.882Z"}
{"level":"debug","message":"prisma query (62ms): BEGIN","timestamp":"2026-08-12T09:23:04.559Z"}
{"level":"debug","message":"prisma query (276ms): DEALLOCATE ALL","timestamp":"2026-08-12T09:23:04.835Z"}
{"level":"debug","message":"prisma query (405ms): SELECT 1","timestamp":"2026-08-12T09:23:04.917Z"}
{"level":"debug","message":"prisma query (60ms): BEGIN","timestamp":"2026-08-12T09:23:04.980Z"}
{"level":"debug","message":"prisma query (143ms): SELECT \"public\".\"jobs\".\"id\", \"public\".\"jobs\".\"type\"::text, \"public\".\"jobs\".\"status\"::text, \"public\".\"jobs\".\"payload\", \"public\".\"jobs\".\"result\", \"public\".\"jobs\".\"error\", \"public\".\"jobs\".\"attempts\", \"public\".\"jobs\".\"maxAttempts\", \"public\".\"jobs\".\"nextAttemptAt\", \"public\".\"jobs\".\"createdById\", \"public\".\"jobs\".\"createdAt\", \"public\".\"jobs\".\"updatedAt\", \"public\".\"jobs\".\"completedAt\" FROM \"public\".\"jobs\" WHERE (\"public\".\"jobs\".\"type\" = CAST($1::text AS \"public\".\"JobType\") AND \"public\".\"jobs\".\"status\" = CAST($2::text AS \"public\".\"JobStatus\") AND \"public\".\"jobs\".\"nextAttemptAt\" <= $3) ORDER BY \"public\".\"jobs\".\"createdAt\" ASC LIMIT $4 OFFSET $5","timestamp":"2026-08-12T09:23:04.981Z"}
{"level":"debug","message":"prisma query (61ms): DEALLOCATE ALL","timestamp":"2026-08-12T09:23:05.040Z"}
{"level":"debug","message":"prisma query (69ms): COMMIT","timestamp":"2026-08-12T09:23:05.048Z"}
{"level":"debug","message":"prisma query (140ms): SELECT \"public\".\"jobs\".\"id\", \"public\".\"jobs\".\"type\"::text, \"public\".\"jobs\".\"status\"::text, \"public\".\"jobs\".\"payload\", \"public\".\"jobs\".\"result\", \"public\".\"jobs\".\"error\", \"public\".\"jobs\".\"attempts\", \"public\".\"jobs\".\"maxAttempts\", \"public\".\"jobs\".\"nextAttemptAt\", \"public\".\"jobs\".\"createdById\", \"public\".\"jobs\".\"createdAt\", \"public\".\"jobs\".\"updatedAt\", \"public\".\"jobs\".\"completedAt\" FROM \"public\".\"jobs\" WHERE (\"public\".\"jobs\".\"type\" = CAST($1::text AS \"public\".\"JobType\") AND \"public\".\"jobs\".\"status\" = CAST($2::text AS \"public\".\"JobStatus\") AND \"public\".\"jobs\".\"nextAttemptAt\" <= $3) ORDER BY \"public\".\"jobs\".\"createdAt\" ASC LIMIT $4 OFFSET $5","timestamp":"2026-08-12T09:23:05.180Z"}
{"level":"debug","message":"prisma query (67ms): COMMIT","timestamp":"2026-08-12T09:23:05.249Z"}
{"level":"debug","message":"prisma query (58ms): BEGIN","timestamp":"2026-08-12T09:23:06.560Z"}
{"level":"debug","message":"prisma query (90ms): BEGIN","timestamp":"2026-08-12T09:23:06.623Z"}
{"level":"debug","message":"prisma query (63ms): DEALLOCATE ALL","timestamp":"2026-08-12T09:23:06.637Z"}
{"level":"debug","message":"prisma query (111ms): DEALLOCATE ALL","timestamp":"2026-08-12T09:23:06.733Z"}
{"level":"debug","message":"prisma query (222ms): SELECT \"public\".\"jobs\".\"id\", \"public\".\"jobs\".\"type\"::text, \"public\".\"jobs\".\"status\"::text, \"public\".\"jobs\".\"payload\", \"public\".\"jobs\".\"result\", \"public\".\"jobs\".\"error\", \"public\".\"jobs\".\"attempts\", \"public\".\"jobs\".\"maxAttempts\", \"public\".\"jobs\".\"nextAttemptAt\", \"public\".\"jobs\".\"createdById\", \"public\".\"jobs\".\"createdAt\", \"public\".\"jobs\".\"updatedAt\", \"public\".\"jobs\".\"completedAt\" FROM \"public\".\"jobs\" WHERE (\"public\".\"jobs\".\"type\" = CAST($1::text AS \"public\".\"JobType\") AND \"public\".\"jobs\".\"status\" = CAST($2::text AS \"public\".\"JobStatus\") AND \"public\".\"jobs\".\"nextAttemptAt\" <= $3) ORDER BY \"public\".\"jobs\".\"createdAt\" ASC LIMIT $4 OFFSET $5","timestamp":"2026-08-12T09:23:06.844Z"}
{"level":"debug","message":"prisma query (150ms): COMMIT","timestamp":"2026-08-12T09:23:06.998Z"}
{"level":"debug","message":"prisma query (261ms): SELECT \"public\".\"jobs\".\"id\", \"public\".\"jobs\".\"type\"::text, \"public\".\"jobs\".\"status\"::text, \"public\".\"jobs\".\"payload\", \"public\".\"jobs\".\"result\", \"public\".\"jobs\".\"error\", \"public\".\"jobs\".\"attempts\", \"public\".\"jobs\".\"maxAttempts\", \"public\".\"jobs\".\"nextAttemptAt\", \"public\".\"jobs\".\"createdById\", \"public\".\"jobs\".\"createdAt\", \"public\".\"jobs\".\"updatedAt\", \"public\".\"jobs\".\"completedAt\" FROM \"public\".\"jobs\" WHERE (\"public\".\"jobs\".\"type\" = CAST($1::text AS \"public\".\"JobType\") AND \"public\".\"jobs\".\"status\" = CAST($2::text AS \"public\".\"JobStatus\") AND \"public\".\"jobs\".\"nextAttemptAt\" <= $3) ORDER BY \"public\".\"jobs\".\"createdAt\" ASC LIMIT $4 OFFSET $5","timestamp":"2026-08-12T09:23:06.999Z"}
{"level":"debug","message":"prisma query (200ms): COMMIT","timestamp":"2026-08-12T09:23:07.197Z"}
{"level":"debug","message":"prisma query (63ms): BEGIN","timestamp":"2026-08-12T09:23:08.567Z"}
{"level":"debug","message":"prisma query (73ms): BEGIN","timestamp":"2026-08-12T09:23:08.610Z"}
{"level":"debug","message":"prisma query (46ms): DEALLOCATE ALL","timestamp":"2026-08-12T09:23:08.613Z"}
{"level":"debug","message":"prisma query (43ms): DEALLOCATE ALL","timestamp":"2026-08-12T09:23:08.651Z"}
{"level":"debug","message":"prisma query (112ms): SELECT \"public\".\"jobs\".\"id\", \"public\".\"jobs\".\"type\"::text, \"public\".\"jobs\".\"status\"::text, \"public\".\"jobs\".\"payload\", \"public\".\"jobs\".\"result\", \"public\".\"jobs\".\"error\", \"public\".\"jobs\".\"attempts\", \"public\".\"jobs\".\"maxAttempts\", \"public\".\"jobs\".\"nextAttemptAt\", \"public\".\"jobs\".\"createdById\", \"public\".\"jobs\".\"createdAt\", \"public\".\"jobs\".\"updatedAt\", \"public\".\"jobs\".\"completedAt\" FROM \"public\".\"jobs\" WHERE (\"public\".\"jobs\".\"type\" = CAST($1::text AS \"public\".\"JobType\") AND \"public\".\"jobs\".\"status\" = CAST($2::text AS \"public\".\"JobStatus\") AND \"public\".\"jobs\".\"nextAttemptAt\" <= $3) ORDER BY \"public\".\"jobs\".\"createdAt\" ASC LIMIT $4 OFFSET $5","timestamp":"2026-08-12T09:23:08.726Z"}
{"level":"debug","message":"prisma query (46ms): COMMIT","timestamp":"2026-08-12T09:23:08.773Z"}
{"level":"debug","message":"prisma query (120ms): SELECT \"public\".\"jobs\".\"id\", \"public\".\"jobs\".\"type\"::text, \"public\".\"jobs\".\"status\"::text, \"public\".\"jobs\".\"payload\", \"public\".\"jobs\".\"result\", \"public\".\"jobs\".\"error\", \"public\".\"jobs\".\"attempts\", \"public\".\"jobs\".\"maxAttempts\", \"public\".\"jobs\".\"nextAttemptAt\", \"public\".\"jobs\".\"createdById\", \"public\".\"jobs\".\"createdAt\", \"public\".\"jobs\".\"updatedAt\", \"public\".\"jobs\".\"completedAt\" FROM \"public\".\"jobs\" WHERE (\"public\".\"jobs\".\"type\" = CAST($1::text AS \"public\".\"JobType\") AND \"public\".\"jobs\".\"status\" = CAST($2::text AS \"public\".\"JobStatus\") AND \"public\".\"jobs\".\"nextAttemptAt\" <= $3) ORDER BY \"public\".\"jobs\".\"createdAt\" ASC LIMIT $4 OFFSET $5","timestamp":"2026-08-12T09:23:08.773Z"}
{"level":"debug","message":"prisma query (66ms): COMMIT","timestamp":"2026-08-12T09:23:08.852Z"}
{"level":"debug","message":"prisma query (53ms): BEGIN","timestamp":"2026-08-12T09:23:10.569Z"}
{"level":"debug","message":"prisma query (71ms): BEGIN","timestamp":"2026-08-12T09:23:10.618Z"}
{"level":"debug","message":"prisma query (75ms): DEALLOCATE ALL","timestamp":"2026-08-12T09:23:10.645Z"}
{"level":"debug","message":"prisma query (50ms): DEALLOCATE ALL","timestamp":"2026-08-12T09:23:10.668Z"}
{"level":"debug","message":"prisma query (125ms): SELECT \"public\".\"jobs\".\"id\", \"public\".\"jobs\".\"type\"::text, \"public\".\"jobs\".\"status\"::text, \"public\".\"jobs\".\"payload\", \"public\".\"jobs\".\"result\", \"public\".\"jobs\".\"error\", \"public\".\"jobs\".\"attempts\", \"public\".\"jobs\".\"maxAttempts\", \"public\".\"jobs\".\"nextAttemptAt\", \"public\".\"jobs\".\"createdById\", \"public\".\"jobs\".\"createdAt\", \"public\".\"jobs\".\"updatedAt\", \"public\".\"jobs\".\"completedAt\" FROM \"public\".\"jobs\" WHERE (\"public\".\"jobs\".\"type\" = CAST($1::text AS \"public\".\"JobType\") AND \"public\".\"jobs\".\"status\" = CAST($2::text AS \"public\".\"JobStatus\") AND \"public\".\"jobs\".\"nextAttemptAt\" <= $3) ORDER BY \"public\".\"jobs\".\"createdAt\" ASC LIMIT $4 OFFSET $5","timestamp":"2026-08-12T09:23:10.771Z"}
{"level":"debug","message":"prisma query (109ms): SELECT \"public\".\"jobs\".\"id\", \"public\".\"jobs\".\"type\"::text, \"public\".\"jobs\".\"status\"::text, \"public\".\"jobs\".\"payload\", \"public\".\"jobs\".\"result\", \"public\".\"jobs\".\"error\", \"public\".\"jobs\".\"attempts\", \"public\".\"jobs\".\"maxAttempts\", \"public\".\"jobs\".\"nextAttemptAt\", \"public\".\"jobs\".\"createdById\", \"public\".\"jobs\".\"createdAt\", \"public\".\"jobs\".\"updatedAt\", \"public\".\"jobs\".\"completedAt\" FROM \"public\".\"jobs\" WHERE (\"public\".\"jobs\".\"type\" = CAST($1::text AS \"public\".\"JobType\") AND \"public\".\"jobs\".\"status\" = CAST($2::text AS \"public\".\"JobStatus\") AND \"public\".\"jobs\".\"nextAttemptAt\" <= $3) ORDER BY \"public\".\"jobs\".\"createdAt\" ASC LIMIT $4 OFFSET $5","timestamp":"2026-08-12T09:23:10.778Z"}
{"level":"debug","message":"prisma query (47ms): COMMIT","timestamp":"2026-08-12T09:23:10.818Z"}
{"level":"debug","message":"prisma query (53ms): COMMIT","timestamp":"2026-08-12T09:23:10.832Z"}
{"level":"debug","message":"prisma query (60ms): BEGIN","timestamp":"2026-08-12T09:23:12.581Z"}
{"level":"debug","message":"prisma query (42ms): BEGIN","timestamp":"2026-08-12T09:23:12.594Z"}
{"level":"debug","message":"prisma query (47ms): DEALLOCATE ALL","timestamp":"2026-08-12T09:23:12.642Z"}
{"level":"debug","message":"prisma query (61ms): DEALLOCATE ALL","timestamp":"2026-08-12T09:23:12.644Z"}
{"level":"debug","message":"prisma query (125ms): SELECT \"public\".\"jobs\".\"id\", \"public\".\"jobs\".\"type\"::text, \"public\".\"jobs\".\"status\"::text, \"public\".\"jobs\".\"payload\", \"public\".\"jobs\".\"result\", \"public\".\"jobs\".\"error\", \"public\".\"jobs\".\"attempts\", \"public\".\"jobs\".\"maxAttempts\", \"public\".\"jobs\".\"nextAttemptAt\", \"public\".\"jobs\".\"createdById\", \"public\".\"jobs\".\"createdAt\", \"public\".\"jobs\".\"updatedAt\", \"public\".\"jobs\".\"completedAt\" FROM \"public\".\"jobs\" WHERE (\"public\".\"jobs\".\"type\" = CAST($1::text AS \"public\".\"JobType\") AND \"public\".\"jobs\".\"status\" = CAST($2::text AS \"public\".\"JobStatus\") AND \"public\".\"jobs\".\"nextAttemptAt\" <= $3) ORDER BY \"public\".\"jobs\".\"createdAt\" ASC LIMIT $4 OFFSET $5","timestamp":"2026-08-12T09:23:12.768Z"}
{"level":"debug","message":"prisma query (124ms): SELECT \"public\".\"jobs\".\"id\", \"public\".\"jobs\".\"type\"::text, \"public\".\"jobs\".\"status\"::text, \"public\".\"jobs\".\"payload\", \"public\".\"jobs\".\"result\", \"public\".\"jobs\".\"error\", \"public\".\"jobs\".\"attempts\", \"public\".\"jobs\".\"maxAttempts\", \"public\".\"jobs\".\"nextAttemptAt\", \"public\".\"jobs\".\"createdById\", \"public\".\"jobs\".\"createdAt\", \"public\".\"jobs\".\"updatedAt\", \"public\".\"jobs\".\"completedAt\" FROM \"public\".\"jobs\" WHERE (\"public\".\"jobs\".\"type\" = CAST($1::text AS \"public\".\"JobType\") AND \"public\".\"jobs\".\"status\" = CAST($2::text AS \"public\".\"JobStatus\") AND \"public\".\"jobs\".\"nextAttemptAt\" <= $3) ORDER BY \"public\".\"jobs\".\"createdAt\" ASC LIMIT $4 OFFSET $5","timestamp":"2026-08-12T09:23:12.768Z"}
{"level":"debug","message":"prisma query (67ms): COMMIT","timestamp":"2026-08-12T09:23:12.836Z"}
{"level":"debug","message":"prisma query (73ms): COMMIT","timestamp":"2026-08-12T09:23:12.841Z"}
{"level":"debug","message":"prisma query (159ms): SELECT 1","timestamp":"2026-08-12T09:23:14.689Z"}
{"level":"debug","message":"prisma query (126ms): BEGIN","timestamp":"2026-08-12T09:23:14.690Z"}
{"level":"debug","message":"prisma query (143ms): DEALLOCATE ALL","timestamp":"2026-08-12T09:23:14.834Z"}
{"level":"debug","message":"prisma query (145ms): BEGIN","timestamp":"2026-08-12T09:23:14.836Z"}
{"level":"debug","message":"prisma query (310ms): DEALLOCATE ALL","timestamp":"2026-08-12T09:23:15.146Z"}
{"level":"debug","message":"prisma query (367ms): SELECT \"public\".\"jobs\".\"id\", \"public\".\"jobs\".\"type\"::text, \"public\".\"jobs\".\"status\"::text, \"public\".\"jobs\".\"payload\", \"public\".\"jobs\".\"result\", \"public\".\"jobs\".\"error\", \"public\".\"jobs\".\"attempts\", \"public\".\"jobs\".\"maxAttempts\", \"public\".\"jobs\".\"nextAttemptAt\", \"public\".\"jobs\".\"createdById\", \"public\".\"jobs\".\"createdAt\", \"public\".\"jobs\".\"updatedAt\", \"public\".\"jobs\".\"completedAt\" FROM \"public\".\"jobs\" WHERE (\"public\".\"jobs\".\"type\" = CAST($1::text AS \"public\".\"JobType\") AND \"public\".\"jobs\".\"status\" = CAST($2::text AS \"public\".\"JobStatus\") AND \"public\".\"jobs\".\"nextAttemptAt\" <= $3) ORDER BY \"public\".\"jobs\".\"createdAt\" ASC LIMIT $4 OFFSET $5","timestamp":"2026-08-12T09:23:15.202Z"}
{"level":"debug","message":"prisma query (165ms): COMMIT","timestamp":"2026-08-12T09:23:15.368Z"}
{"level":"debug","message":"prisma query (221ms): SELECT \"public\".\"jobs\".\"id\", \"public\".\"jobs\".\"type\"::text, \"public\".\"jobs\".\"status\"::text, \"public\".\"jobs\".\"payload\", \"public\".\"jobs\".\"result\", \"public\".\"jobs\".\"error\", \"public\".\"jobs\".\"attempts\", \"public\".\"jobs\".\"maxAttempts\", \"public\".\"jobs\".\"nextAttemptAt\", \"public\".\"jobs\".\"createdById\", \"public\".\"jobs\".\"createdAt\", \"public\".\"jobs\".\"updatedAt\", \"public\".\"jobs\".\"completedAt\" FROM \"public\".\"jobs\" WHERE (\"public\".\"jobs\".\"type\" = CAST($1::text AS \"public\".\"JobType\") AND \"public\".\"jobs\".\"status\" = CAST($2::text AS \"public\".\"JobStatus\") AND \"public\".\"jobs\".\"nextAttemptAt\" <= $3) ORDER BY \"public\".\"jobs\".\"createdAt\" ASC LIMIT $4 OFFSET $5","timestamp":"2026-08-12T09:23:15.368Z"}
{"level":"debug","message":"prisma query (76ms): COMMIT","timestamp":"2026-08-12T09:23:15.445Z"}
{"level":"debug","message":"prisma query (69ms): BEGIN","timestamp":"2026-08-12T09:23:16.604Z"}
{"level":"debug","message":"prisma query (63ms): BEGIN","timestamp":"2026-08-12T09:23:16.629Z"}
{"level":"debug","message":"prisma query (49ms): DEALLOCATE ALL","timestamp":"2026-08-12T09:23:16.679Z"}
{"level":"debug","message":"prisma query (74ms): DEALLOCATE ALL","timestamp":"2026-08-12T09:23:16.679Z"}
{"level":"debug","message":"prisma query (143ms): SELECT \"public\".\"jobs\".\"id\", \"public\".\"jobs\".\"type\"::text, \"public\".\"jobs\".\"status\"::text, \"public\".\"jobs\".\"payload\", \"public\".\"jobs\".\"result\", \"public\".\"jobs\".\"error\", \"public\".\"jobs\".\"attempts\", \"public\".\"jobs\".\"maxAttempts\", \"public\".\"jobs\".\"nextAttemptAt\", \"public\".\"jobs\".\"createdById\", \"public\".\"jobs\".\"createdAt\", \"public\".\"jobs\".\"updatedAt\", \"public\".\"jobs\".\"completedAt\" FROM \"public\".\"jobs\" WHERE (\"public\".\"jobs\".\"type\" = CAST($1::text AS \"public\".\"JobType\") AND \"public\".\"jobs\".\"status\" = CAST($2::text AS \"public\".\"JobStatus\") AND \"public\".\"jobs\".\"nextAttemptAt\" <= $3) ORDER BY \"public\".\"jobs\".\"createdAt\" ASC LIMIT $4 OFFSET $5","timestamp":"2026-08-12T09:23:16.822Z"}
{"level":"debug","message":"prisma query (158ms): SELECT \"public\".\"jobs\".\"id\", \"public\".\"jobs\".\"type\"::text, \"public\".\"jobs\".\"status\"::text, \"public\".\"jobs\".\"payload\", \"public\".\"jobs\".\"result\", \"public\".\"jobs\".\"error\", \"public\".\"jobs\".\"attempts\", \"public\".\"jobs\".\"maxAttempts\", \"public\".\"jobs\".\"nextAttemptAt\", \"public\".\"jobs\".\"createdById\", \"public\".\"jobs\".\"createdAt\", \"public\".\"jobs\".\"updatedAt\", \"public\".\"jobs\".\"completedAt\" FROM \"public\".\"jobs\" WHERE (\"public\".\"jobs\".\"type\" = CAST($1::text AS \"public\".\"JobType\") AND \"public\".\"jobs\".\"status\" = CAST($2::text AS \"public\".\"JobStatus\") AND \"public\".\"jobs\".\"nextAttemptAt\" <= $3) ORDER BY \"public\".\"jobs\".\"createdAt\" ASC LIMIT $4 OFFSET $5","timestamp":"2026-08-12T09:23:16.839Z"}
{"level":"debug","message":"prisma query (45ms): COMMIT","timestamp":"2026-08-12T09:23:16.868Z"}
{"level":"debug","message":"prisma query (49ms): COMMIT","timestamp":"2026-08-12T09:23:16.888Z"}
{"level":"debug","message":"prisma query (228ms): BEGIN","timestamp":"2026-08-12T09:23:18.806Z"}
{"level":"debug","message":"prisma query (260ms): BEGIN","timestamp":"2026-08-12T09:23:18.807Z"}
{"level":"debug","message":"prisma query (349ms): DEALLOCATE ALL","timestamp":"2026-08-12T09:23:19.156Z"}
{"level":"debug","message":"prisma query (349ms): DEALLOCATE ALL","timestamp":"2026-08-12T09:23:19.156Z"}
{"level":"debug","message":"prisma query (176ms): SELECT \"public\".\"jobs\".\"id\", \"public\".\"jobs\".\"type\"::text, \"public\".\"jobs\".\"status\"::text, \"public\".\"jobs\".\"payload\", \"public\".\"jobs\".\"result\", \"public\".\"jobs\".\"error\", \"public\".\"jobs\".\"attempts\", \"public\".\"jobs\".\"maxAttempts\", \"public\".\"jobs\".\"nextAttemptAt\", \"public\".\"jobs\".\"createdById\", \"public\".\"jobs\".\"createdAt\", \"public\".\"jobs\".\"updatedAt\", \"public\".\"jobs\".\"completedAt\" FROM \"public\".\"jobs\" WHERE (\"public\".\"jobs\".\"type\" = CAST($1::text AS \"public\".\"JobType\") AND \"public\".\"jobs\".\"status\" = CAST($2::text AS \"public\".\"JobStatus\") AND \"public\".\"jobs\".\"nextAttemptAt\" <= $3) ORDER BY \"public\".\"jobs\".\"createdAt\" ASC LIMIT $4 OFFSET $5","timestamp":"2026-08-12T09:23:19.337Z"}
{"level":"debug","message":"prisma query (177ms): SELECT \"public\".\"jobs\".\"id\", \"public\".\"jobs\".\"type\"::text, \"public\".\"jobs\".\"status\"::text, \"public\".\"jobs\".\"payload\", \"public\".\"jobs\".\"result\", \"public\".\"jobs\".\"error\", \"public\".\"jobs\".\"attempts\", \"public\".\"jobs\".\"maxAttempts\", \"public\".\"jobs\".\"nextAttemptAt\", \"public\".\"jobs\".\"createdById\", \"public\".\"jobs\".\"createdAt\", \"public\".\"jobs\".\"updatedAt\", \"public\".\"jobs\".\"completedAt\" FROM \"public\".\"jobs\" WHERE (\"public\".\"jobs\".\"type\" = CAST($1::text AS \"public\".\"JobType\") AND \"public\".\"jobs\".\"status\" = CAST($2::text AS \"public\".\"JobStatus\") AND \"public\".\"jobs\".\"nextAttemptAt\" <= $3) ORDER BY \"public\".\"jobs\".\"createdAt\" ASC LIMIT $4 OFFSET $5","timestamp":"2026-08-12T09:23:19.340Z"}
{"level":"debug","message":"prisma query (80ms): COMMIT","timestamp":"2026-08-12T09:23:19.419Z"}
{"level":"debug","message":"prisma query (80ms): COMMIT","timestamp":"2026-08-12T09:23:19.420Z"}
{"level":"debug","message":"prisma query (79ms): SELECT 1","timestamp":"2026-08-12T09:23:20.640Z"}
{"level":"debug","message":"prisma query (49ms): BEGIN","timestamp":"2026-08-12T09:23:20.642Z"}
{"level":"debug","message":"prisma query (33ms): BEGIN","timestamp":"2026-08-12T09:23:20.682Z"}
{"level":"debug","message":"prisma query (48ms): DEALLOCATE ALL","timestamp":"2026-08-12T09:23:20.691Z"}
{"level":"debug","message":"prisma query (44ms): DEALLOCATE ALL","timestamp":"2026-08-12T09:23:20.719Z"}
{"level":"debug","message":"prisma query (119ms): SELECT \"public\".\"jobs\".\"id\", \"public\".\"jobs\".\"type\"::text, \"public\".\"jobs\".\"status\"::text, \"public\".\"jobs\".\"payload\", \"public\".\"jobs\".\"result\", \"public\".\"jobs\".\"error\", \"public\".\"jobs\".\"attempts\", \"public\".\"jobs\".\"maxAttempts\", \"public\".\"jobs\".\"nextAttemptAt\", \"public\".\"jobs\".\"createdById\", \"public\".\"jobs\".\"createdAt\", \"public\".\"jobs\".\"updatedAt\", \"public\".\"jobs\".\"completedAt\" FROM \"public\".\"jobs\" WHERE (\"public\".\"jobs\".\"type\" = CAST($1::text AS \"public\".\"JobType\") AND \"public\".\"jobs\".\"status\" = CAST($2::text AS \"public\".\"JobStatus\") AND \"public\".\"jobs\".\"nextAttemptAt\" <= $3) ORDER BY \"public\".\"jobs\".\"createdAt\" ASC LIMIT $4 OFFSET $5","timestamp":"2026-08-12T09:23:20.840Z"}
{"level":"debug","message":"prisma query (150ms): SELECT \"public\".\"jobs\".\"id\", \"public\".\"jobs\".\"type\"::text, \"public\".\"jobs\".\"status\"::text, \"public\".\"jobs\".\"payload\", \"public\".\"jobs\".\"result\", \"public\".\"jobs\".\"error\", \"public\".\"jobs\".\"attempts\", \"public\".\"jobs\".\"maxAttempts\", \"public\".\"jobs\".\"nextAttemptAt\", \"public\".\"jobs\".\"createdById\", \"public\".\"jobs\".\"createdAt\", \"public\".\"jobs\".\"updatedAt\", \"public\".\"jobs\".\"completedAt\" FROM \"public\".\"jobs\" WHERE (\"public\".\"jobs\".\"type\" = CAST($1::text AS \"public\".\"JobType\") AND \"public\".\"jobs\".\"status\" = CAST($2::text AS \"public\".\"JobStatus\") AND \"public\".\"jobs\".\"nextAttemptAt\" <= $3) ORDER BY \"public\".\"jobs\".\"createdAt\" ASC LIMIT $4 OFFSET $5","timestamp":"2026-08-12T09:23:20.843Z"}
{"level":"debug","message":"prisma query (48ms): COMMIT","timestamp":"2026-08-12T09:23:20.892Z"}
{"level":"debug","message":"prisma query (52ms): COMMIT","timestamp":"2026-08-12T09:23:20.893Z"}
{"level":"debug","message":"prisma query (312ms): BEGIN","timestamp":"2026-08-12T09:23:22.881Z"}
{"level":"debug","message":"prisma query (281ms): BEGIN","timestamp":"2026-08-12T09:23:22.882Z"}
{"level":"debug","message":"prisma query (314ms): DEALLOCATE ALL","timestamp":"2026-08-12T09:23:23.196Z"}
{"level":"debug","message":"prisma query (315ms): DEALLOCATE ALL","timestamp":"2026-08-12T09:23:23.197Z"}
{"level":"debug","message":"prisma query (739ms): SELECT \"public\".\"jobs\".\"id\", \"public\".\"jobs\".\"type\"::text, \"public\".\"jobs\".\"status\"::text, \"public\".\"jobs\".\"payload\", \"public\".\"jobs\".\"result\", \"public\".\"jobs\".\"error\", \"public\".\"jobs\".\"attempts\", \"public\".\"jobs\".\"maxAttempts\", \"public\".\"jobs\".\"nextAttemptAt\", \"public\".\"jobs\".\"createdById\", \"public\".\"jobs\".\"createdAt\", \"public\".\"jobs\".\"updatedAt\", \"public\".\"jobs\".\"completedAt\" FROM \"public\".\"jobs\" WHERE (\"public\".\"jobs\".\"type\" = CAST($1::text AS \"public\".\"JobType\") AND \"public\".\"jobs\".\"status\" = CAST($2::text AS \"public\".\"JobStatus\") AND \"public\".\"jobs\".\"nextAttemptAt\" <= $3) ORDER BY \"public\".\"jobs\".\"createdAt\" ASC LIMIT $4 OFFSET $5","timestamp":"2026-08-12T09:23:23.937Z"}
{"level":"debug","message":"prisma query (740ms): SELECT \"public\".\"jobs\".\"id\", \"public\".\"jobs\".\"type\"::text, \"public\".\"jobs\".\"status\"::text, \"public\".\"jobs\".\"payload\", \"public\".\"jobs\".\"result\", \"public\".\"jobs\".\"error\", \"public\".\"jobs\".\"attempts\", \"public\".\"jobs\".\"maxAttempts\", \"public\".\"jobs\".\"nextAttemptAt\", \"public\".\"jobs\".\"createdById\", \"public\".\"jobs\".\"createdAt\", \"public\".\"jobs\".\"updatedAt\", \"public\".\"jobs\".\"completedAt\" FROM \"public\".\"jobs\" WHERE (\"public\".\"jobs\".\"type\" = CAST($1::text AS \"public\".\"JobType\") AND \"public\".\"jobs\".\"status\" = CAST($2::text AS \"public\".\"JobStatus\") AND \"public\".\"jobs\".\"nextAttemptAt\" <= $3) ORDER BY \"public\".\"jobs\".\"createdAt\" ASC LIMIT $4 OFFSET $5","timestamp":"2026-08-12T09:23:23.938Z"}
{"level":"debug","message":"prisma query (298ms): COMMIT","timestamp":"2026-08-12T09:23:24.236Z"}
{"level":"debug","message":"prisma query (298ms): COMMIT","timestamp":"2026-08-12T09:23:24.236Z"}
{"level":"debug","message":"prisma query (275ms): BEGIN","timestamp":"2026-08-12T09:23:24.891Z"}
{"level":"debug","message":"prisma query (308ms): BEGIN","timestamp":"2026-08-12T09:23:24.892Z"}
{"level":"debug","message":"prisma query (67ms): DEALLOCATE ALL","timestamp":"2026-08-12T09:23:24.959Z"}
{"level":"debug","message":"prisma query (68ms): DEALLOCATE ALL","timestamp":"2026-08-12T09:23:24.959Z"}
{"level":"debug","message":"prisma query (449ms): SELECT \"public\".\"jobs\".\"id\", \"public\".\"jobs\".\"type\"::text, \"public\".\"jobs\".\"status\"::text, \"public\".\"jobs\".\"payload\", \"public\".\"jobs\".\"result\", \"public\".\"jobs\".\"error\", \"public\".\"jobs\".\"attempts\", \"public\".\"jobs\".\"maxAttempts\", \"public\".\"jobs\".\"nextAttemptAt\", \"public\".\"jobs\".\"createdById\", \"public\".\"jobs\".\"createdAt\", \"public\".\"jobs\".\"updatedAt\", \"public\".\"jobs\".\"completedAt\" FROM \"public\".\"jobs\" WHERE (\"public\".\"jobs\".\"type\" = CAST($1::text AS \"public\".\"JobType\") AND \"public\".\"jobs\".\"status\" = CAST($2::text AS \"public\".\"JobStatus\") AND \"public\".\"jobs\".\"nextAttemptAt\" <= $3) ORDER BY \"public\".\"jobs\".\"createdAt\" ASC LIMIT $4 OFFSET $5","timestamp":"2026-08-12T09:23:25.409Z"}
{"level":"debug","message":"prisma query (448ms): SELECT \"public\".\"jobs\".\"id\", \"public\".\"jobs\".\"type\"::text, \"public\".\"jobs\".\"status\"::text, \"public\".\"jobs\".\"payload\", \"public\".\"jobs\".\"result\", \"public\".\"jobs\".\"error\", \"public\".\"jobs\".\"attempts\", \"public\".\"jobs\".\"maxAttempts\", \"public\".\"jobs\".\"nextAttemptAt\", \"public\".\"jobs\".\"createdById\", \"public\".\"jobs\".\"createdAt\", \"public\".\"jobs\".\"updatedAt\", \"public\".\"jobs\".\"completedAt\" FROM \"public\".\"jobs\" WHERE (\"public\".\"jobs\".\"type\" = CAST($1::text AS \"public\".\"JobType\") AND \"public\".\"jobs\".\"status\" = CAST($2::text AS \"public\".\"JobStatus\") AND \"public\".\"jobs\".\"nextAttemptAt\" <= $3) ORDER BY \"public\".\"jobs\".\"createdAt\" ASC LIMIT $4 OFFSET $5","timestamp":"2026-08-12T09:23:25.410Z"}
{"level":"debug","message":"prisma query (81ms): COMMIT","timestamp":"2026-08-12T09:23:25.491Z"}
{"level":"debug","message":"prisma query (82ms): COMMIT","timestamp":"2026-08-12T09:23:25.492Z"}
{"level":"debug","message":"prisma query (38ms): BEGIN","timestamp":"2026-08-12T09:23:26.634Z"}
{"level":"debug","message":"prisma query (47ms): BEGIN","timestamp":"2026-08-12T09:23:26.675Z"}
{"level":"debug","message":"prisma query (50ms): DEALLOCATE ALL","timestamp":"2026-08-12T09:23:26.685Z"}
{"level":"debug","message":"prisma query (52ms): DEALLOCATE ALL","timestamp":"2026-08-12T09:23:26.727Z"}
{"level":"debug","message":"prisma query (112ms): SELECT \"public\".\"jobs\".\"id\", \"public\".\"jobs\".\"type\"::text, \"public\".\"jobs\".\"status\"::text, \"public\".\"jobs\".\"payload\", \"public\".\"jobs\".\"result\", \"public\".\"jobs\".\"error\", \"public\".\"jobs\".\"attempts\", \"public\".\"jobs\".\"maxAttempts\", \"public\".\"jobs\".\"nextAttemptAt\", \"public\".\"jobs\".\"createdById\", \"public\".\"jobs\".\"createdAt\", \"public\".\"jobs\".\"updatedAt\", \"public\".\"jobs\".\"completedAt\" FROM \"public\".\"jobs\" WHERE (\"public\".\"jobs\".\"type\" = CAST($1::text AS \"public\".\"JobType\") AND \"public\".\"jobs\".\"status\" = CAST($2::text AS \"public\".\"JobStatus\") AND \"public\".\"jobs\".\"nextAttemptAt\" <= $3) ORDER BY \"public\".\"jobs\".\"createdAt\" ASC LIMIT $4 OFFSET $5","timestamp":"2026-08-12T09:23:26.840Z"}
{"level":"debug","message":"prisma query (156ms): SELECT \"public\".\"jobs\".\"id\", \"public\".\"jobs\".\"type\"::text, \"public\".\"jobs\".\"status\"::text, \"public\".\"jobs\".\"payload\", \"public\".\"jobs\".\"result\", \"public\".\"jobs\".\"error\", \"public\".\"jobs\".\"attempts\", \"public\".\"jobs\".\"maxAttempts\", \"public\".\"jobs\".\"nextAttemptAt\", \"public\".\"jobs\".\"createdById\", \"public\".\"jobs\".\"createdAt\", \"public\".\"jobs\".\"updatedAt\", \"public\".\"jobs\".\"completedAt\" FROM \"public\".\"jobs\" WHERE (\"public\".\"jobs\".\"type\" = CAST($1::text AS \"public\".\"JobType\") AND \"public\".\"jobs\".\"status\" = CAST($2::text AS \"public\".\"JobStatus\") AND \"public\".\"jobs\".\"nextAttemptAt\" <= $3) ORDER BY \"public\".\"jobs\".\"createdAt\" ASC LIMIT $4 OFFSET $5","timestamp":"2026-08-12T09:23:26.842Z"}
{"level":"debug","message":"prisma query (36ms): COMMIT","timestamp":"2026-08-12T09:23:26.876Z"}
{"level":"debug","message":"prisma query (37ms): COMMIT","timestamp":"2026-08-12T09:23:26.880Z"}
{"level":"debug","message":"prisma query (167ms): BEGIN","timestamp":"2026-08-12T09:23:28.782Z"}
{"level":"debug","message":"prisma query (152ms): BEGIN","timestamp":"2026-08-12T09:23:28.788Z"}
{"level":"debug","message":"prisma query (64ms): DEALLOCATE ALL","timestamp":"2026-08-12T09:23:28.859Z"}
{"level":"debug","message":"prisma query (80ms): DEALLOCATE ALL","timestamp":"2026-08-12T09:23:28.860Z"}
{"level":"debug","message":"prisma query (88ms): SELECT \"public\".\"jobs\".\"id\", \"public\".\"jobs\".\"type\"::text, \"public\".\"jobs\".\"status\"::text, \"public\".\"jobs\".\"payload\", \"public\".\"jobs\".\"result\", \"public\".\"jobs\".\"error\", \"public\".\"jobs\".\"attempts\", \"public\".\"jobs\".\"maxAttempts\", \"public\".\"jobs\".\"nextAttemptAt\", \"public\".\"jobs\".\"createdById\", \"public\".\"jobs\".\"createdAt\", \"public\".\"jobs\".\"updatedAt\", \"public\".\"jobs\".\"completedAt\" FROM \"public\".\"jobs\" WHERE (\"public\".\"jobs\".\"type\" = CAST($1::text AS \"public\".\"JobType\") AND \"public\".\"jobs\".\"status\" = CAST($2::text AS \"public\".\"JobStatus\") AND \"public\".\"jobs\".\"nextAttemptAt\" <= $3) ORDER BY \"public\".\"jobs\".\"createdAt\" ASC LIMIT $4 OFFSET $5","timestamp":"2026-08-12T09:23:28.941Z"}
{"level":"debug","message":"prisma query (102ms): SELECT \"public\".\"jobs\".\"id\", \"public\".\"jobs\".\"type\"::text, \"public\".\"jobs\".\"status\"::text, \"public\".\"jobs\".\"payload\", \"public\".\"jobs\".\"result\", \"public\".\"jobs\".\"error\", \"public\".\"jobs\".\"attempts\", \"public\".\"jobs\".\"maxAttempts\", \"public\".\"jobs\".\"nextAttemptAt\", \"public\".\"jobs\".\"createdById\", \"public\".\"jobs\".\"createdAt\", \"public\".\"jobs\".\"updatedAt\", \"public\".\"jobs\".\"completedAt\" FROM \"public\".\"jobs\" WHERE (\"public\".\"jobs\".\"type\" = CAST($1::text AS \"public\".\"JobType\") AND \"public\".\"jobs\".\"status\" = CAST($2::text AS \"public\".\"JobStatus\") AND \"public\".\"jobs\".\"nextAttemptAt\" <= $3) ORDER BY \"public\".\"jobs\".\"createdAt\" ASC LIMIT $4 OFFSET $5","timestamp":"2026-08-12T09:23:28.955Z"}
{"level":"debug","message":"prisma query (47ms): COMMIT","timestamp":"2026-08-12T09:23:28.988Z"}
{"level":"debug","message":"prisma query (52ms): COMMIT","timestamp":"2026-08-12T09:23:29.008Z"}
{"level":"debug","message":"prisma query (67ms): SELECT 1","timestamp":"2026-08-12T09:23:30.680Z"}
{"level":"debug","message":"prisma query (62ms): BEGIN","timestamp":"2026-08-12T09:23:30.705Z"}
{"level":"debug","message":"prisma query (78ms): BEGIN","timestamp":"2026-08-12T09:23:30.759Z"}
{"level":"debug","message":"prisma query (53ms): DEALLOCATE ALL","timestamp":"2026-08-12T09:23:30.759Z"}
{"level":"debug","message":"prisma query (82ms): DEALLOCATE ALL","timestamp":"2026-08-12T09:23:30.841Z"}
{"level":"debug","message":"prisma query (169ms): SELECT \"public\".\"jobs\".\"id\", \"public\".\"jobs\".\"type\"::text, \"public\".\"jobs\".\"status\"::text, \"public\".\"jobs\".\"payload\", \"public\".\"jobs\".\"result\", \"public\".\"jobs\".\"error\", \"public\".\"jobs\".\"attempts\", \"public\".\"jobs\".\"maxAttempts\", \"public\".\"jobs\".\"nextAttemptAt\", \"public\".\"jobs\".\"createdById\", \"public\".\"jobs\".\"createdAt\", \"public\".\"jobs\".\"updatedAt\", \"public\".\"jobs\".\"completedAt\" FROM \"public\".\"jobs\" WHERE (\"public\".\"jobs\".\"type\" = CAST($1::text AS \"public\".\"JobType\") AND \"public\".\"jobs\".\"status\" = CAST($2::text AS \"public\".\"JobStatus\") AND \"public\".\"jobs\".\"nextAttemptAt\" <= $3) ORDER BY \"public\".\"jobs\".\"createdAt\" ASC LIMIT $4 OFFSET $5","timestamp":"2026-08-12T09:23:30.929Z"}
{"level":"debug","message":"prisma query (96ms): SELECT \"public\".\"jobs\".\"id\", \"public\".\"jobs\".\"type\"::text, \"public\".\"jobs\".\"status\"::text, \"public\".\"jobs\".\"payload\", \"public\".\"jobs\".\"result\", \"public\".\"jobs\".\"error\", \"public\".\"jobs\".\"attempts\", \"public\".\"jobs\".\"maxAttempts\", \"public\".\"jobs\".\"nextAttemptAt\", \"public\".\"jobs\".\"createdById\", \"public\".\"jobs\".\"createdAt\", \"public\".\"jobs\".\"updatedAt\", \"public\".\"jobs\".\"completedAt\" FROM \"public\".\"jobs\" WHERE (\"public\".\"jobs\".\"type\" = CAST($1::text AS \"public\".\"JobType\") AND \"public\".\"jobs\".\"status\" = CAST($2::text AS \"public\".\"JobStatus\") AND \"public\".\"jobs\".\"nextAttemptAt\" <= $3) ORDER BY \"public\".\"jobs\".\"createdAt\" ASC LIMIT $4 OFFSET $5","timestamp":"2026-08-12T09:23:30.938Z"}
{"level":"debug","message":"prisma query (59ms): COMMIT","timestamp":"2026-08-12T09:23:30.988Z"}
{"level":"debug","message":"prisma query (50ms): COMMIT","timestamp":"2026-08-12T09:23:30.994Z"}
{"level":"debug","message":"prisma query (315ms): BEGIN","timestamp":"2026-08-12T09:23:32.931Z"}
{"level":"debug","message":"prisma query (285ms): BEGIN","timestamp":"2026-08-12T09:23:32.932Z"}
{"level":"debug","message":"prisma query (313ms): DEALLOCATE ALL","timestamp":"2026-08-12T09:23:33.248Z"}
{"level":"debug","message":"prisma query (314ms): DEALLOCATE ALL","timestamp":"2026-08-12T09:23:33.249Z"}
{"level":"debug","message":"prisma query (526ms): SELECT \"public\".\"jobs\".\"id\", \"public\".\"jobs\".\"type\"::text, \"public\".\"jobs\".\"status\"::text, \"public\".\"jobs\".\"payload\", \"public\".\"jobs\".\"result\", \"public\".\"jobs\".\"error\", \"public\".\"jobs\".\"attempts\", \"public\".\"jobs\".\"maxAttempts\", \"public\".\"jobs\".\"nextAttemptAt\", \"public\".\"jobs\".\"createdById\", \"public\".\"jobs\".\"createdAt\", \"public\".\"jobs\".\"updatedAt\", \"public\".\"jobs\".\"completedAt\" FROM \"public\".\"jobs\" WHERE (\"public\".\"jobs\".\"type\" = CAST($1::text AS \"public\".\"JobType\") AND \"public\".\"jobs\".\"status\" = CAST($2::text AS \"public\".\"JobStatus\") AND \"public\".\"jobs\".\"nextAttemptAt\" <= $3) ORDER BY \"public\".\"jobs\".\"createdAt\" ASC LIMIT $4 OFFSET $5","timestamp":"2026-08-12T09:23:33.773Z"}
{"level":"debug","message":"prisma query (527ms): SELECT \"public\".\"jobs\".\"id\", \"public\".\"jobs\".\"type\"::text, \"public\".\"jobs\".\"status\"::text, \"public\".\"jobs\".\"payload\", \"public\".\"jobs\".\"result\", \"public\".\"jobs\".\"error\", \"public\".\"jobs\".\"attempts\", \"public\".\"jobs\".\"maxAttempts\", \"public\".\"jobs\".\"nextAttemptAt\", \"public\".\"jobs\".\"createdById\", \"public\".\"jobs\".\"createdAt\", \"public\".\"jobs\".\"updatedAt\", \"public\".\"jobs\".\"completedAt\" FROM \"public\".\"jobs\" WHERE (\"public\".\"jobs\".\"type\" = CAST($1::text AS \"public\".\"JobType\") AND \"public\".\"jobs\".\"status\" = CAST($2::text AS \"public\".\"JobStatus\") AND \"public\".\"jobs\".\"nextAttemptAt\" <= $3) ORDER BY \"public\".\"jobs\".\"createdAt\" ASC LIMIT $4 OFFSET $5","timestamp":"2026-08-12T09:23:33.774Z"}
{"level":"debug","message":"prisma query (343ms): COMMIT","timestamp":"2026-08-12T09:23:34.116Z"}
{"level":"debug","message":"prisma query (343ms): COMMIT","timestamp":"2026-08-12T09:23:34.117Z"}
{"level":"debug","message":"prisma query (334ms): BEGIN","timestamp":"2026-08-12T09:23:34.994Z"}
{"level":"debug","message":"prisma query (365ms): BEGIN","timestamp":"2026-08-12T09:23:34.995Z"}
{"level":"debug","message":"prisma query (340ms): DEALLOCATE ALL","timestamp":"2026-08-12T09:23:35.334Z"}
{"level":"debug","message":"prisma query (341ms): DEALLOCATE ALL","timestamp":"2026-08-12T09:23:35.335Z"}
{"level":"debug","message":"prisma query (659ms): SELECT \"public\".\"jobs\".\"id\", \"public\".\"jobs\".\"type\"::text, \"public\".\"jobs\".\"status\"::text, \"public\".\"jobs\".\"payload\", \"public\".\"jobs\".\"result\", \"public\".\"jobs\".\"error\", \"public\".\"jobs\".\"attempts\", \"public\".\"jobs\".\"maxAttempts\", \"public\".\"jobs\".\"nextAttemptAt\", \"public\".\"jobs\".\"createdById\", \"public\".\"jobs\".\"createdAt\", \"public\".\"jobs\".\"updatedAt\", \"public\".\"jobs\".\"completedAt\" FROM \"public\".\"jobs\" WHERE (\"public\".\"jobs\".\"type\" = CAST($1::text AS \"public\".\"JobType\") AND \"public\".\"jobs\".\"status\" = CAST($2::text AS \"public\".\"JobStatus\") AND \"public\".\"jobs\".\"nextAttemptAt\" <= $3) ORDER BY \"public\".\"jobs\".\"createdAt\" ASC LIMIT $4 OFFSET $5","timestamp":"2026-08-12T09:23:35.995Z"}
{"level":"debug","message":"prisma query (659ms): SELECT \"public\".\"jobs\".\"id\", \"public\".\"jobs\".\"type\"::text, \"public\".\"jobs\".\"status\"::text, \"public\".\"jobs\".\"payload\", \"public\".\"jobs\".\"result\", \"public\".\"jobs\".\"error\", \"public\".\"jobs\".\"attempts\", \"public\".\"jobs\".\"maxAttempts\", \"public\".\"jobs\".\"nextAttemptAt\", \"public\".\"jobs\".\"createdById\", \"public\".\"jobs\".\"createdAt\", \"public\".\"jobs\".\"updatedAt\", \"public\".\"jobs\".\"completedAt\" FROM \"public\".\"jobs\" WHERE (\"public\".\"jobs\".\"type\" = CAST($1::text AS \"public\".\"JobType\") AND \"public\".\"jobs\".\"status\" = CAST($2::text AS \"public\".\"JobStatus\") AND \"public\".\"jobs\".\"nextAttemptAt\" <= $3) ORDER BY \"public\".\"jobs\".\"createdAt\" ASC LIMIT $4 OFFSET $5","timestamp":"2026-08-12T09:23:35.995Z"}
{"level":"debug","message":"prisma query (293ms): COMMIT","timestamp":"2026-08-12T09:23:36.288Z"}
{"level":"debug","message":"prisma query (293ms): COMMIT","timestamp":"2026-08-12T09:23:36.289Z"}
{"level":"debug","message":"prisma query (36ms): BEGIN","timestamp":"2026-08-12T09:23:36.664Z"}
{"level":"debug","message":"prisma query (337ms): SELECT 1","timestamp":"2026-08-12T09:23:36.997Z"}
{"level":"debug","message":"prisma query (334ms): DEALLOCATE ALL","timestamp":"2026-08-12T09:23:37.000Z"}
{"level":"debug","message":"prisma query (424ms): BEGIN","timestamp":"2026-08-12T09:23:37.424Z"}
{"level":"debug","message":"prisma query (437ms): DEALLOCATE ALL","timestamp":"2026-08-12T09:23:37.861Z"}
{"level":"debug","message":"prisma query (861ms): SELECT \"public\".\"jobs\".\"id\", \"public\".\"jobs\".\"type\"::text, \"public\".\"jobs\".\"status\"::text, \"public\".\"jobs\".\"payload\", \"public\".\"jobs\".\"result\", \"public\".\"jobs\".\"error\", \"public\".\"jobs\".\"attempts\", \"public\".\"jobs\".\"maxAttempts\", \"public\".\"jobs\".\"nextAttemptAt\", \"public\".\"jobs\".\"createdById\", \"public\".\"jobs\".\"createdAt\", \"public\".\"jobs\".\"updatedAt\", \"public\".\"jobs\".\"completedAt\" FROM \"public\".\"jobs\" WHERE (\"public\".\"jobs\".\"type\" = CAST($1::text AS \"public\".\"JobType\") AND \"public\".\"jobs\".\"status\" = CAST($2::text AS \"public\".\"JobStatus\") AND \"public\".\"jobs\".\"nextAttemptAt\" <= $3) ORDER BY \"public\".\"jobs\".\"createdAt\" ASC LIMIT $4 OFFSET $5","timestamp":"2026-08-12T09:23:37.863Z"}
{"level":"debug","message":"prisma query (309ms): COMMIT","timestamp":"2026-08-12T09:23:38.171Z"}
{"level":"debug","message":"prisma query (783ms): SELECT \"public\".\"jobs\".\"id\", \"public\".\"jobs\".\"type\"::text, \"public\".\"jobs\".\"status\"::text, \"public\".\"jobs\".\"payload\", \"public\".\"jobs\".\"result\", \"public\".\"jobs\".\"error\", \"public\".\"jobs\".\"attempts\", \"public\".\"jobs\".\"maxAttempts\", \"public\".\"jobs\".\"nextAttemptAt\", \"public\".\"jobs\".\"createdById\", \"public\".\"jobs\".\"createdAt\", \"public\".\"jobs\".\"updatedAt\", \"public\".\"jobs\".\"completedAt\" FROM \"public\".\"jobs\" WHERE (\"public\".\"jobs\".\"type\" = CAST($1::text AS \"public\".\"JobType\") AND \"public\".\"jobs\".\"status\" = CAST($2::text AS \"public\".\"JobStatus\") AND \"public\".\"jobs\".\"nextAttemptAt\" <= $3) ORDER BY \"public\".\"jobs\".\"createdAt\" ASC LIMIT $4 OFFSET $5","timestamp":"2026-08-12T09:23:38.644Z"}
{"level":"debug","message":"prisma query (265ms): BEGIN","timestamp":"2026-08-12T09:23:38.905Z"}
{"level":"debug","message":"prisma query (260ms): COMMIT","timestamp":"2026-08-12T09:23:38.905Z"}
{"level":"debug","message":"prisma query (234ms): SELECT 1","timestamp":"2026-08-12T09:23:38.906Z"}
{"level":"debug","message":"prisma query (295ms): BEGIN","timestamp":"2026-08-12T09:23:39.201Z"}
{"level":"debug","message":"prisma query (296ms): DEALLOCATE ALL","timestamp":"2026-08-12T09:23:39.202Z"}
{"level":"debug","message":"prisma query (259ms): DEALLOCATE ALL","timestamp":"2026-08-12T09:23:39.461Z"}
{"level":"debug","message":"prisma query (504ms): SELECT \"public\".\"jobs\".\"id\", \"public\".\"jobs\".\"type\"::text, \"public\".\"jobs\".\"status\"::text, \"public\".\"jobs\".\"payload\", \"public\".\"jobs\".\"result\", \"public\".\"jobs\".\"error\", \"public\".\"jobs\".\"attempts\", \"public\".\"jobs\".\"maxAttempts\", \"public\".\"jobs\".\"nextAttemptAt\", \"public\".\"jobs\".\"createdById\", \"public\".\"jobs\".\"createdAt\", \"public\".\"jobs\".\"updatedAt\", \"public\".\"jobs\".\"completedAt\" FROM \"public\".\"jobs\" WHERE (\"public\".\"jobs\".\"type\" = CAST($1::text AS \"public\".\"JobType\") AND \"public\".\"jobs\".\"status\" = CAST($2::text AS \"public\".\"JobStatus\") AND \"public\".\"jobs\".\"nextAttemptAt\" <= $3) ORDER BY \"public\".\"jobs\".\"createdAt\" ASC LIMIT $4 OFFSET $5","timestamp":"2026-08-12T09:23:39.707Z"}
{"level":"debug","message":"prisma query (758ms): SELECT \"public\".\"jobs\".\"id\", \"public\".\"jobs\".\"type\"::text, \"public\".\"jobs\".\"status\"::text, \"public\".\"jobs\".\"payload\", \"public\".\"jobs\".\"result\", \"public\".\"jobs\".\"error\", \"public\".\"jobs\".\"attempts\", \"public\".\"jobs\".\"maxAttempts\", \"public\".\"jobs\".\"nextAttemptAt\", \"public\".\"jobs\".\"createdById\", \"public\".\"jobs\".\"createdAt\", \"public\".\"jobs\".\"updatedAt\", \"public\".\"jobs\".\"completedAt\" FROM \"public\".\"jobs\" WHERE (\"public\".\"jobs\".\"type\" = CAST($1::text AS \"public\".\"JobType\") AND \"public\".\"jobs\".\"status\" = CAST($2::text AS \"public\".\"JobStatus\") AND \"public\".\"jobs\".\"nextAttemptAt\" <= $3) ORDER BY \"public\".\"jobs\".\"createdAt\" ASC LIMIT $4 OFFSET $5","timestamp":"2026-08-12T09:23:40.220Z"}
{"level":"debug","message":"prisma query (512ms): COMMIT","timestamp":"2026-08-12T09:23:40.221Z"}
{"level":"debug","message":"prisma query (436ms): COMMIT","timestamp":"2026-08-12T09:23:40.658Z"}
{"level":"debug","message":"prisma query (400ms): BEGIN","timestamp":"2026-08-12T09:23:41.054Z"}
{"level":"debug","message":"prisma query (371ms): BEGIN","timestamp":"2026-08-12T09:23:41.055Z"}
{"level":"debug","message":"prisma query (337ms): DEALLOCATE ALL","timestamp":"2026-08-12T09:23:41.395Z"}
{"level":"debug","message":"prisma query (338ms): DEALLOCATE ALL","timestamp":"2026-08-12T09:23:41.396Z"}
{"level":"debug","message":"prisma query (354ms): SELECT \"public\".\"jobs\".\"id\", \"public\".\"jobs\".\"type\"::text, \"public\".\"jobs\".\"status\"::text, \"public\".\"jobs\".\"payload\", \"public\".\"jobs\".\"result\", \"public\".\"jobs\".\"error\", \"public\".\"jobs\".\"attempts\", \"public\".\"jobs\".\"maxAttempts\", \"public\".\"jobs\".\"nextAttemptAt\", \"public\".\"jobs\".\"createdById\", \"public\".\"jobs\".\"createdAt\", \"public\".\"jobs\".\"updatedAt\", \"public\".\"jobs\".\"completedAt\" FROM \"public\".\"jobs\" WHERE (\"public\".\"jobs\".\"type\" = CAST($1::text AS \"public\".\"JobType\") AND \"public\".\"jobs\".\"status\" = CAST($2::text AS \"public\".\"JobStatus\") AND \"public\".\"jobs\".\"nextAttemptAt\" <= $3) ORDER BY \"public\".\"jobs\".\"createdAt\" ASC LIMIT $4 OFFSET $5","timestamp":"2026-08-12T09:23:41.749Z"}
{"level":"debug","message":"prisma query (355ms): SELECT \"public\".\"jobs\".\"id\", \"public\".\"jobs\".\"type\"::text, \"public\".\"jobs\".\"status\"::text, \"public\".\"jobs\".\"payload\", \"public\".\"jobs\".\"result\", \"public\".\"jobs\".\"error\", \"public\".\"jobs\".\"attempts\", \"public\".\"jobs\".\"maxAttempts\", \"public\".\"jobs\".\"nextAttemptAt\", \"public\".\"jobs\".\"createdById\", \"public\".\"jobs\".\"createdAt\", \"public\".\"jobs\".\"updatedAt\", \"public\".\"jobs\".\"completedAt\" FROM \"public\".\"jobs\" WHERE (\"public\".\"jobs\".\"type\" = CAST($1::text AS \"public\".\"JobType\") AND \"public\".\"jobs\".\"status\" = CAST($2::text AS \"public\".\"JobStatus\") AND \"public\".\"jobs\".\"nextAttemptAt\" <= $3) ORDER BY \"public\".\"jobs\".\"createdAt\" ASC LIMIT $4 OFFSET $5","timestamp":"2026-08-12T09:23:41.749Z"}
{"level":"debug","message":"prisma query (251ms): COMMIT","timestamp":"2026-08-12T09:23:42.000Z"}
{"level":"debug","message":"prisma query (251ms): COMMIT","timestamp":"2026-08-12T09:23:42.001Z"}
{"level":"debug","message":"prisma query (425ms): BEGIN","timestamp":"2026-08-12T09:23:43.087Z"}
{"level":"debug","message":"prisma query (395ms): BEGIN","timestamp":"2026-08-12T09:23:43.087Z"}
{"level":"debug","message":"prisma query (306ms): DEALLOCATE ALL","timestamp":"2026-08-12T09:23:43.393Z"}
{"level":"debug","message":"prisma query (307ms): DEALLOCATE ALL","timestamp":"2026-08-12T09:23:43.394Z"}
{"level":"debug","message":"prisma query (819ms): SELECT \"public\".\"jobs\".\"id\", \"public\".\"jobs\".\"type\"::text, \"public\".\"jobs\".\"status\"::text, \"public\".\"jobs\".\"payload\", \"public\".\"jobs\".\"result\", \"public\".\"jobs\".\"error\", \"public\".\"jobs\".\"attempts\", \"public\".\"jobs\".\"maxAttempts\", \"public\".\"jobs\".\"nextAttemptAt\", \"public\".\"jobs\".\"createdById\", \"public\".\"jobs\".\"createdAt\", \"public\".\"jobs\".\"updatedAt\", \"public\".\"jobs\".\"completedAt\" FROM \"public\".\"jobs\" WHERE (\"public\".\"jobs\".\"type\" = CAST($1::text AS \"public\".\"JobType\") AND \"public\".\"jobs\".\"status\" = CAST($2::text AS \"public\".\"JobStatus\") AND \"public\".\"jobs\".\"nextAttemptAt\" <= $3) ORDER BY \"public\".\"jobs\".\"createdAt\" ASC LIMIT $4 OFFSET $5","timestamp":"2026-08-12T09:23:44.215Z"}
{"level":"debug","message":"prisma query (819ms): SELECT \"public\".\"jobs\".\"id\", \"public\".\"jobs\".\"type\"::text, \"public\".\"jobs\".\"status\"::text, \"public\".\"jobs\".\"payload\", \"public\".\"jobs\".\"result\", \"public\".\"jobs\".\"error\", \"public\".\"jobs\".\"attempts\", \"public\".\"jobs\".\"maxAttempts\", \"public\".\"jobs\".\"nextAttemptAt\", \"public\".\"jobs\".\"createdById\", \"public\".\"jobs\".\"createdAt\", \"public\".\"jobs\".\"updatedAt\", \"public\".\"jobs\".\"completedAt\" FROM \"public\".\"jobs\" WHERE (\"public\".\"jobs\".\"type\" = CAST($1::text AS \"public\".\"JobType\") AND \"public\".\"jobs\".\"status\" = CAST($2::text AS \"public\".\"JobStatus\") AND \"public\".\"jobs\".\"nextAttemptAt\" <= $3) ORDER BY \"public\".\"jobs\".\"createdAt\" ASC LIMIT $4 OFFSET $5","timestamp":"2026-08-12T09:23:44.215Z"}
{"level":"debug","message":"prisma query (455ms): COMMIT","timestamp":"2026-08-12T09:23:44.668Z"}
{"level":"debug","message":"prisma query (454ms): COMMIT","timestamp":"2026-08-12T09:23:44.669Z"}
{"level":"debug","message":"prisma query (435ms): BEGIN","timestamp":"2026-08-12T09:23:45.136Z"}
{"level":"debug","message":"prisma query (468ms): BEGIN","timestamp":"2026-08-12T09:23:45.136Z"}
{"level":"debug","message":"prisma query (282ms): DEALLOCATE ALL","timestamp":"2026-08-12T09:23:45.417Z"}
{"level":"debug","message":"prisma query (283ms): DEALLOCATE ALL","timestamp":"2026-08-12T09:23:45.418Z"}
{"level":"debug","message":"prisma query (864ms): SELECT \"public\".\"jobs\".\"id\", \"public\".\"jobs\".\"type\"::text, \"public\".\"jobs\".\"status\"::text, \"public\".\"jobs\".\"payload\", \"public\".\"jobs\".\"result\", \"public\".\"jobs\".\"error\", \"public\".\"jobs\".\"attempts\", \"public\".\"jobs\".\"maxAttempts\", \"public\".\"jobs\".\"nextAttemptAt\", \"public\".\"jobs\".\"createdById\", \"public\".\"jobs\".\"createdAt\", \"public\".\"jobs\".\"updatedAt\", \"public\".\"jobs\".\"completedAt\" FROM \"public\".\"jobs\" WHERE (\"public\".\"jobs\".\"type\" = CAST($1::text AS \"public\".\"JobType\") AND \"public\".\"jobs\".\"status\" = CAST($2::text AS \"public\".\"JobStatus\") AND \"public\".\"jobs\".\"nextAttemptAt\" <= $3) ORDER BY \"public\".\"jobs\".\"createdAt\" ASC LIMIT $4 OFFSET $5","timestamp":"2026-08-12T09:23:46.283Z"}
{"level":"debug","message":"prisma query (864ms): SELECT \"public\".\"jobs\".\"id\", \"public\".\"jobs\".\"type\"::text, \"public\".\"jobs\".\"status\"::text, \"public\".\"jobs\".\"payload\", \"public\".\"jobs\".\"result\", \"public\".\"jobs\".\"error\", \"public\".\"jobs\".\"attempts\", \"public\".\"jobs\".\"maxAttempts\", \"public\".\"jobs\".\"nextAttemptAt\", \"public\".\"jobs\".\"createdById\", \"public\".\"jobs\".\"createdAt\", \"public\".\"jobs\".\"updatedAt\", \"public\".\"jobs\".\"completedAt\" FROM \"public\".\"jobs\" WHERE (\"public\".\"jobs\".\"type\" = CAST($1::text AS \"public\".\"JobType\") AND \"public\".\"jobs\".\"status\" = CAST($2::text AS \"public\".\"JobStatus\") AND \"public\".\"jobs\".\"nextAttemptAt\" <= $3) ORDER BY \"public\".\"jobs\".\"createdAt\" ASC LIMIT $4 OFFSET $5","timestamp":"2026-08-12T09:23:46.284Z"}
{"level":"debug","message":"prisma query (103ms): COMMIT","timestamp":"2026-08-12T09:23:46.387Z"}
{"level":"debug","message":"prisma query (103ms): COMMIT","timestamp":"2026-08-12T09:23:46.388Z"}
{"level":"debug","message":"prisma query (119ms): BEGIN","timestamp":"2026-08-12T09:23:46.788Z"}
{"level":"debug","message":"prisma query (89ms): SELECT 1","timestamp":"2026-08-12T09:23:46.789Z"}
{"level":"debug","message":"prisma query (202ms): BEGIN","timestamp":"2026-08-12T09:23:46.993Z"}
{"level":"debug","message":"prisma query (204ms): DEALLOCATE ALL","timestamp":"2026-08-12T09:23:46.994Z"}
{"level":"debug","message":"prisma query (192ms): DEALLOCATE ALL","timestamp":"2026-08-12T09:23:47.185Z"}
{"level":"debug","message":"prisma query (407ms): SELECT \"public\".\"jobs\".\"id\", \"public\".\"jobs\".\"type\"::text, \"public\".\"jobs\".\"status\"::text, \"public\".\"jobs\".\"payload\", \"public\".\"jobs\".\"result\", \"public\".\"jobs\".\"error\", \"public\".\"jobs\".\"attempts\", \"public\".\"jobs\".\"maxAttempts\", \"public\".\"jobs\".\"nextAttemptAt\", \"public\".\"jobs\".\"createdById\", \"public\".\"jobs\".\"createdAt\", \"public\".\"jobs\".\"updatedAt\", \"public\".\"jobs\".\"completedAt\" FROM \"public\".\"jobs\" WHERE (\"public\".\"jobs\".\"type\" = CAST($1::text AS \"public\".\"JobType\") AND \"public\".\"jobs\".\"status\" = CAST($2::text AS \"public\".\"JobStatus\") AND \"public\".\"jobs\".\"nextAttemptAt\" <= $3) ORDER BY \"public\".\"jobs\".\"createdAt\" ASC LIMIT $4 OFFSET $5","timestamp":"2026-08-12T09:23:47.401Z"}
{"level":"debug","message":"prisma query (206ms): COMMIT","timestamp":"2026-08-12T09:23:47.610Z"}
{"level":"debug","message":"prisma query (422ms): SELECT \"public\".\"jobs\".\"id\", \"public\".\"jobs\".\"type\"::text, \"public\".\"jobs\".\"status\"::text, \"public\".\"jobs\".\"payload\", \"public\".\"jobs\".\"result\", \"public\".\"jobs\".\"error\", \"public\".\"jobs\".\"attempts\", \"public\".\"jobs\".\"maxAttempts\", \"public\".\"jobs\".\"nextAttemptAt\", \"public\".\"jobs\".\"createdById\", \"public\".\"jobs\".\"createdAt\", \"public\".\"jobs\".\"updatedAt\", \"public\".\"jobs\".\"completedAt\" FROM \"public\".\"jobs\" WHERE (\"public\".\"jobs\".\"type\" = CAST($1::text AS \"public\".\"JobType\") AND \"public\".\"jobs\".\"status\" = CAST($2::text AS \"public\".\"JobStatus\") AND \"public\".\"jobs\".\"nextAttemptAt\" <= $3) ORDER BY \"public\".\"jobs\".\"createdAt\" ASC LIMIT $4 OFFSET $5","timestamp":"2026-08-12T09:23:47.612Z"}
{"level":"debug","message":"prisma query (304ms): COMMIT","timestamp":"2026-08-12T09:23:47.913Z"}
{"level":"debug","message":"prisma query (563ms): BEGIN","timestamp":"2026-08-12T09:23:49.248Z"}
{"level":"debug","message":"prisma query (547ms): BEGIN","timestamp":"2026-08-12T09:23:49.248Z"}
{"level":"debug","message":"prisma query (141ms): DEALLOCATE ALL","timestamp":"2026-08-12T09:23:49.392Z"}
{"level":"debug","message":"prisma query (141ms): DEALLOCATE ALL","timestamp":"2026-08-12T09:23:49.393Z"}
{"level":"debug","message":"prisma query (594ms): SELECT \"public\".\"jobs\".\"id\", \"public\".\"jobs\".\"type\"::text, \"public\".\"jobs\".\"status\"::text, \"public\".\"jobs\".\"payload\", \"public\".\"jobs\".\"result\", \"public\".\"jobs\".\"error\", \"public\".\"jobs\".\"attempts\", \"public\".\"jobs\".\"maxAttempts\", \"public\".\"jobs\".\"nextAttemptAt\", \"public\".\"jobs\".\"createdById\", \"public\".\"jobs\".\"createdAt\", \"public\".\"jobs\".\"updatedAt\", \"public\".\"jobs\".\"completedAt\" FROM \"public\".\"jobs\" WHERE (\"public\".\"jobs\".\"type\" = CAST($1::text AS \"public\".\"JobType\") AND \"public\".\"jobs\".\"status\" = CAST($2::text AS \"public\".\"JobStatus\") AND \"public\".\"jobs\".\"nextAttemptAt\" <= $3) ORDER BY \"public\".\"jobs\".\"createdAt\" ASC LIMIT $4 OFFSET $5","timestamp":"2026-08-12T09:23:49.985Z"}
{"level":"debug","message":"prisma query (595ms): SELECT \"public\".\"jobs\".\"id\", \"public\".\"jobs\".\"type\"::text, \"public\".\"jobs\".\"status\"::text, \"public\".\"jobs\".\"payload\", \"public\".\"jobs\".\"result\", \"public\".\"jobs\".\"error\", \"public\".\"jobs\".\"attempts\", \"public\".\"jobs\".\"maxAttempts\", \"public\".\"jobs\".\"nextAttemptAt\", \"public\".\"jobs\".\"createdById\", \"public\".\"jobs\".\"createdAt\", \"public\".\"jobs\".\"updatedAt\", \"public\".\"jobs\".\"completedAt\" FROM \"public\".\"jobs\" WHERE (\"public\".\"jobs\".\"type\" = CAST($1::text AS \"public\".\"JobType\") AND \"public\".\"jobs\".\"status\" = CAST($2::text AS \"public\".\"JobStatus\") AND \"public\".\"jobs\".\"nextAttemptAt\" <= $3) ORDER BY \"public\".\"jobs\".\"createdAt\" ASC LIMIT $4 OFFSET $5","timestamp":"2026-08-12T09:23:49.985Z"}
{"level":"debug","message":"prisma query (203ms): COMMIT","timestamp":"2026-08-12T09:23:50.188Z"}
{"level":"debug","message":"prisma query (203ms): COMMIT","timestamp":"2026-08-12T09:23:50.189Z"}
{"level":"debug","message":"prisma query (368ms): BEGIN","timestamp":"2026-08-12T09:23:51.083Z"}
{"level":"debug","message":"prisma query (398ms): BEGIN","timestamp":"2026-08-12T09:23:51.083Z"}
{"level":"debug","message":"prisma query (401ms): DEALLOCATE ALL","timestamp":"2026-08-12T09:23:51.486Z"}
{"level":"debug","message":"prisma query (401ms): DEALLOCATE ALL","timestamp":"2026-08-12T09:23:51.487Z"}
{"level":"debug","message":"prisma query (890ms): SELECT \"public\".\"jobs\".\"id\", \"public\".\"jobs\".\"type\"::text, \"public\".\"jobs\".\"status\"::text, \"public\".\"jobs\".\"payload\", \"public\".\"jobs\".\"result\", \"public\".\"jobs\".\"error\", \"public\".\"jobs\".\"attempts\", \"public\".\"jobs\".\"maxAttempts\", \"public\".\"jobs\".\"nextAttemptAt\", \"public\".\"jobs\".\"createdById\", \"public\".\"jobs\".\"createdAt\", \"public\".\"jobs\".\"updatedAt\", \"public\".\"jobs\".\"completedAt\" FROM \"public\".\"jobs\" WHERE (\"public\".\"jobs\".\"type\" = CAST($1::text AS \"public\".\"JobType\") AND \"public\".\"jobs\".\"status\" = CAST($2::text AS \"public\".\"JobStatus\") AND \"public\".\"jobs\".\"nextAttemptAt\" <= $3) ORDER BY \"public\".\"jobs\".\"createdAt\" ASC LIMIT $4 OFFSET $5","timestamp":"2026-08-12T09:23:52.378Z"}
{"level":"debug","message":"prisma query (890ms): SELECT \"public\".\"jobs\".\"id\", \"public\".\"jobs\".\"type\"::text, \"public\".\"jobs\".\"status\"::text, \"public\".\"jobs\".\"payload\", \"public\".\"jobs\".\"result\", \"public\".\"jobs\".\"error\", \"public\".\"jobs\".\"attempts\", \"public\".\"jobs\".\"maxAttempts\", \"public\".\"jobs\".\"nextAttemptAt\", \"public\".\"jobs\".\"createdById\", \"public\".\"jobs\".\"createdAt\", \"public\".\"jobs\".\"updatedAt\", \"public\".\"jobs\".\"completedAt\" FROM \"public\".\"jobs\" WHERE (\"public\".\"jobs\".\"type\" = CAST($1::text AS \"public\".\"JobType\") AND \"public\".\"jobs\".\"status\" = CAST($2::text AS \"public\".\"JobStatus\") AND \"public\".\"jobs\".\"nextAttemptAt\" <= $3) ORDER BY \"public\".\"jobs\".\"createdAt\" ASC LIMIT $4 OFFSET $5","timestamp":"2026-08-12T09:23:52.379Z"}
{"level":"debug","message":"prisma query (232ms): COMMIT","timestamp":"2026-08-12T09:23:52.610Z"}
{"level":"debug","message":"prisma query (232ms): COMMIT","timestamp":"2026-08-12T09:23:52.611Z"}
{"level":"debug","message":"prisma query (123ms): SELECT 1","timestamp":"2026-08-12T09:23:52.814Z"}
{"level":"debug","message":"prisma query (104ms): BEGIN","timestamp":"2026-08-12T09:23:52.826Z"}
{"level":"debug","message":"prisma query (336ms): BEGIN","timestamp":"2026-08-12T09:23:53.151Z"}
{"level":"debug","message":"prisma query (325ms): DEALLOCATE ALL","timestamp":"2026-08-12T09:23:53.152Z"}
{"level":"debug","message":"prisma query (369ms): DEALLOCATE ALL","timestamp":"2026-08-12T09:23:53.521Z"}
{"level":"debug","message":"prisma query (482ms): SELECT \"public\".\"jobs\".\"id\", \"public\".\"jobs\".\"type\"::text, \"public\".\"jobs\".\"status\"::text, \"public\".\"jobs\".\"payload\", \"public\".\"jobs\".\"result\", \"public\".\"jobs\".\"error\", \"public\".\"jobs\".\"attempts\", \"public\".\"jobs\".\"maxAttempts\", \"public\".\"jobs\".\"nextAttemptAt\", \"public\".\"jobs\".\"createdById\", \"public\".\"jobs\".\"createdAt\", \"public\".\"jobs\".\"updatedAt\", \"public\".\"jobs\".\"completedAt\" FROM \"public\".\"jobs\" WHERE (\"public\".\"jobs\".\"type\" = CAST($1::text AS \"public\".\"JobType\") AND \"public\".\"jobs\".\"status\" = CAST($2::text AS \"public\".\"JobStatus\") AND \"public\".\"jobs\".\"nextAttemptAt\" <= $3) ORDER BY \"public\".\"jobs\".\"createdAt\" ASC LIMIT $4 OFFSET $5","timestamp":"2026-08-12T09:23:53.634Z"}
{"level":"debug","message":"prisma query (268ms): COMMIT","timestamp":"2026-08-12T09:23:53.903Z"}
{"level":"debug","message":"prisma query (381ms): SELECT \"public\".\"jobs\".\"id\", \"public\".\"jobs\".\"type\"::text, \"public\".\"jobs\".\"status\"::text, \"public\".\"jobs\".\"payload\", \"public\".\"jobs\".\"result\", \"public\".\"jobs\".\"error\", \"public\".\"jobs\".\"attempts\", \"public\".\"jobs\".\"maxAttempts\", \"public\".\"jobs\".\"nextAttemptAt\", \"public\".\"jobs\".\"createdById\", \"public\".\"jobs\".\"createdAt\", \"public\".\"jobs\".\"updatedAt\", \"public\".\"jobs\".\"completedAt\" FROM \"public\".\"jobs\" WHERE (\"public\".\"jobs\".\"type\" = CAST($1::text AS \"public\".\"JobType\") AND \"public\".\"jobs\".\"status\" = CAST($2::text AS \"public\".\"JobStatus\") AND \"public\".\"jobs\".\"nextAttemptAt\" <= $3) ORDER BY \"public\".\"jobs\".\"createdAt\" ASC LIMIT $4 OFFSET $5","timestamp":"2026-08-12T09:23:53.904Z"}
{"level":"debug","message":"prisma query (232ms): COMMIT","timestamp":"2026-08-12T09:23:54.139Z"}
{"level":"debug","message":"prisma query (368ms): BEGIN","timestamp":"2026-08-12T09:23:55.067Z"}
{"level":"debug","message":"prisma query (336ms): BEGIN","timestamp":"2026-08-12T09:23:55.068Z"}
{"level":"debug","message":"prisma query (217ms): DEALLOCATE ALL","timestamp":"2026-08-12T09:23:55.285Z"}
{"level":"debug","message":"prisma query (217ms): DEALLOCATE ALL","timestamp":"2026-08-12T09:23:55.285Z"}
{"level":"debug","message":"prisma query (1209ms): SELECT \"public\".\"jobs\".\"id\", \"public\".\"jobs\".\"type\"::text, \"public\".\"jobs\".\"status\"::text, \"public\".\"jobs\".\"payload\", \"public\".\"jobs\".\"result\", \"public\".\"jobs\".\"error\", \"public\".\"jobs\".\"attempts\", \"public\".\"jobs\".\"maxAttempts\", \"public\".\"jobs\".\"nextAttemptAt\", \"public\".\"jobs\".\"createdById\", \"public\".\"jobs\".\"createdAt\", \"public\".\"jobs\".\"updatedAt\", \"public\".\"jobs\".\"completedAt\" FROM \"public\".\"jobs\" WHERE (\"public\".\"jobs\".\"type\" = CAST($1::text AS \"public\".\"JobType\") AND \"public\".\"jobs\".\"status\" = CAST($2::text AS \"public\".\"JobStatus\") AND \"public\".\"jobs\".\"nextAttemptAt\" <= $3) ORDER BY \"public\".\"jobs\".\"createdAt\" ASC LIMIT $4 OFFSET $5","timestamp":"2026-08-12T09:23:56.495Z"}
{"level":"debug","message":"prisma query (1209ms): SELECT \"public\".\"jobs\".\"id\", \"public\".\"jobs\".\"type\"::text, \"public\".\"jobs\".\"status\"::text, \"public\".\"jobs\".\"payload\", \"public\".\"jobs\".\"result\", \"public\".\"jobs\".\"error\", \"public\".\"jobs\".\"attempts\", \"public\".\"jobs\".\"maxAttempts\", \"public\".\"jobs\".\"nextAttemptAt\", \"public\".\"jobs\".\"createdById\", \"public\".\"jobs\".\"createdAt\", \"public\".\"jobs\".\"updatedAt\", \"public\".\"jobs\".\"completedAt\" FROM \"public\".\"jobs\" WHERE (\"public\".\"jobs\".\"type\" = CAST($1::text AS \"public\".\"JobType\") AND \"public\".\"jobs\".\"status\" = CAST($2::text AS \"public\".\"JobStatus\") AND \"public\".\"jobs\".\"nextAttemptAt\" <= $3) ORDER BY \"public\".\"jobs\".\"createdAt\" ASC LIMIT $4 OFFSET $5","timestamp":"2026-08-12T09:23:56.496Z"}
{"level":"debug","message":"prisma query (71ms): COMMIT","timestamp":"2026-08-12T09:23:56.567Z"}
{"level":"debug","message":"prisma query (71ms): COMMIT","timestamp":"2026-08-12T09:23:56.567Z"}
{"level":"debug","message":"prisma query (58ms): BEGIN","timestamp":"2026-08-12T09:23:56.773Z"}
{"level":"debug","message":"prisma query (43ms): BEGIN","timestamp":"2026-08-12T09:23:56.789Z"}
{"level":"debug","message":"prisma query (505ms): DEALLOCATE ALL","timestamp":"2026-08-12T09:23:57.299Z"}
{"level":"debug","message":"prisma query (522ms): DEALLOCATE ALL","timestamp":"2026-08-12T09:23:57.299Z"}
{"level":"debug","message":"prisma query (325ms): SELECT \"public\".\"jobs\".\"id\", \"public\".\"jobs\".\"type\"::text, \"public\".\"jobs\".\"status\"::text, \"public\".\"jobs\".\"payload\", \"public\".\"jobs\".\"result\", \"public\".\"jobs\".\"error\", \"public\".\"jobs\".\"attempts\", \"public\".\"jobs\".\"maxAttempts\", \"public\".\"jobs\".\"nextAttemptAt\", \"public\".\"jobs\".\"createdById\", \"public\".\"jobs\".\"createdAt\", \"public\".\"jobs\".\"updatedAt\", \"public\".\"jobs\".\"completedAt\" FROM \"public\".\"jobs\" WHERE (\"public\".\"jobs\".\"type\" = CAST($1::text AS \"public\".\"JobType\") AND \"public\".\"jobs\".\"status\" = CAST($2::text AS \"public\".\"JobStatus\") AND \"public\".\"jobs\".\"nextAttemptAt\" <= $3) ORDER BY \"public\".\"jobs\".\"createdAt\" ASC LIMIT $4 OFFSET $5","timestamp":"2026-08-12T09:23:57.621Z"}
{"level":"debug","message":"prisma query (325ms): SELECT \"public\".\"jobs\".\"id\", \"public\".\"jobs\".\"type\"::text, \"public\".\"jobs\".\"status\"::text, \"public\".\"jobs\".\"payload\", \"public\".\"jobs\".\"result\", \"public\".\"jobs\".\"error\", \"public\".\"jobs\".\"attempts\", \"public\".\"jobs\".\"maxAttempts\", \"public\".\"jobs\".\"nextAttemptAt\", \"public\".\"jobs\".\"createdById\", \"public\".\"jobs\".\"createdAt\", \"public\".\"jobs\".\"updatedAt\", \"public\".\"jobs\".\"completedAt\" FROM \"public\".\"jobs\" WHERE (\"public\".\"jobs\".\"type\" = CAST($1::text AS \"public\".\"JobType\") AND \"public\".\"jobs\".\"status\" = CAST($2::text AS \"public\".\"JobStatus\") AND \"public\".\"jobs\".\"nextAttemptAt\" <= $3) ORDER BY \"public\".\"jobs\".\"createdAt\" ASC LIMIT $4 OFFSET $5","timestamp":"2026-08-12T09:23:57.622Z"}
{"level":"debug","message":"prisma query (57ms): COMMIT","timestamp":"2026-08-12T09:23:57.679Z"}
{"level":"debug","message":"prisma query (63ms): COMMIT","timestamp":"2026-08-12T09:23:57.688Z"}
{"level":"debug","message":"prisma query (69ms): BEGIN","timestamp":"2026-08-12T09:23:58.798Z"}
{"level":"debug","message":"prisma query (68ms): BEGIN","timestamp":"2026-08-12T09:23:58.829Z"}
{"level":"debug","message":"prisma query (81ms): DEALLOCATE ALL","timestamp":"2026-08-12T09:23:58.880Z"}
{"level":"debug","message":"prisma query (61ms): DEALLOCATE ALL","timestamp":"2026-08-12T09:23:58.891Z"}
{"level":"debug","message":"prisma query (164ms): SELECT \"public\".\"jobs\".\"id\", \"public\".\"jobs\".\"type\"::text, \"public\".\"jobs\".\"status\"::text, \"public\".\"jobs\".\"payload\", \"public\".\"jobs\".\"result\", \"public\".\"jobs\".\"error\", \"public\".\"jobs\".\"attempts\", \"public\".\"jobs\".\"maxAttempts\", \"public\".\"jobs\".\"nextAttemptAt\", \"public\".\"jobs\".\"createdById\", \"public\".\"jobs\".\"createdAt\", \"public\".\"jobs\".\"updatedAt\", \"public\".\"jobs\".\"completedAt\" FROM \"public\".\"jobs\" WHERE (\"public\".\"jobs\".\"type\" = CAST($1::text AS \"public\".\"JobType\") AND \"public\".\"jobs\".\"status\" = CAST($2::text AS \"public\".\"JobStatus\") AND \"public\".\"jobs\".\"nextAttemptAt\" <= $3) ORDER BY \"public\".\"jobs\".\"createdAt\" ASC LIMIT $4 OFFSET $5","timestamp":"2026-08-12T09:23:59.045Z"}
{"level":"debug","message":"prisma query (154ms): SELECT \"public\".\"jobs\".\"id\", \"public\".\"jobs\".\"type\"::text, \"public\".\"jobs\".\"status\"::text, \"public\".\"jobs\".\"payload\", \"public\".\"jobs\".\"result\", \"public\".\"jobs\".\"error\", \"public\".\"jobs\".\"attempts\", \"public\".\"jobs\".\"maxAttempts\", \"public\".\"jobs\".\"nextAttemptAt\", \"public\".\"jobs\".\"createdById\", \"public\".\"jobs\".\"createdAt\", \"public\".\"jobs\".\"updatedAt\", \"public\".\"jobs\".\"completedAt\" FROM \"public\".\"jobs\" WHERE (\"public\".\"jobs\".\"type\" = CAST($1::text AS \"public\".\"JobType\") AND \"public\".\"jobs\".\"status\" = CAST($2::text AS \"public\".\"JobStatus\") AND \"public\".\"jobs\".\"nextAttemptAt\" <= $3) ORDER BY \"public\".\"jobs\".\"createdAt\" ASC LIMIT $4 OFFSET $5","timestamp":"2026-08-12T09:23:59.046Z"}
{"level":"debug","message":"prisma query (71ms): COMMIT","timestamp":"2026-08-12T09:23:59.116Z"}
{"level":"debug","message":"prisma query (91ms): COMMIT","timestamp":"2026-08-12T09:23:59.137Z"}
{"level":"debug","message":"prisma query (280ms): BEGIN","timestamp":"2026-08-12T09:24:01.022Z"}
{"level":"debug","message":"prisma query (248ms): BEGIN","timestamp":"2026-08-12T09:24:01.023Z"}
{"level":"debug","message":"prisma query (393ms): DEALLOCATE ALL","timestamp":"2026-08-12T09:24:01.417Z"}
{"level":"debug","message":"prisma query (393ms): DEALLOCATE ALL","timestamp":"2026-08-12T09:24:01.417Z"}
{"level":"debug","message":"prisma query (223ms): SELECT \"public\".\"jobs\".\"id\", \"public\".\"jobs\".\"type\"::text, \"public\".\"jobs\".\"status\"::text, \"public\".\"jobs\".\"payload\", \"public\".\"jobs\".\"result\", \"public\".\"jobs\".\"error\", \"public\".\"jobs\".\"attempts\", \"public\".\"jobs\".\"maxAttempts\", \"public\".\"jobs\".\"nextAttemptAt\", \"public\".\"jobs\".\"createdById\", \"public\".\"jobs\".\"createdAt\", \"public\".\"jobs\".\"updatedAt\", \"public\".\"jobs\".\"completedAt\" FROM \"public\".\"jobs\" WHERE (\"public\".\"jobs\".\"type\" = CAST($1::text AS \"public\".\"JobType\") AND \"public\".\"jobs\".\"status\" = CAST($2::text AS \"public\".\"JobStatus\") AND \"public\".\"jobs\".\"nextAttemptAt\" <= $3) ORDER BY \"public\".\"jobs\".\"createdAt\" ASC LIMIT $4 OFFSET $5","timestamp":"2026-08-12T09:24:01.640Z"}
{"level":"debug","message":"prisma query (223ms): SELECT \"public\".\"jobs\".\"id\", \"public\".\"jobs\".\"type\"::text, \"public\".\"jobs\".\"status\"::text, \"public\".\"jobs\".\"payload\", \"public\".\"jobs\".\"result\", \"public\".\"jobs\".\"error\", \"public\".\"jobs\".\"attempts\", \"public\".\"jobs\".\"maxAttempts\", \"public\".\"jobs\".\"nextAttemptAt\", \"public\".\"jobs\".\"createdById\", \"public\".\"jobs\".\"createdAt\", \"public\".\"jobs\".\"updatedAt\", \"public\".\"jobs\".\"completedAt\" FROM \"public\".\"jobs\" WHERE (\"public\".\"jobs\".\"type\" = CAST($1::text AS \"public\".\"JobType\") AND \"public\".\"jobs\".\"status\" = CAST($2::text AS \"public\".\"JobStatus\") AND \"public\".\"jobs\".\"nextAttemptAt\" <= $3) ORDER BY \"public\".\"jobs\".\"createdAt\" ASC LIMIT $4 OFFSET $5","timestamp":"2026-08-12T09:24:01.641Z"}
{"level":"debug","message":"prisma query (53ms): COMMIT","timestamp":"2026-08-12T09:24:01.694Z"}
{"level":"debug","message":"prisma query (53ms): COMMIT","timestamp":"2026-08-12T09:24:01.695Z"}
{"level":"debug","message":"prisma query (40ms): BEGIN","timestamp":"2026-08-12T09:24:02.798Z"}
{"level":"debug","message":"prisma query (407ms): DEALLOCATE ALL","timestamp":"2026-08-12T09:24:03.206Z"}
{"level":"debug","message":"prisma query (418ms): SELECT 1","timestamp":"2026-08-12T09:24:03.206Z"}
{"level":"debug","message":"prisma query (204ms): BEGIN","timestamp":"2026-08-12T09:24:03.413Z"}
{"level":"debug","message":"prisma query (174ms): DEALLOCATE ALL","timestamp":"2026-08-12T09:24:03.587Z"}
{"level":"debug","message":"prisma query (381ms): SELECT \"public\".\"jobs\".\"id\", \"public\".\"jobs\".\"type\"::text, \"public\".\"jobs\".\"status\"::text, \"public\".\"jobs\".\"payload\", \"public\".\"jobs\".\"result\", \"public\".\"jobs\".\"error\", \"public\".\"jobs\".\"attempts\", \"public\".\"jobs\".\"maxAttempts\", \"public\".\"jobs\".\"nextAttemptAt\", \"public\".\"jobs\".\"createdById\", \"public\".\"jobs\".\"createdAt\", \"public\".\"jobs\".\"updatedAt\", \"public\".\"jobs\".\"completedAt\" FROM \"public\".\"jobs\" WHERE (\"public\".\"jobs\".\"type\" = CAST($1::text AS \"public\".\"JobType\") AND \"public\".\"jobs\".\"status\" = CAST($2::text AS \"public\".\"JobStatus\") AND \"public\".\"jobs\".\"nextAttemptAt\" <= $3) ORDER BY \"public\".\"jobs\".\"createdAt\" ASC LIMIT $4 OFFSET $5","timestamp":"2026-08-12T09:24:03.588Z"}
{"level":"debug","message":"prisma query (192ms): COMMIT","timestamp":"2026-08-12T09:24:03.780Z"}
{"level":"debug","message":"prisma query (551ms): SELECT \"public\".\"jobs\".\"id\", \"public\".\"jobs\".\"type\"::text, \"public\".\"jobs\".\"status\"::text, \"public\".\"jobs\".\"payload\", \"public\".\"jobs\".\"result\", \"public\".\"jobs\".\"error\", \"public\".\"jobs\".\"attempts\", \"public\".\"jobs\".\"maxAttempts\", \"public\".\"jobs\".\"nextAttemptAt\", \"public\".\"jobs\".\"createdById\", \"public\".\"jobs\".\"createdAt\", \"public\".\"jobs\".\"updatedAt\", \"public\".\"jobs\".\"completedAt\" FROM \"public\".\"jobs\" WHERE (\"public\".\"jobs\".\"type\" = CAST($1::text AS \"public\".\"JobType\") AND \"public\".\"jobs\".\"status\" = CAST($2::text AS \"public\".\"JobStatus\") AND \"public\".\"jobs\".\"nextAttemptAt\" <= $3) ORDER BY \"public\".\"jobs\".\"createdAt\" ASC LIMIT $4 OFFSET $5","timestamp":"2026-08-12T09:24:04.140Z"}
{"level":"debug","message":"prisma query (259ms): COMMIT","timestamp":"2026-08-12T09:24:04.399Z"}
{"level":"debug","message":"prisma query (233ms): BEGIN","timestamp":"2026-08-12T09:24:05.031Z"}
{"level":"debug","message":"prisma query (261ms): BEGIN","timestamp":"2026-08-12T09:24:05.032Z"}
{"level":"debug","message":"prisma query (295ms): DEALLOCATE ALL","timestamp":"2026-08-12T09:24:05.327Z"}
{"level":"debug","message":"prisma query (321ms): SELECT \"public\".\"jobs\".\"id\", \"public\".\"jobs\".\"type\"::text, \"public\".\"jobs\".\"status\"::text, \"public\".\"jobs\".\"payload\", \"public\".\"jobs\".\"result\", \"public\".\"jobs\".\"error\", \"public\".\"jobs\".\"attempts\", \"public\".\"jobs\".\"maxAttempts\", \"public\".\"jobs\".\"nextAttemptAt\", \"public\".\"jobs\".\"createdById\", \"public\".\"jobs\".\"createdAt\", \"public\".\"jobs\".\"updatedAt\", \"public\".\"jobs\".\"completedAt\" FROM \"public\".\"jobs\" WHERE (\"public\".\"jobs\".\"type\" = CAST($1::text AS \"public\".\"JobType\") AND \"public\".\"jobs\".\"status\" = CAST($2::text AS \"public\".\"JobStatus\") AND \"public\".\"jobs\".\"nextAttemptAt\" <= $3) ORDER BY \"public\".\"jobs\".\"createdAt\" ASC LIMIT $4 OFFSET $5","timestamp":"2026-08-12T09:24:05.651Z"}
{"level":"debug","message":"prisma query (77ms): COMMIT","timestamp":"2026-08-12T09:24:05.728Z"}
{"level":"debug","message":"prisma query (786ms): DEALLOCATE ALL","timestamp":"2026-08-12T09:24:05.817Z"}
{"level":"debug","message":"prisma query (146ms): SELECT \"public\".\"jobs\".\"id\", \"public\".\"jobs\".\"type\"::text, \"public\".\"jobs\".\"status\"::text, \"public\".\"jobs\".\"payload\", \"public\".\"jobs\".\"result\", \"public\".\"jobs\".\"error\", \"public\".\"jobs\".\"attempts\", \"public\".\"jobs\".\"maxAttempts\", \"public\".\"jobs\".\"nextAttemptAt\", \"public\".\"jobs\".\"createdById\", \"public\".\"jobs\".\"createdAt\", \"public\".\"jobs\".\"updatedAt\", \"public\".\"jobs\".\"completedAt\" FROM \"public\".\"jobs\" WHERE (\"public\".\"jobs\".\"type\" = CAST($1::text AS \"public\".\"JobType\") AND \"public\".\"jobs\".\"status\" = CAST($2::text AS \"public\".\"JobStatus\") AND \"public\".\"jobs\".\"nextAttemptAt\" <= $3) ORDER BY \"public\".\"jobs\".\"createdAt\" ASC LIMIT $4 OFFSET $5","timestamp":"2026-08-12T09:24:05.964Z"}
{"level":"debug","message":"prisma query (73ms): COMMIT","timestamp":"2026-08-12T09:24:06.039Z"}
{"level":"debug","message":"prisma query (51ms): BEGIN","timestamp":"2026-08-12T09:24:06.829Z"}
{"level":"debug","message":"prisma query (71ms): BEGIN","timestamp":"2026-08-12T09:24:06.879Z"}
{"level":"debug","message":"prisma query (59ms): DEALLOCATE ALL","timestamp":"2026-08-12T09:24:06.889Z"}
{"level":"debug","message":"prisma query (74ms): DEALLOCATE ALL","timestamp":"2026-08-12T09:24:06.953Z"}
{"level":"debug","message":"prisma query (162ms): SELECT \"public\".\"jobs\".\"id\", \"public\".\"jobs\".\"type\"::text, \"public\".\"jobs\".\"status\"::text, \"public\".\"jobs\".\"payload\", \"public\".\"jobs\".\"result\", \"public\".\"jobs\".\"error\", \"public\".\"jobs\".\"attempts\", \"public\".\"jobs\".\"maxAttempts\", \"public\".\"jobs\".\"nextAttemptAt\", \"public\".\"jobs\".\"createdById\", \"public\".\"jobs\".\"createdAt\", \"public\".\"jobs\".\"updatedAt\", \"public\".\"jobs\".\"completedAt\" FROM \"public\".\"jobs\" WHERE (\"public\".\"jobs\".\"type\" = CAST($1::text AS \"public\".\"JobType\") AND \"public\".\"jobs\".\"status\" = CAST($2::text AS \"public\".\"JobStatus\") AND \"public\".\"jobs\".\"nextAttemptAt\" <= $3) ORDER BY \"public\".\"jobs\".\"createdAt\" ASC LIMIT $4 OFFSET $5","timestamp":"2026-08-12T09:24:07.051Z"}
{"level":"debug","message":"prisma query (82ms): COMMIT","timestamp":"2026-08-12T09:24:07.134Z"}
{"level":"debug","message":"prisma query (180ms): SELECT \"public\".\"jobs\".\"id\", \"public\".\"jobs\".\"type\"::text, \"public\".\"jobs\".\"status\"::text, \"public\".\"jobs\".\"payload\", \"public\".\"jobs\".\"result\", \"public\".\"jobs\".\"error\", \"public\".\"jobs\".\"attempts\", \"public\".\"jobs\".\"maxAttempts\", \"public\".\"jobs\".\"nextAttemptAt\", \"public\".\"jobs\".\"createdById\", \"public\".\"jobs\".\"createdAt\", \"public\".\"jobs\".\"updatedAt\", \"public\".\"jobs\".\"completedAt\" FROM \"public\".\"jobs\" WHERE (\"public\".\"jobs\".\"type\" = CAST($1::text AS \"public\".\"JobType\") AND \"public\".\"jobs\".\"status\" = CAST($2::text AS \"public\".\"JobStatus\") AND \"public\".\"jobs\".\"nextAttemptAt\" <= $3) ORDER BY \"public\".\"jobs\".\"createdAt\" ASC LIMIT $4 OFFSET $5","timestamp":"2026-08-12T09:24:07.134Z"}
{"level":"debug","message":"prisma query (53ms): COMMIT","timestamp":"2026-08-12T09:24:07.188Z"}
{"level":"debug","message":"prisma query (392ms): BEGIN","timestamp":"2026-08-12T09:24:09.209Z"}
{"level":"debug","message":"prisma query (479ms): SELECT 1","timestamp":"2026-08-12T09:24:09.264Z"}
{"level":"debug","message":"prisma query (71ms): DEALLOCATE ALL","timestamp":"2026-08-12T09:24:09.281Z"}
{"level":"debug","message":"prisma query (259ms): BEGIN","timestamp":"2026-08-12T09:24:09.524Z"}
{"level":"debug","message":"prisma query (635ms): SELECT \"public\".\"jobs\".\"id\", \"public\".\"jobs\".\"type\"::text, \"public\".\"jobs\".\"status\"::text, \"public\".\"jobs\".\"payload\", \"public\".\"jobs\".\"result\", \"public\".\"jobs\".\"error\", \"public\".\"jobs\".\"attempts\", \"public\".\"jobs\".\"maxAttempts\", \"public\".\"jobs\".\"nextAttemptAt\", \"public\".\"jobs\".\"createdById\", \"public\".\"jobs\".\"createdAt\", \"public\".\"jobs\".\"updatedAt\", \"public\".\"jobs\".\"completedAt\" FROM \"public\".\"jobs\" WHERE (\"public\".\"jobs\".\"type\" = CAST($1::text AS \"public\".\"JobType\") AND \"public\".\"jobs\".\"status\" = CAST($2::text AS \"public\".\"JobStatus\") AND \"public\".\"jobs\".\"nextAttemptAt\" <= $3) ORDER BY \"public\".\"jobs\".\"createdAt\" ASC LIMIT $4 OFFSET $5","timestamp":"2026-08-12T09:24:09.917Z"}
{"level":"debug","message":"prisma query (391ms): DEALLOCATE ALL","timestamp":"2026-08-12T09:24:09.918Z"}
{"level":"debug","message":"prisma query (211ms): COMMIT","timestamp":"2026-08-12T09:24:10.127Z"}
{"level":"debug","message":"prisma query (610ms): SELECT \"public\".\"jobs\".\"id\", \"public\".\"jobs\".\"type\"::text, \"public\".\"jobs\".\"status\"::text, \"public\".\"jobs\".\"payload\", \"public\".\"jobs\".\"result\", \"public\".\"jobs\".\"error\", \"public\".\"jobs\".\"attempts\", \"public\".\"jobs\".\"maxAttempts\", \"public\".\"jobs\".\"nextAttemptAt\", \"public\".\"jobs\".\"createdById\", \"public\".\"jobs\".\"createdAt\", \"public\".\"jobs\".\"updatedAt\", \"public\".\"jobs\".\"completedAt\" FROM \"public\".\"jobs\" WHERE (\"public\".\"jobs\".\"type\" = CAST($1::text AS \"public\".\"JobType\") AND \"public\".\"jobs\".\"status\" = CAST($2::text AS \"public\".\"JobStatus\") AND \"public\".\"jobs\".\"nextAttemptAt\" <= $3) ORDER BY \"public\".\"jobs\".\"createdAt\" ASC LIMIT $4 OFFSET $5","timestamp":"2026-08-12T09:24:10.527Z"}
{"level":"debug","message":"prisma query (116ms): COMMIT","timestamp":"2026-08-12T09:24:10.645Z"}
{"level":"debug","message":"prisma query (145ms): BEGIN","timestamp":"2026-08-12T09:24:10.933Z"}
{"level":"debug","message":"prisma query (113ms): BEGIN","timestamp":"2026-08-12T09:24:10.933Z"}
{"level":"debug","message":"prisma query (198ms): DEALLOCATE ALL","timestamp":"2026-08-12T09:24:11.131Z"}
{"level":"debug","message":"prisma query (198ms): DEALLOCATE ALL","timestamp":"2026-08-12T09:24:11.132Z"}
{"level":"debug","message":"prisma query (477ms): SELECT \"public\".\"jobs\".\"id\", \"public\".\"jobs\".\"type\"::text, \"public\".\"jobs\".\"status\"::text, \"public\".\"jobs\".\"payload\", \"public\".\"jobs\".\"result\", \"public\".\"jobs\".\"error\", \"public\".\"jobs\".\"attempts\", \"public\".\"jobs\".\"maxAttempts\", \"public\".\"jobs\".\"nextAttemptAt\", \"public\".\"jobs\".\"createdById\", \"public\".\"jobs\".\"createdAt\", \"public\".\"jobs\".\"updatedAt\", \"public\".\"jobs\".\"completedAt\" FROM \"public\".\"jobs\" WHERE (\"public\".\"jobs\".\"type\" = CAST($1::text AS \"public\".\"JobType\") AND \"public\".\"jobs\".\"status\" = CAST($2::text AS \"public\".\"JobStatus\") AND \"public\".\"jobs\".\"nextAttemptAt\" <= $3) ORDER BY \"public\".\"jobs\".\"createdAt\" ASC LIMIT $4 OFFSET $5","timestamp":"2026-08-12T09:24:11.609Z"}
{"level":"debug","message":"prisma query (477ms): SELECT \"public\".\"jobs\".\"id\", \"public\".\"jobs\".\"type\"::text, \"public\".\"jobs\".\"status\"::text, \"public\".\"jobs\".\"payload\", \"public\".\"jobs\".\"result\", \"public\".\"jobs\".\"error\", \"public\".\"jobs\".\"attempts\", \"public\".\"jobs\".\"maxAttempts\", \"public\".\"jobs\".\"nextAttemptAt\", \"public\".\"jobs\".\"createdById\", \"public\".\"jobs\".\"createdAt\", \"public\".\"jobs\".\"updatedAt\", \"public\".\"jobs\".\"completedAt\" FROM \"public\".\"jobs\" WHERE (\"public\".\"jobs\".\"type\" = CAST($1::text AS \"public\".\"JobType\") AND \"public\".\"jobs\".\"status\" = CAST($2::text AS \"public\".\"JobStatus\") AND \"public\".\"jobs\".\"nextAttemptAt\" <= $3) ORDER BY \"public\".\"jobs\".\"createdAt\" ASC LIMIT $4 OFFSET $5","timestamp":"2026-08-12T09:24:11.611Z"}
{"level":"debug","message":"prisma query (398ms): COMMIT","timestamp":"2026-08-12T09:24:12.011Z"}
{"level":"debug","message":"prisma query (398ms): COMMIT","timestamp":"2026-08-12T09:24:12.012Z"}
{"level":"debug","message":"prisma query (285ms): BEGIN","timestamp":"2026-08-12T09:24:13.086Z"}
{"level":"debug","message":"prisma query (255ms): BEGIN","timestamp":"2026-08-12T09:24:13.086Z"}
{"level":"debug","message":"prisma query (154ms): DEALLOCATE ALL","timestamp":"2026-08-12T09:24:13.241Z"}
{"level":"debug","message":"prisma query (156ms): DEALLOCATE ALL","timestamp":"2026-08-12T09:24:13.242Z"}
{"level":"debug","message":"prisma query (379ms): SELECT \"public\".\"jobs\".\"id\", \"public\".\"jobs\".\"type\"::text, \"public\".\"jobs\".\"status\"::text, \"public\".\"jobs\".\"payload\", \"public\".\"jobs\".\"result\", \"public\".\"jobs\".\"error\", \"public\".\"jobs\".\"attempts\", \"public\".\"jobs\".\"maxAttempts\", \"public\".\"jobs\".\"nextAttemptAt\", \"public\".\"jobs\".\"createdById\", \"public\".\"jobs\".\"createdAt\", \"public\".\"jobs\".\"updatedAt\", \"public\".\"jobs\".\"completedAt\" FROM \"public\".\"jobs\" WHERE (\"public\".\"jobs\".\"type\" = CAST($1::text AS \"public\".\"JobType\") AND \"public\".\"jobs\".\"status\" = CAST($2::text AS \"public\".\"JobStatus\") AND \"public\".\"jobs\".\"nextAttemptAt\" <= $3) ORDER BY \"public\".\"jobs\".\"createdAt\" ASC LIMIT $4 OFFSET $5","timestamp":"2026-08-12T09:24:13.623Z"}
{"level":"debug","message":"prisma query (381ms): SELECT \"public\".\"jobs\".\"id\", \"public\".\"jobs\".\"type\"::text, \"public\".\"jobs\".\"status\"::text, \"public\".\"jobs\".\"payload\", \"public\".\"jobs\".\"result\", \"public\".\"jobs\".\"error\", \"public\".\"jobs\".\"attempts\", \"public\".\"jobs\".\"maxAttempts\", \"public\".\"jobs\".\"nextAttemptAt\", \"public\".\"jobs\".\"createdById\", \"public\".\"jobs\".\"createdAt\", \"public\".\"jobs\".\"updatedAt\", \"public\".\"jobs\".\"completedAt\" FROM \"public\".\"jobs\" WHERE (\"public\".\"jobs\".\"type\" = CAST($1::text AS \"public\".\"JobType\") AND \"public\".\"jobs\".\"status\" = CAST($2::text AS \"public\".\"JobStatus\") AND \"public\".\"jobs\".\"nextAttemptAt\" <= $3) ORDER BY \"public\".\"jobs\".\"createdAt\" ASC LIMIT $4 OFFSET $5","timestamp":"2026-08-12T09:24:13.624Z"}
{"level":"debug","message":"prisma query (65ms): COMMIT","timestamp":"2026-08-12T09:24:13.689Z"}
{"level":"debug","message":"prisma query (65ms): COMMIT","timestamp":"2026-08-12T09:24:13.689Z"}
{"level":"debug","message":"prisma query (80ms): BEGIN","timestamp":"2026-08-12T09:24:14.890Z"}
{"level":"debug","message":"prisma query (50ms): BEGIN","timestamp":"2026-08-12T09:24:14.890Z"}
{"level":"debug","message":"prisma query (78ms): DEALLOCATE ALL","timestamp":"2026-08-12T09:24:14.969Z"}
{"level":"debug","message":"prisma query (78ms): DEALLOCATE ALL","timestamp":"2026-08-12T09:24:14.969Z"}
{"level":"debug","message":"prisma query (121ms): SELECT \"public\".\"jobs\".\"id\", \"public\".\"jobs\".\"type\"::text, \"public\".\"jobs\".\"status\"::text, \"public\".\"jobs\".\"payload\", \"public\".\"jobs\".\"result\", \"public\".\"jobs\".\"error\", \"public\".\"jobs\".\"attempts\", \"public\".\"jobs\".\"maxAttempts\", \"public\".\"jobs\".\"nextAttemptAt\", \"public\".\"jobs\".\"createdById\", \"public\".\"jobs\".\"createdAt\", \"public\".\"jobs\".\"updatedAt\", \"public\".\"jobs\".\"completedAt\" FROM \"public\".\"jobs\" WHERE (\"public\".\"jobs\".\"type\" = CAST($1::text AS \"public\".\"JobType\") AND \"public\".\"jobs\".\"status\" = CAST($2::text AS \"public\".\"JobStatus\") AND \"public\".\"jobs\".\"nextAttemptAt\" <= $3) ORDER BY \"public\".\"jobs\".\"createdAt\" ASC LIMIT $4 OFFSET $5","timestamp":"2026-08-12T09:24:15.090Z"}
{"level":"debug","message":"prisma query (121ms): SELECT \"public\".\"jobs\".\"id\", \"public\".\"jobs\".\"type\"::text, \"public\".\"jobs\".\"status\"::text, \"public\".\"jobs\".\"payload\", \"public\".\"jobs\".\"result\", \"public\".\"jobs\".\"error\", \"public\".\"jobs\".\"attempts\", \"public\".\"jobs\".\"maxAttempts\", \"public\".\"jobs\".\"nextAttemptAt\", \"public\".\"jobs\".\"createdById\", \"public\".\"jobs\".\"createdAt\", \"public\".\"jobs\".\"updatedAt\", \"public\".\"jobs\".\"completedAt\" FROM \"public\".\"jobs\" WHERE (\"public\".\"jobs\".\"type\" = CAST($1::text AS \"public\".\"JobType\") AND \"public\".\"jobs\".\"status\" = CAST($2::text AS \"public\".\"JobStatus\") AND \"public\".\"jobs\".\"nextAttemptAt\" <= $3) ORDER BY \"public\".\"jobs\".\"createdAt\" ASC LIMIT $4 OFFSET $5","timestamp":"2026-08-12T09:24:15.091Z"}
{"level":"debug","message":"prisma query (70ms): COMMIT","timestamp":"2026-08-12T09:24:15.161Z"}
{"level":"debug","message":"prisma query (73ms): COMMIT","timestamp":"2026-08-12T09:24:15.164Z"}
{"level":"debug","message":"prisma query (59ms): BEGIN","timestamp":"2026-08-12T09:24:16.881Z"}
{"level":"debug","message":"prisma query (74ms): BEGIN","timestamp":"2026-08-12T09:24:16.928Z"}
{"level":"debug","message":"prisma query (47ms): DEALLOCATE ALL","timestamp":"2026-08-12T09:24:16.928Z"}
{"level":"debug","message":"prisma query (71ms): DEALLOCATE ALL","timestamp":"2026-08-12T09:24:16.999Z"}
{"level":"debug","message":"prisma query (148ms): SELECT \"public\".\"jobs\".\"id\", \"public\".\"jobs\".\"type\"::text, \"public\".\"jobs\".\"status\"::text, \"public\".\"jobs\".\"payload\", \"public\".\"jobs\".\"result\", \"public\".\"jobs\".\"error\", \"public\".\"jobs\".\"attempts\", \"public\".\"jobs\".\"maxAttempts\", \"public\".\"jobs\".\"nextAttemptAt\", \"public\".\"jobs\".\"createdById\", \"public\".\"jobs\".\"createdAt\", \"public\".\"jobs\".\"updatedAt\", \"public\".\"jobs\".\"completedAt\" FROM \"public\".\"jobs\" WHERE (\"public\".\"jobs\".\"type\" = CAST($1::text AS \"public\".\"JobType\") AND \"public\".\"jobs\".\"status\" = CAST($2::text AS \"public\".\"JobStatus\") AND \"public\".\"jobs\".\"nextAttemptAt\" <= $3) ORDER BY \"public\".\"jobs\".\"createdAt\" ASC LIMIT $4 OFFSET $5","timestamp":"2026-08-12T09:24:17.077Z"}
{"level":"debug","message":"prisma query (118ms): SELECT \"public\".\"jobs\".\"id\", \"public\".\"jobs\".\"type\"::text, \"public\".\"jobs\".\"status\"::text, \"public\".\"jobs\".\"payload\", \"public\".\"jobs\".\"result\", \"public\".\"jobs\".\"error\", \"public\".\"jobs\".\"attempts\", \"public\".\"jobs\".\"maxAttempts\", \"public\".\"jobs\".\"nextAttemptAt\", \"public\".\"jobs\".\"createdById\", \"public\".\"jobs\".\"createdAt\", \"public\".\"jobs\".\"updatedAt\", \"public\".\"jobs\".\"completedAt\" FROM \"public\".\"jobs\" WHERE (\"public\".\"jobs\".\"type\" = CAST($1::text AS \"public\".\"JobType\") AND \"public\".\"jobs\".\"status\" = CAST($2::text AS \"public\".\"JobStatus\") AND \"public\".\"jobs\".\"nextAttemptAt\" <= $3) ORDER BY \"public\".\"jobs\".\"createdAt\" ASC LIMIT $4 OFFSET $5","timestamp":"2026-08-12T09:24:17.119Z"}
{"level":"debug","message":"prisma query (51ms): COMMIT","timestamp":"2026-08-12T09:24:17.129Z"}
{"level":"debug","message":"prisma query (42ms): COMMIT","timestamp":"2026-08-12T09:24:17.168Z"}
{"level":"debug","message":"prisma query (45ms): BEGIN","timestamp":"2026-08-12T09:24:18.879Z"}
{"level":"debug","message":"prisma query (316ms): SELECT 1","timestamp":"2026-08-12T09:24:19.180Z"}
{"level":"debug","message":"prisma query (301ms): DEALLOCATE ALL","timestamp":"2026-08-12T09:24:19.181Z"}
{"level":"debug","message":"prisma query (200ms): BEGIN","timestamp":"2026-08-12T09:24:19.381Z"}
{"level":"debug","message":"prisma query (355ms): DEALLOCATE ALL","timestamp":"2026-08-12T09:24:19.736Z"}
{"level":"debug","message":"prisma query (555ms): SELECT \"public\".\"jobs\".\"id\", \"public\".\"jobs\".\"type\"::text, \"public\".\"jobs\".\"status\"::text, \"public\".\"jobs\".\"payload\", \"public\".\"jobs\".\"result\", \"public\".\"jobs\".\"error\", \"public\".\"jobs\".\"attempts\", \"public\".\"jobs\".\"maxAttempts\", \"public\".\"jobs\".\"nextAttemptAt\", \"public\".\"jobs\".\"createdById\", \"public\".\"jobs\".\"createdAt\", \"public\".\"jobs\".\"updatedAt\", \"public\".\"jobs\".\"completedAt\" FROM \"public\".\"jobs\" WHERE (\"public\".\"jobs\".\"type\" = CAST($1::text AS \"public\".\"JobType\") AND \"public\".\"jobs\".\"status\" = CAST($2::text AS \"public\".\"JobStatus\") AND \"public\".\"jobs\".\"nextAttemptAt\" <= $3) ORDER BY \"public\".\"jobs\".\"createdAt\" ASC LIMIT $4 OFFSET $5","timestamp":"2026-08-12T09:24:19.737Z"}
{"level":"debug","message":"prisma query (342ms): COMMIT","timestamp":"2026-08-12T09:24:20.080Z"}
{"level":"debug","message":"prisma query (684ms): SELECT \"public\".\"jobs\".\"id\", \"public\".\"jobs\".\"type\"::text, \"public\".\"jobs\".\"status\"::text, \"public\".\"jobs\".\"payload\", \"public\".\"jobs\".\"result\", \"public\".\"jobs\".\"error\", \"public\".\"jobs\".\"attempts\", \"public\".\"jobs\".\"maxAttempts\", \"public\".\"jobs\".\"nextAttemptAt\", \"public\".\"jobs\".\"createdById\", \"public\".\"jobs\".\"createdAt\", \"public\".\"jobs\".\"updatedAt\", \"public\".\"jobs\".\"completedAt\" FROM \"public\".\"jobs\" WHERE (\"public\".\"jobs\".\"type\" = CAST($1::text AS \"public\".\"JobType\") AND \"public\".\"jobs\".\"status\" = CAST($2::text AS \"public\".\"JobStatus\") AND \"public\".\"jobs\".\"nextAttemptAt\" <= $3) ORDER BY \"public\".\"jobs\".\"createdAt\" ASC LIMIT $4 OFFSET $5","timestamp":"2026-08-12T09:24:20.422Z"}
{"level":"debug","message":"prisma query (341ms): COMMIT","timestamp":"2026-08-12T09:24:20.764Z"}
{"level":"debug","message":"prisma query (500ms): BEGIN","timestamp":"2026-08-12T09:24:21.341Z"}
{"level":"debug","message":"prisma query (469ms): BEGIN","timestamp":"2026-08-12T09:24:21.342Z"}
{"level":"debug","message":"prisma query (344ms): DEALLOCATE ALL","timestamp":"2026-08-12T09:24:21.686Z"}
{"level":"debug","message":"prisma query (345ms): DEALLOCATE ALL","timestamp":"2026-08-12T09:24:21.686Z"}
{"level":"debug","message":"prisma query (684ms): SELECT \"public\".\"jobs\".\"id\", \"public\".\"jobs\".\"type\"::text, \"public\".\"jobs\".\"status\"::text, \"public\".\"jobs\".\"payload\", \"public\".\"jobs\".\"result\", \"public\".\"jobs\".\"error\", \"public\".\"jobs\".\"attempts\", \"public\".\"jobs\".\"maxAttempts\", \"public\".\"jobs\".\"nextAttemptAt\", \"public\".\"jobs\".\"createdById\", \"public\".\"jobs\".\"createdAt\", \"public\".\"jobs\".\"updatedAt\", \"public\".\"jobs\".\"completedAt\" FROM \"public\".\"jobs\" WHERE (\"public\".\"jobs\".\"type\" = CAST($1::text AS \"public\".\"JobType\") AND \"public\".\"jobs\".\"status\" = CAST($2::text AS \"public\".\"JobStatus\") AND \"public\".\"jobs\".\"nextAttemptAt\" <= $3) ORDER BY \"public\".\"jobs\".\"createdAt\" ASC LIMIT $4 OFFSET $5","timestamp":"2026-08-12T09:24:22.371Z"}
{"level":"debug","message":"prisma query (684ms): SELECT \"public\".\"jobs\".\"id\", \"public\".\"jobs\".\"type\"::text, \"public\".\"jobs\".\"status\"::text, \"public\".\"jobs\".\"payload\", \"public\".\"jobs\".\"result\", \"public\".\"jobs\".\"error\", \"public\".\"jobs\".\"attempts\", \"public\".\"jobs\".\"maxAttempts\", \"public\".\"jobs\".\"nextAttemptAt\", \"public\".\"jobs\".\"createdById\", \"public\".\"jobs\".\"createdAt\", \"public\".\"jobs\".\"updatedAt\", \"public\".\"jobs\".\"completedAt\" FROM \"public\".\"jobs\" WHERE (\"public\".\"jobs\".\"type\" = CAST($1::text AS \"public\".\"JobType\") AND \"public\".\"jobs\".\"status\" = CAST($2::text AS \"public\".\"JobStatus\") AND \"public\".\"jobs\".\"nextAttemptAt\" <= $3) ORDER BY \"public\".\"jobs\".\"createdAt\" ASC LIMIT $4 OFFSET $5","timestamp":"2026-08-12T09:24:22.372Z"}
{"level":"debug","message":"prisma query (345ms): COMMIT","timestamp":"2026-08-12T09:24:22.717Z"}
{"level":"debug","message":"prisma query (345ms): COMMIT","timestamp":"2026-08-12T09:24:22.717Z"}
{"level":"debug","message":"prisma query (250ms): BEGIN","timestamp":"2026-08-12T09:24:23.137Z"}
{"level":"debug","message":"prisma query (282ms): BEGIN","timestamp":"2026-08-12T09:24:23.137Z"}
{"level":"debug","message":"prisma query (376ms): DEALLOCATE ALL","timestamp":"2026-08-12T09:24:23.513Z"}
{"level":"debug","message":"prisma query (376ms): DEALLOCATE ALL","timestamp":"2026-08-12T09:24:23.513Z"}
{"level":"debug","message":"prisma query (751ms): SELECT \"public\".\"jobs\".\"id\", \"public\".\"jobs\".\"type\"::text, \"public\".\"jobs\".\"status\"::text, \"public\".\"jobs\".\"payload\", \"public\".\"jobs\".\"result\", \"public\".\"jobs\".\"error\", \"public\".\"jobs\".\"attempts\", \"public\".\"jobs\".\"maxAttempts\", \"public\".\"jobs\".\"nextAttemptAt\", \"public\".\"jobs\".\"createdById\", \"public\".\"jobs\".\"createdAt\", \"public\".\"jobs\".\"updatedAt\", \"public\".\"jobs\".\"completedAt\" FROM \"public\".\"jobs\" WHERE (\"public\".\"jobs\".\"type\" = CAST($1::text AS \"public\".\"JobType\") AND \"public\".\"jobs\".\"status\" = CAST($2::text AS \"public\".\"JobStatus\") AND \"public\".\"jobs\".\"nextAttemptAt\" <= $3) ORDER BY \"public\".\"jobs\".\"createdAt\" ASC LIMIT $4 OFFSET $5","timestamp":"2026-08-12T09:24:24.265Z"}
{"level":"debug","message":"prisma query (751ms): SELECT \"public\".\"jobs\".\"id\", \"public\".\"jobs\".\"type\"::text, \"public\".\"jobs\".\"status\"::text, \"public\".\"jobs\".\"payload\", \"public\".\"jobs\".\"result\", \"public\".\"jobs\".\"error\", \"public\".\"jobs\".\"attempts\", \"public\".\"jobs\".\"maxAttempts\", \"public\".\"jobs\".\"nextAttemptAt\", \"public\".\"jobs\".\"createdById\", \"public\".\"jobs\".\"createdAt\", \"public\".\"jobs\".\"updatedAt\", \"public\".\"jobs\".\"completedAt\" FROM \"public\".\"jobs\" WHERE (\"public\".\"jobs\".\"type\" = CAST($1::text AS \"public\".\"JobType\") AND \"public\".\"jobs\".\"status\" = CAST($2::text AS \"public\".\"JobStatus\") AND \"public\".\"jobs\".\"nextAttemptAt\" <= $3) ORDER BY \"public\".\"jobs\".\"createdAt\" ASC LIMIT $4 OFFSET $5","timestamp":"2026-08-12T09:24:24.266Z"}
{"level":"debug","message":"prisma query (292ms): COMMIT","timestamp":"2026-08-12T09:24:24.558Z"}
{"level":"debug","message":"prisma query (292ms): COMMIT","timestamp":"2026-08-12T09:24:24.559Z"}
{"level":"debug","message":"prisma query (468ms): BEGIN","timestamp":"2026-08-12T09:24:25.324Z"}
{"level":"debug","message":"prisma query (437ms): SELECT 1","timestamp":"2026-08-12T09:24:25.325Z"}
{"level":"debug","message":"prisma query (150ms): DEALLOCATE ALL","timestamp":"2026-08-12T09:24:25.475Z"}
{"level":"debug","message":"prisma query (149ms): BEGIN","timestamp":"2026-08-12T09:24:25.475Z"}
{"level":"debug","message":"prisma query (210ms): DEALLOCATE ALL","timestamp":"2026-08-12T09:24:25.686Z"}
{"level":"debug","message":"prisma query (298ms): SELECT \"public\".\"jobs\".\"id\", \"public\".\"jobs\".\"type\"::text, \"public\".\"jobs\".\"status\"::text, \"public\".\"jobs\".\"payload\", \"public\".\"jobs\".\"result\", \"public\".\"jobs\".\"error\", \"public\".\"jobs\".\"attempts\", \"public\".\"jobs\".\"maxAttempts\", \"public\".\"jobs\".\"nextAttemptAt\", \"public\".\"jobs\".\"createdById\", \"public\".\"jobs\".\"createdAt\", \"public\".\"jobs\".\"updatedAt\", \"public\".\"jobs\".\"completedAt\" FROM \"public\".\"jobs\" WHERE (\"public\".\"jobs\".\"type\" = CAST($1::text AS \"public\".\"JobType\") AND \"public\".\"jobs\".\"status\" = CAST($2::text AS \"public\".\"JobStatus\") AND \"public\".\"jobs\".\"nextAttemptAt\" <= $3) ORDER BY \"public\".\"jobs\".\"createdAt\" ASC LIMIT $4 OFFSET $5","timestamp":"2026-08-12T09:24:25.775Z"}
{"level":"debug","message":"prisma query (154ms): SELECT \"public\".\"jobs\".\"id\", \"public\".\"jobs\".\"type\"::text, \"public\".\"jobs\".\"status\"::text, \"public\".\"jobs\".\"payload\", \"public\".\"jobs\".\"result\", \"public\".\"jobs\".\"error\", \"public\".\"jobs\".\"attempts\", \"public\".\"jobs\".\"maxAttempts\", \"public\".\"jobs\".\"nextAttemptAt\", \"public\".\"jobs\".\"createdById\", \"public\".\"jobs\".\"createdAt\", \"public\".\"jobs\".\"updatedAt\", \"public\".\"jobs\".\"completedAt\" FROM \"public\".\"jobs\" WHERE (\"public\".\"jobs\".\"type\" = CAST($1::text AS \"public\".\"JobType\") AND \"public\".\"jobs\".\"status\" = CAST($2::text AS \"public\".\"JobStatus\") AND \"public\".\"jobs\".\"nextAttemptAt\" <= $3) ORDER BY \"public\".\"jobs\".\"createdAt\" ASC LIMIT $4 OFFSET $5","timestamp":"2026-08-12T09:24:25.840Z"}
{"level":"debug","message":"prisma query (66ms): COMMIT","timestamp":"2026-08-12T09:24:25.841Z"}
{"level":"debug","message":"prisma query (40ms): COMMIT","timestamp":"2026-08-12T09:24:25.881Z"}
{"level":"debug","message":"prisma query (60ms): BEGIN","timestamp":"2026-08-12T09:24:26.928Z"}
{"level":"debug","message":"prisma query (59ms): BEGIN","timestamp":"2026-08-12T09:24:26.959Z"}
{"level":"debug","message":"prisma query (39ms): DEALLOCATE ALL","timestamp":"2026-08-12T09:24:26.968Z"}
{"level":"debug","message":"prisma query (79ms): DEALLOCATE ALL","timestamp":"2026-08-12T09:24:27.038Z"}
{"level":"debug","message":"prisma query (149ms): SELECT \"public\".\"jobs\".\"id\", \"public\".\"jobs\".\"type\"::text, \"public\".\"jobs\".\"status\"::text, \"public\".\"jobs\".\"payload\", \"public\".\"jobs\".\"result\", \"public\".\"jobs\".\"error\", \"public\".\"jobs\".\"attempts\", \"public\".\"jobs\".\"maxAttempts\", \"public\".\"jobs\".\"nextAttemptAt\", \"public\".\"jobs\".\"createdById\", \"public\".\"jobs\".\"createdAt\", \"public\".\"jobs\".\"updatedAt\", \"public\".\"jobs\".\"completedAt\" FROM \"public\".\"jobs\" WHERE (\"public\".\"jobs\".\"type\" = CAST($1::text AS \"public\".\"JobType\") AND \"public\".\"jobs\".\"status\" = CAST($2::text AS \"public\".\"JobStatus\") AND \"public\".\"jobs\".\"nextAttemptAt\" <= $3) ORDER BY \"public\".\"jobs\".\"createdAt\" ASC LIMIT $4 OFFSET $5","timestamp":"2026-08-12T09:24:27.118Z"}
{"level":"debug","message":"prisma query (109ms): SELECT \"public\".\"jobs\".\"id\", \"public\".\"jobs\".\"type\"::text, \"public\".\"jobs\".\"status\"::text, \"public\".\"jobs\".\"payload\", \"public\".\"jobs\".\"result\", \"public\".\"jobs\".\"error\", \"public\".\"jobs\".\"attempts\", \"public\".\"jobs\".\"maxAttempts\", \"public\".\"jobs\".\"nextAttemptAt\", \"public\".\"jobs\".\"createdById\", \"public\".\"jobs\".\"createdAt\", \"public\".\"jobs\".\"updatedAt\", \"public\".\"jobs\".\"completedAt\" FROM \"public\".\"jobs\" WHERE (\"public\".\"jobs\".\"type\" = CAST($1::text AS \"public\".\"JobType\") AND \"public\".\"jobs\".\"status\" = CAST($2::text AS \"public\".\"JobStatus\") AND \"public\".\"jobs\".\"nextAttemptAt\" <= $3) ORDER BY \"public\".\"jobs\".\"createdAt\" ASC LIMIT $4 OFFSET $5","timestamp":"2026-08-12T09:24:27.148Z"}
{"level":"debug","message":"prisma query (81ms): COMMIT","timestamp":"2026-08-12T09:24:27.200Z"}
{"level":"debug","message":"prisma query (51ms): COMMIT","timestamp":"2026-08-12T09:24:27.200Z"}
{"level":"debug","message":"prisma query (283ms): BEGIN","timestamp":"2026-08-12T09:24:29.167Z"}
{"level":"debug","message":"prisma query (253ms): BEGIN","timestamp":"2026-08-12T09:24:29.168Z"}
{"level":"debug","message":"prisma query (406ms): DEALLOCATE ALL","timestamp":"2026-08-12T09:24:29.576Z"}
{"level":"debug","message":"prisma query (406ms): DEALLOCATE ALL","timestamp":"2026-08-12T09:24:29.577Z"}
{"level":"debug","message":"prisma query (560ms): SELECT \"public\".\"jobs\".\"id\", \"public\".\"jobs\".\"type\"::text, \"public\".\"jobs\".\"status\"::text, \"public\".\"jobs\".\"payload\", \"public\".\"jobs\".\"result\", \"public\".\"jobs\".\"error\", \"public\".\"jobs\".\"attempts\", \"public\".\"jobs\".\"maxAttempts\", \"public\".\"jobs\".\"nextAttemptAt\", \"public\".\"jobs\".\"createdById\", \"public\".\"jobs\".\"createdAt\", \"public\".\"jobs\".\"updatedAt\", \"public\".\"jobs\".\"completedAt\" FROM \"public\".\"jobs\" WHERE (\"public\".\"jobs\".\"type\" = CAST($1::text AS \"public\".\"JobType\") AND \"public\".\"jobs\".\"status\" = CAST($2::text AS \"public\".\"JobStatus\") AND \"public\".\"jobs\".\"nextAttemptAt\" <= $3) ORDER BY \"public\".\"jobs\".\"createdAt\" ASC LIMIT $4 OFFSET $5","timestamp":"2026-08-12T09:24:30.135Z"}
{"level":"debug","message":"prisma query (560ms): SELECT \"public\".\"jobs\".\"id\", \"public\".\"jobs\".\"type\"::text, \"public\".\"jobs\".\"status\"::text, \"public\".\"jobs\".\"payload\", \"public\".\"jobs\".\"result\", \"public\".\"jobs\".\"error\", \"public\".\"jobs\".\"attempts\", \"public\".\"jobs\".\"maxAttempts\", \"public\".\"jobs\".\"nextAttemptAt\", \"public\".\"jobs\".\"createdById\", \"public\".\"jobs\".\"createdAt\", \"public\".\"jobs\".\"updatedAt\", \"public\".\"jobs\".\"completedAt\" FROM \"public\".\"jobs\" WHERE (\"public\".\"jobs\".\"type\" = CAST($1::text AS \"public\".\"JobType\") AND \"public\".\"jobs\".\"status\" = CAST($2::text AS \"public\".\"JobStatus\") AND \"public\".\"jobs\".\"nextAttemptAt\" <= $3) ORDER BY \"public\".\"jobs\".\"createdAt\" ASC LIMIT $4 OFFSET $5","timestamp":"2026-08-12T09:24:30.136Z"}
{"level":"debug","message":"prisma query (404ms): COMMIT","timestamp":"2026-08-12T09:24:30.540Z"}
{"level":"debug","message":"prisma query (404ms): COMMIT","timestamp":"2026-08-12T09:24:30.540Z"}
{"level":"debug","message":"prisma query (438ms): BEGIN","timestamp":"2026-08-12T09:24:31.336Z"}
{"level":"debug","message":"prisma query (407ms): BEGIN","timestamp":"2026-08-12T09:24:31.337Z"}
{"level":"debug","message":"prisma query (287ms): DEALLOCATE ALL","timestamp":"2026-08-12T09:24:31.624Z"}
{"level":"debug","message":"prisma query (288ms): DEALLOCATE ALL","timestamp":"2026-08-12T09:24:31.625Z"}
{"level":"debug","message":"prisma query (511ms): SELECT \"public\".\"jobs\".\"id\", \"public\".\"jobs\".\"type\"::text, \"public\".\"jobs\".\"status\"::text, \"public\".\"jobs\".\"payload\", \"public\".\"jobs\".\"result\", \"public\".\"jobs\".\"error\", \"public\".\"jobs\".\"attempts\", \"public\".\"jobs\".\"maxAttempts\", \"public\".\"jobs\".\"nextAttemptAt\", \"public\".\"jobs\".\"createdById\", \"public\".\"jobs\".\"createdAt\", \"public\".\"jobs\".\"updatedAt\", \"public\".\"jobs\".\"completedAt\" FROM \"public\".\"jobs\" WHERE (\"public\".\"jobs\".\"type\" = CAST($1::text AS \"public\".\"JobType\") AND \"public\".\"jobs\".\"status\" = CAST($2::text AS \"public\".\"JobStatus\") AND \"public\".\"jobs\".\"nextAttemptAt\" <= $3) ORDER BY \"public\".\"jobs\".\"createdAt\" ASC LIMIT $4 OFFSET $5","timestamp":"2026-08-12T09:24:32.136Z"}
{"level":"debug","message":"prisma query (510ms): SELECT \"public\".\"jobs\".\"id\", \"public\".\"jobs\".\"type\"::text, \"public\".\"jobs\".\"status\"::text, \"public\".\"jobs\".\"payload\", \"public\".\"jobs\".\"result\", \"public\".\"jobs\".\"error\", \"public\".\"jobs\".\"attempts\", \"public\".\"jobs\".\"maxAttempts\", \"public\".\"jobs\".\"nextAttemptAt\", \"public\".\"jobs\".\"createdById\", \"public\".\"jobs\".\"createdAt\", \"public\".\"jobs\".\"updatedAt\", \"public\".\"jobs\".\"completedAt\" FROM \"public\".\"jobs\" WHERE (\"public\".\"jobs\".\"type\" = CAST($1::text AS \"public\".\"JobType\") AND \"public\".\"jobs\".\"status\" = CAST($2::text AS \"public\".\"JobStatus\") AND \"public\".\"jobs\".\"nextAttemptAt\" <= $3) ORDER BY \"public\".\"jobs\".\"createdAt\" ASC LIMIT $4 OFFSET $5","timestamp":"2026-08-12T09:24:32.136Z"}
{"level":"debug","message":"prisma query (309ms): COMMIT","timestamp":"2026-08-12T09:24:32.445Z"}
{"level":"debug","message":"prisma query (309ms): COMMIT","timestamp":"2026-08-12T09:24:32.446Z"}
{"level":"debug","message":"prisma query (267ms): BEGIN","timestamp":"2026-08-12T09:24:33.177Z"}
{"level":"debug","message":"prisma query (235ms): BEGIN","timestamp":"2026-08-12T09:24:33.177Z"}
{"level":"debug","message":"prisma query (257ms): DEALLOCATE ALL","timestamp":"2026-08-12T09:24:33.438Z"}
{"level":"debug","message":"prisma query (258ms): DEALLOCATE ALL","timestamp":"2026-08-12T09:24:33.439Z"}
{"level":"debug","message":"prisma query (746ms): SELECT \"public\".\"jobs\".\"id\", \"public\".\"jobs\".\"type\"::text, \"public\".\"jobs\".\"status\"::text, \"public\".\"jobs\".\"payload\", \"public\".\"jobs\".\"result\", \"public\".\"jobs\".\"error\", \"public\".\"jobs\".\"attempts\", \"public\".\"jobs\".\"maxAttempts\", \"public\".\"jobs\".\"nextAttemptAt\", \"public\".\"jobs\".\"createdById\", \"public\".\"jobs\".\"createdAt\", \"public\".\"jobs\".\"updatedAt\", \"public\".\"jobs\".\"completedAt\" FROM \"public\".\"jobs\" WHERE (\"public\".\"jobs\".\"type\" = CAST($1::text AS \"public\".\"JobType\") AND \"public\".\"jobs\".\"status\" = CAST($2::text AS \"public\".\"JobStatus\") AND \"public\".\"jobs\".\"nextAttemptAt\" <= $3) ORDER BY \"public\".\"jobs\".\"createdAt\" ASC LIMIT $4 OFFSET $5","timestamp":"2026-08-12T09:24:34.185Z"}
{"level":"debug","message":"prisma query (749ms): SELECT \"public\".\"jobs\".\"id\", \"public\".\"jobs\".\"type\"::text, \"public\".\"jobs\".\"status\"::text, \"public\".\"jobs\".\"payload\", \"public\".\"jobs\".\"result\", \"public\".\"jobs\".\"error\", \"public\".\"jobs\".\"attempts\", \"public\".\"jobs\".\"maxAttempts\", \"public\".\"jobs\".\"nextAttemptAt\", \"public\".\"jobs\".\"createdById\", \"public\".\"jobs\".\"createdAt\", \"public\".\"jobs\".\"updatedAt\", \"public\".\"jobs\".\"completedAt\" FROM \"public\".\"jobs\" WHERE (\"public\".\"jobs\".\"type\" = CAST($1::text AS \"public\".\"JobType\") AND \"public\".\"jobs\".\"status\" = CAST($2::text AS \"public\".\"JobStatus\") AND \"public\".\"jobs\".\"nextAttemptAt\" <= $3) ORDER BY \"public\".\"jobs\".\"createdAt\" ASC LIMIT $4 OFFSET $5","timestamp":"2026-08-12T09:24:34.186Z"}
{"level":"debug","message":"prisma query (531ms): COMMIT","timestamp":"2026-08-12T09:24:34.717Z"}
{"level":"debug","message":"prisma query (532ms): COMMIT","timestamp":"2026-08-12T09:24:34.717Z"}
{"level":"debug","message":"prisma query (641ms): SELECT 1","timestamp":"2026-08-12T09:24:35.565Z"}
{"level":"debug","message":"prisma query (611ms): BEGIN","timestamp":"2026-08-12T09:24:35.566Z"}
{"level":"debug","message":"prisma query (93ms): BEGIN","timestamp":"2026-08-12T09:24:35.662Z"}
{"level":"debug","message":"prisma query (92ms): DEALLOCATE ALL","timestamp":"2026-08-12T09:24:35.664Z"}
{"level":"debug","message":"prisma query (79ms): DEALLOCATE ALL","timestamp":"2026-08-12T09:24:35.739Z"}
{"level":"debug","message":"prisma query (138ms): SELECT \"public\".\"jobs\".\"id\", \"public\".\"jobs\".\"type\"::text, \"public\".\"jobs\".\"status\"::text, \"public\".\"jobs\".\"payload\", \"public\".\"jobs\".\"result\", \"public\".\"jobs\".\"error\", \"public\".\"jobs\".\"attempts\", \"public\".\"jobs\".\"maxAttempts\", \"public\".\"jobs\".\"nextAttemptAt\", \"public\".\"jobs\".\"createdById\", \"public\".\"jobs\".\"createdAt\", \"public\".\"jobs\".\"updatedAt\", \"public\".\"jobs\".\"completedAt\" FROM \"public\".\"jobs\" WHERE (\"public\".\"jobs\".\"type\" = CAST($1::text AS \"public\".\"JobType\") AND \"public\".\"jobs\".\"status\" = CAST($2::text AS \"public\".\"JobStatus\") AND \"public\".\"jobs\".\"nextAttemptAt\" <= $3) ORDER BY \"public\".\"jobs\".\"createdAt\" ASC LIMIT $4 OFFSET $5","timestamp":"2026-08-12T09:24:35.799Z"}
{"level":"debug","message":"prisma query (89ms): COMMIT","timestamp":"2026-08-12T09:24:35.888Z"}
{"level":"debug","message":"prisma query (148ms): SELECT \"public\".\"jobs\".\"id\", \"public\".\"jobs\".\"type\"::text, \"public\".\"jobs\".\"status\"::text, \"public\".\"jobs\".\"payload\", \"public\".\"jobs\".\"result\", \"public\".\"jobs\".\"error\", \"public\".\"jobs\".\"attempts\", \"public\".\"jobs\".\"maxAttempts\", \"public\".\"jobs\".\"nextAttemptAt\", \"public\".\"jobs\".\"createdById\", \"public\".\"jobs\".\"createdAt\", \"public\".\"jobs\".\"updatedAt\", \"public\".\"jobs\".\"completedAt\" FROM \"public\".\"jobs\" WHERE (\"public\".\"jobs\".\"type\" = CAST($1::text AS \"public\".\"JobType\") AND \"public\".\"jobs\".\"status\" = CAST($2::text AS \"public\".\"JobStatus\") AND \"public\".\"jobs\".\"nextAttemptAt\" <= $3) ORDER BY \"public\".\"jobs\".\"createdAt\" ASC LIMIT $4 OFFSET $5","timestamp":"2026-08-12T09:24:35.889Z"}
{"level":"debug","message":"prisma query (81ms): COMMIT","timestamp":"2026-08-12T09:24:35.971Z"}
{"level":"debug","message":"prisma query (71ms): BEGIN","timestamp":"2026-08-12T09:24:36.998Z"}
{"level":"debug","message":"prisma query (41ms): BEGIN","timestamp":"2026-08-12T09:24:36.999Z"}
{"level":"debug","message":"prisma query (89ms): DEALLOCATE ALL","timestamp":"2026-08-12T09:24:37.088Z"}
{"level":"debug","message":"prisma query (89ms): DEALLOCATE ALL","timestamp":"2026-08-12T09:24:37.089Z"}
{"level":"debug","message":"prisma query (122ms): SELECT \"public\".\"jobs\".\"id\", \"public\".\"jobs\".\"type\"::text, \"public\".\"jobs\".\"status\"::text, \"public\".\"jobs\".\"payload\", \"public\".\"jobs\".\"result\", \"public\".\"jobs\".\"error\", \"public\".\"jobs\".\"attempts\", \"public\".\"jobs\".\"maxAttempts\", \"public\".\"jobs\".\"nextAttemptAt\", \"public\".\"jobs\".\"createdById\", \"public\".\"jobs\".\"createdAt\", \"public\".\"jobs\".\"updatedAt\", \"public\".\"jobs\".\"completedAt\" FROM \"public\".\"jobs\" WHERE (\"public\".\"jobs\".\"type\" = CAST($1::text AS \"public\".\"JobType\") AND \"public\".\"jobs\".\"status\" = CAST($2::text AS \"public\".\"JobStatus\") AND \"public\".\"jobs\".\"nextAttemptAt\" <= $3) ORDER BY \"public\".\"jobs\".\"createdAt\" ASC LIMIT $4 OFFSET $5","timestamp":"2026-08-12T09:24:37.211Z"}
{"level":"debug","message":"prisma query (122ms): SELECT \"public\".\"jobs\".\"id\", \"public\".\"jobs\".\"type\"::text, \"public\".\"jobs\".\"status\"::text, \"public\".\"jobs\".\"payload\", \"public\".\"jobs\".\"result\", \"public\".\"jobs\".\"error\", \"public\".\"jobs\".\"attempts\", \"public\".\"jobs\".\"maxAttempts\", \"public\".\"jobs\".\"nextAttemptAt\", \"public\".\"jobs\".\"createdById\", \"public\".\"jobs\".\"createdAt\", \"public\".\"jobs\".\"updatedAt\", \"public\".\"jobs\".\"completedAt\" FROM \"public\".\"jobs\" WHERE (\"public\".\"jobs\".\"type\" = CAST($1::text AS \"public\".\"JobType\") AND \"public\".\"jobs\".\"status\" = CAST($2::text AS \"public\".\"JobStatus\") AND \"public\".\"jobs\".\"nextAttemptAt\" <= $3) ORDER BY \"public\".\"jobs\".\"createdAt\" ASC LIMIT $4 OFFSET $5","timestamp":"2026-08-12T09:24:37.211Z"}
{"level":"debug","message":"prisma query (63ms): COMMIT","timestamp":"2026-08-12T09:24:37.276Z"}
{"level":"debug","message":"prisma query (64ms): COMMIT","timestamp":"2026-08-12T09:24:37.277Z"}
{"level":"debug","message":"prisma query (347ms): BEGIN","timestamp":"2026-08-12T09:24:39.315Z"}
{"level":"debug","message":"prisma query (378ms): BEGIN","timestamp":"2026-08-12T09:24:39.316Z"}
{"level":"debug","message":"prisma query (375ms): DEALLOCATE ALL","timestamp":"2026-08-12T09:24:39.691Z"}
{"level":"debug","message":"prisma query (376ms): DEALLOCATE ALL","timestamp":"2026-08-12T09:24:39.692Z"}
{"level":"debug","message":"prisma query (535ms): SELECT \"public\".\"jobs\".\"id\", \"public\".\"jobs\".\"type\"::text, \"public\".\"jobs\".\"status\"::text, \"public\".\"jobs\".\"payload\", \"public\".\"jobs\".\"result\", \"public\".\"jobs\".\"error\", \"public\".\"jobs\".\"attempts\", \"public\".\"jobs\".\"maxAttempts\", \"public\".\"jobs\".\"nextAttemptAt\", \"public\".\"jobs\".\"createdById\", \"public\".\"jobs\".\"createdAt\", \"public\".\"jobs\".\"updatedAt\", \"public\".\"jobs\".\"completedAt\" FROM \"public\".\"jobs\" WHERE (\"public\".\"jobs\".\"type\" = CAST($1::text AS \"public\".\"JobType\") AND \"public\".\"jobs\".\"status\" = CAST($2::text AS \"public\".\"JobStatus\") AND \"public\".\"jobs\".\"nextAttemptAt\" <= $3) ORDER BY \"public\".\"jobs\".\"createdAt\" ASC LIMIT $4 OFFSET $5","timestamp":"2026-08-12T09:24:40.228Z"}
{"level":"debug","message":"prisma query (535ms): SELECT \"public\".\"jobs\".\"id\", \"public\".\"jobs\".\"type\"::text, \"public\".\"jobs\".\"status\"::text, \"public\".\"jobs\".\"payload\", \"public\".\"jobs\".\"result\", \"public\".\"jobs\".\"error\", \"public\".\"jobs\".\"attempts\", \"public\".\"jobs\".\"maxAttempts\", \"public\".\"jobs\".\"nextAttemptAt\", \"public\".\"jobs\".\"createdById\", \"public\".\"jobs\".\"createdAt\", \"public\".\"jobs\".\"updatedAt\", \"public\".\"jobs\".\"completedAt\" FROM \"public\".\"jobs\" WHERE (\"public\".\"jobs\".\"type\" = CAST($1::text AS \"public\".\"JobType\") AND \"public\".\"jobs\".\"status\" = CAST($2::text AS \"public\".\"JobStatus\") AND \"public\".\"jobs\".\"nextAttemptAt\" <= $3) ORDER BY \"public\".\"jobs\".\"createdAt\" ASC LIMIT $4 OFFSET $5","timestamp":"2026-08-12T09:24:40.229Z"}
{"level":"debug","message":"prisma query (385ms): COMMIT","timestamp":"2026-08-12T09:24:40.612Z"}
{"level":"debug","message":"prisma query (385ms): COMMIT","timestamp":"2026-08-12T09:24:40.613Z"}
{"level":"debug","message":"prisma query (392ms): BEGIN","timestamp":"2026-08-12T09:24:41.363Z"}
{"level":"debug","message":"prisma query (422ms): SELECT 1","timestamp":"2026-08-12T09:24:41.364Z"}
{"level":"debug","message":"prisma query (389ms): BEGIN","timestamp":"2026-08-12T09:24:41.754Z"}
{"level":"debug","message":"prisma query (390ms): DEALLOCATE ALL","timestamp":"2026-08-12T09:24:41.755Z"}
{"level":"debug","message":"prisma query (406ms): DEALLOCATE ALL","timestamp":"2026-08-12T09:24:42.160Z"}
{"level":"debug","message":"prisma query (802ms): SELECT \"public\".\"jobs\".\"id\", \"public\".\"jobs\".\"type\"::text, \"public\".\"jobs\".\"status\"::text, \"public\".\"jobs\".\"payload\", \"public\".\"jobs\".\"result\", \"public\".\"jobs\".\"error\", \"public\".\"jobs\".\"attempts\", \"public\".\"jobs\".\"maxAttempts\", \"public\".\"jobs\".\"nextAttemptAt\", \"public\".\"jobs\".\"createdById\", \"public\".\"jobs\".\"createdAt\", \"public\".\"jobs\".\"updatedAt\", \"public\".\"jobs\".\"completedAt\" FROM \"public\".\"jobs\" WHERE (\"public\".\"jobs\".\"type\" = CAST($1::text AS \"public\".\"JobType\") AND \"public\".\"jobs\".\"status\" = CAST($2::text AS \"public\".\"JobStatus\") AND \"public\".\"jobs\".\"nextAttemptAt\" <= $3) ORDER BY \"public\".\"jobs\".\"createdAt\" ASC LIMIT $4 OFFSET $5","timestamp":"2026-08-12T09:24:42.558Z"}
{"level":"debug","message":"prisma query (727ms): SELECT \"public\".\"jobs\".\"id\", \"public\".\"jobs\".\"type\"::text, \"public\".\"jobs\".\"status\"::text, \"public\".\"jobs\".\"payload\", \"public\".\"jobs\".\"result\", \"public\".\"jobs\".\"error\", \"public\".\"jobs\".\"attempts\", \"public\".\"jobs\".\"maxAttempts\", \"public\".\"jobs\".\"nextAttemptAt\", \"public\".\"jobs\".\"createdById\", \"public\".\"jobs\".\"createdAt\", \"public\".\"jobs\".\"updatedAt\", \"public\".\"jobs\".\"completedAt\" FROM \"public\".\"jobs\" WHERE (\"public\".\"jobs\".\"type\" = CAST($1::text AS \"public\".\"JobType\") AND \"public\".\"jobs\".\"status\" = CAST($2::text AS \"public\".\"JobStatus\") AND \"public\".\"jobs\".\"nextAttemptAt\" <= $3) ORDER BY \"public\".\"jobs\".\"createdAt\" ASC LIMIT $4 OFFSET $5","timestamp":"2026-08-12T09:24:42.889Z"}
{"level":"debug","message":"prisma query (332ms): COMMIT","timestamp":"2026-08-12T09:24:42.889Z"}
{"level":"debug","message":"prisma query (394ms): SELECT 1","timestamp":"2026-08-12T09:24:43.371Z"}
{"level":"debug","message":"prisma query (482ms): COMMIT","timestamp":"2026-08-12T09:24:43.372Z"}
{"level":"debug","message":"prisma query (424ms): BEGIN","timestamp":"2026-08-12T09:24:43.372Z"}
{"level":"debug","message":"prisma query (232ms): BEGIN","timestamp":"2026-08-12T09:24:43.604Z"}
{"level":"debug","message":"prisma query (232ms): DEALLOCATE ALL","timestamp":"2026-08-12T09:24:43.605Z"}
{"level":"debug","message":"prisma query (162ms): DEALLOCATE ALL","timestamp":"2026-08-12T09:24:43.767Z"}
{"level":"debug","message":"prisma query (608ms): SELECT \"public\".\"jobs\".\"id\", \"public\".\"jobs\".\"type\"::text, \"public\".\"jobs\".\"status\"::text, \"public\".\"jobs\".\"payload\", \"public\".\"jobs\".\"result\", \"public\".\"jobs\".\"error\", \"public\".\"jobs\".\"attempts\", \"public\".\"jobs\".\"maxAttempts\", \"public\".\"jobs\".\"nextAttemptAt\", \"public\".\"jobs\".\"createdById\", \"public\".\"jobs\".\"createdAt\", \"public\".\"jobs\".\"updatedAt\", \"public\".\"jobs\".\"completedAt\" FROM \"public\".\"jobs\" WHERE (\"public\".\"jobs\".\"type\" = CAST($1::text AS \"public\".\"JobType\") AND \"public\".\"jobs\".\"status\" = CAST($2::text AS \"public\".\"JobStatus\") AND \"public\".\"jobs\".\"nextAttemptAt\" <= $3) ORDER BY \"public\".\"jobs\".\"createdAt\" ASC LIMIT $4 OFFSET $5","timestamp":"2026-08-12T09:24:44.215Z"}
{"level":"debug","message":"prisma query (757ms): SELECT \"public\".\"jobs\".\"id\", \"public\".\"jobs\".\"type\"::text, \"public\".\"jobs\".\"status\"::text, \"public\".\"jobs\".\"payload\", \"public\".\"jobs\".\"result\", \"public\".\"jobs\".\"error\", \"public\".\"jobs\".\"attempts\", \"public\".\"jobs\".\"maxAttempts\", \"public\".\"jobs\".\"nextAttemptAt\", \"public\".\"jobs\".\"createdById\", \"public\".\"jobs\".\"createdAt\", \"public\".\"jobs\".\"updatedAt\", \"public\".\"jobs\".\"completedAt\" FROM \"public\".\"jobs\" WHERE (\"public\".\"jobs\".\"type\" = CAST($1::text AS \"public\".\"JobType\") AND \"public\".\"jobs\".\"status\" = CAST($2::text AS \"public\".\"JobStatus\") AND \"public\".\"jobs\".\"nextAttemptAt\" <= $3) ORDER BY \"public\".\"jobs\".\"createdAt\" ASC LIMIT $4 OFFSET $5","timestamp":"2026-08-12T09:24:44.525Z"}
{"level":"debug","message":"prisma query (311ms): COMMIT","timestamp":"2026-08-12T09:24:44.526Z"}
{"level":"debug","message":"prisma query (409ms): COMMIT","timestamp":"2026-08-12T09:24:44.934Z"}
{"level":"debug","message":"prisma query (189ms): BEGIN","timestamp":"2026-08-12T09:24:45.139Z"}
{"level":"debug","message":"prisma query (163ms): BEGIN","timestamp":"2026-08-12T09:24:45.142Z"}
{"level":"debug","message":"prisma query (468ms): DEALLOCATE ALL","timestamp":"2026-08-12T09:24:45.607Z"}
{"level":"debug","message":"prisma query (465ms): DEALLOCATE ALL","timestamp":"2026-08-12T09:24:45.608Z"}
{"level":"debug","message":"prisma query (334ms): SELECT \"public\".\"jobs\".\"id\", \"public\".\"jobs\".\"type\"::text, \"public\".\"jobs\".\"status\"::text, \"public\".\"jobs\".\"payload\", \"public\".\"jobs\".\"result\", \"public\".\"jobs\".\"error\", \"public\".\"jobs\".\"attempts\", \"public\".\"jobs\".\"maxAttempts\", \"public\".\"jobs\".\"nextAttemptAt\", \"public\".\"jobs\".\"createdById\", \"public\".\"jobs\".\"createdAt\", \"public\".\"jobs\".\"updatedAt\", \"public\".\"jobs\".\"completedAt\" FROM \"public\".\"jobs\" WHERE (\"public\".\"jobs\".\"type\" = CAST($1::text AS \"public\".\"JobType\") AND \"public\".\"jobs\".\"status\" = CAST($2::text AS \"public\".\"JobStatus\") AND \"public\".\"jobs\".\"nextAttemptAt\" <= $3) ORDER BY \"public\".\"jobs\".\"createdAt\" ASC LIMIT $4 OFFSET $5","timestamp":"2026-08-12T09:24:45.943Z"}
{"level":"debug","message":"prisma query (335ms): SELECT \"public\".\"jobs\".\"id\", \"public\".\"jobs\".\"type\"::text, \"public\".\"jobs\".\"status\"::text, \"public\".\"jobs\".\"payload\", \"public\".\"jobs\".\"result\", \"public\".\"jobs\".\"error\", \"public\".\"jobs\".\"attempts\", \"public\".\"jobs\".\"maxAttempts\", \"public\".\"jobs\".\"nextAttemptAt\", \"public\".\"jobs\".\"createdById\", \"public\".\"jobs\".\"createdAt\", \"public\".\"jobs\".\"updatedAt\", \"public\".\"jobs\".\"completedAt\" FROM \"public\".\"jobs\" WHERE (\"public\".\"jobs\".\"type\" = CAST($1::text AS \"public\".\"JobType\") AND \"public\".\"jobs\".\"status\" = CAST($2::text AS \"public\".\"JobStatus\") AND \"public\".\"jobs\".\"nextAttemptAt\" <= $3) ORDER BY \"public\".\"jobs\".\"createdAt\" ASC LIMIT $4 OFFSET $5","timestamp":"2026-08-12T09:24:45.944Z"}
{"level":"debug","message":"prisma query (323ms): COMMIT","timestamp":"2026-08-12T09:24:46.265Z"}
{"level":"debug","message":"prisma query (321ms): COMMIT","timestamp":"2026-08-12T09:24:46.266Z"}
{"level":"debug","message":"prisma query (40ms): BEGIN","timestamp":"2026-08-12T09:24:46.992Z"}
{"level":"debug","message":"prisma query (50ms): BEGIN","timestamp":"2026-08-12T09:24:47.033Z"}
{"level":"debug","message":"prisma query (367ms): DEALLOCATE ALL","timestamp":"2026-08-12T09:24:47.361Z"}
{"level":"debug","message":"prisma query (327ms): DEALLOCATE ALL","timestamp":"2026-08-12T09:24:47.362Z"}
{"level":"debug","message":"prisma query (654ms): SELECT \"public\".\"jobs\".\"id\", \"public\".\"jobs\".\"type\"::text, \"public\".\"jobs\".\"status\"::text, \"public\".\"jobs\".\"payload\", \"public\".\"jobs\".\"result\", \"public\".\"jobs\".\"error\", \"public\".\"jobs\".\"attempts\", \"public\".\"jobs\".\"maxAttempts\", \"public\".\"jobs\".\"nextAttemptAt\", \"public\".\"jobs\".\"createdById\", \"public\".\"jobs\".\"createdAt\", \"public\".\"jobs\".\"updatedAt\", \"public\".\"jobs\".\"completedAt\" FROM \"public\".\"jobs\" WHERE (\"public\".\"jobs\".\"type\" = CAST($1::text AS \"public\".\"JobType\") AND \"public\".\"jobs\".\"status\" = CAST($2::text AS \"public\".\"JobStatus\") AND \"public\".\"jobs\".\"nextAttemptAt\" <= $3) ORDER BY \"public\".\"jobs\".\"createdAt\" ASC LIMIT $4 OFFSET $5","timestamp":"2026-08-12T09:24:48.015Z"}
{"level":"debug","message":"prisma query (653ms): SELECT \"public\".\"jobs\".\"id\", \"public\".\"jobs\".\"type\"::text, \"public\".\"jobs\".\"status\"::text, \"public\".\"jobs\".\"payload\", \"public\".\"jobs\".\"result\", \"public\".\"jobs\".\"error\", \"public\".\"jobs\".\"attempts\", \"public\".\"jobs\".\"maxAttempts\", \"public\".\"jobs\".\"nextAttemptAt\", \"public\".\"jobs\".\"createdById\", \"public\".\"jobs\".\"createdAt\", \"public\".\"jobs\".\"updatedAt\", \"public\".\"jobs\".\"completedAt\" FROM \"public\".\"jobs\" WHERE (\"public\".\"jobs\".\"type\" = CAST($1::text AS \"public\".\"JobType\") AND \"public\".\"jobs\".\"status\" = CAST($2::text AS \"public\".\"JobStatus\") AND \"public\".\"jobs\".\"nextAttemptAt\" <= $3) ORDER BY \"public\".\"jobs\".\"createdAt\" ASC LIMIT $4 OFFSET $5","timestamp":"2026-08-12T09:24:48.016Z"}
{"level":"debug","message":"prisma query (399ms): COMMIT","timestamp":"2026-08-12T09:24:48.415Z"}
{"level":"debug","message":"prisma query (399ms): COMMIT","timestamp":"2026-08-12T09:24:48.415Z"}
{"level":"debug","message":"prisma query (99ms): BEGIN","timestamp":"2026-08-12T09:24:49.060Z"}
{"level":"debug","message":"prisma query (68ms): BEGIN","timestamp":"2026-08-12T09:24:49.061Z"}
{"level":"debug","message":"prisma query (106ms): DEALLOCATE ALL","timestamp":"2026-08-12T09:24:49.166Z"}
{"level":"debug","message":"prisma query (106ms): DEALLOCATE ALL","timestamp":"2026-08-12T09:24:49.166Z"}
{"level":"debug","message":"prisma query (184ms): SELECT \"public\".\"jobs\".\"id\", \"public\".\"jobs\".\"type\"::text, \"public\".\"jobs\".\"status\"::text, \"public\".\"jobs\".\"payload\", \"public\".\"jobs\".\"result\", \"public\".\"jobs\".\"error\", \"public\".\"jobs\".\"attempts\", \"public\".\"jobs\".\"maxAttempts\", \"public\".\"jobs\".\"nextAttemptAt\", \"public\".\"jobs\".\"createdById\", \"public\".\"jobs\".\"createdAt\", \"public\".\"jobs\".\"updatedAt\", \"public\".\"jobs\".\"completedAt\" FROM \"public\".\"jobs\" WHERE (\"public\".\"jobs\".\"type\" = CAST($1::text AS \"public\".\"JobType\") AND \"public\".\"jobs\".\"status\" = CAST($2::text AS \"public\".\"JobStatus\") AND \"public\".\"jobs\".\"nextAttemptAt\" <= $3) ORDER BY \"public\".\"jobs\".\"createdAt\" ASC LIMIT $4 OFFSET $5","timestamp":"2026-08-12T09:24:49.352Z"}
{"level":"debug","message":"prisma query (184ms): SELECT \"public\".\"jobs\".\"id\", \"public\".\"jobs\".\"type\"::text, \"public\".\"jobs\".\"status\"::text, \"public\".\"jobs\".\"payload\", \"public\".\"jobs\".\"result\", \"public\".\"jobs\".\"error\", \"public\".\"jobs\".\"attempts\", \"public\".\"jobs\".\"maxAttempts\", \"public\".\"jobs\".\"nextAttemptAt\", \"public\".\"jobs\".\"createdById\", \"public\".\"jobs\".\"createdAt\", \"public\".\"jobs\".\"updatedAt\", \"public\".\"jobs\".\"completedAt\" FROM \"public\".\"jobs\" WHERE (\"public\".\"jobs\".\"type\" = CAST($1::text AS \"public\".\"JobType\") AND \"public\".\"jobs\".\"status\" = CAST($2::text AS \"public\".\"JobStatus\") AND \"public\".\"jobs\".\"nextAttemptAt\" <= $3) ORDER BY \"public\".\"jobs\".\"createdAt\" ASC LIMIT $4 OFFSET $5","timestamp":"2026-08-12T09:24:49.353Z"}
{"level":"debug","message":"prisma query (406ms): COMMIT","timestamp":"2026-08-12T09:24:49.758Z"}
{"level":"debug","message":"prisma query (406ms): COMMIT","timestamp":"2026-08-12T09:24:49.758Z"}
{"level":"debug","message":"prisma query (70ms): BEGIN","timestamp":"2026-08-12T09:24:51.033Z"}
{"level":"debug","message":"prisma query (41ms): SELECT 1","timestamp":"2026-08-12T09:24:51.034Z"}
{"level":"debug","message":"prisma query (45ms): BEGIN","timestamp":"2026-08-12T09:24:51.080Z"}
{"level":"debug","message":"prisma query (46ms): DEALLOCATE ALL","timestamp":"2026-08-12T09:24:51.080Z"}
{"level":"debug","message":"prisma query (79ms): DEALLOCATE ALL","timestamp":"2026-08-12T09:24:51.158Z"}
{"level":"debug","message":"prisma query (183ms): SELECT \"public\".\"jobs\".\"id\", \"public\".\"jobs\".\"type\"::text, \"public\".\"jobs\".\"status\"::text, \"public\".\"jobs\".\"payload\", \"public\".\"jobs\".\"result\", \"public\".\"jobs\".\"error\", \"public\".\"jobs\".\"attempts\", \"public\".\"jobs\".\"maxAttempts\", \"public\".\"jobs\".\"nextAttemptAt\", \"public\".\"jobs\".\"createdById\", \"public\".\"jobs\".\"createdAt\", \"public\".\"jobs\".\"updatedAt\", \"public\".\"jobs\".\"completedAt\" FROM \"public\".\"jobs\" WHERE (\"public\".\"jobs\".\"type\" = CAST($1::text AS \"public\".\"JobType\") AND \"public\".\"jobs\".\"status\" = CAST($2::text AS \"public\".\"JobStatus\") AND \"public\".\"jobs\".\"nextAttemptAt\" <= $3) ORDER BY \"public\".\"jobs\".\"createdAt\" ASC LIMIT $4 OFFSET $5","timestamp":"2026-08-12T09:24:51.263Z"}
{"level":"debug","message":"prisma query (70ms): COMMIT","timestamp":"2026-08-12T09:24:51.334Z"}
{"level":"debug","message":"prisma query (175ms): SELECT \"public\".\"jobs\".\"id\", \"public\".\"jobs\".\"type\"::text, \"public\".\"jobs\".\"status\"::text, \"public\".\"jobs\".\"payload\", \"public\".\"jobs\".\"result\", \"public\".\"jobs\".\"error\", \"public\".\"jobs\".\"attempts\", \"public\".\"jobs\".\"maxAttempts\", \"public\".\"jobs\".\"nextAttemptAt\", \"public\".\"jobs\".\"createdById\", \"public\".\"jobs\".\"createdAt\", \"public\".\"jobs\".\"updatedAt\", \"public\".\"jobs\".\"completedAt\" FROM \"public\".\"jobs\" WHERE (\"public\".\"jobs\".\"type\" = CAST($1::text AS \"public\".\"JobType\") AND \"public\".\"jobs\".\"status\" = CAST($2::text AS \"public\".\"JobStatus\") AND \"public\".\"jobs\".\"nextAttemptAt\" <= $3) ORDER BY \"public\".\"jobs\".\"createdAt\" ASC LIMIT $4 OFFSET $5","timestamp":"2026-08-12T09:24:51.335Z"}
{"level":"debug","message":"prisma query (86ms): COMMIT","timestamp":"2026-08-12T09:24:51.421Z"}
{"level":"debug","message":"prisma query (40ms): BEGIN","timestamp":"2026-08-12T09:24:53.005Z"}
{"level":"debug","message":"prisma query (39ms): BEGIN","timestamp":"2026-08-12T09:24:53.035Z"}
{"level":"debug","message":"prisma query (72ms): DEALLOCATE ALL","timestamp":"2026-08-12T09:24:53.077Z"}
{"level":"debug","message":"prisma query (45ms): DEALLOCATE ALL","timestamp":"2026-08-12T09:24:53.081Z"}
{"level":"debug","message":"prisma query (113ms): SELECT \"public\".\"jobs\".\"id\", \"public\".\"jobs\".\"type\"::text, \"public\".\"jobs\".\"status\"::text, \"public\".\"jobs\".\"payload\", \"public\".\"jobs\".\"result\", \"public\".\"jobs\".\"error\", \"public\".\"jobs\".\"attempts\", \"public\".\"jobs\".\"maxAttempts\", \"public\".\"jobs\".\"nextAttemptAt\", \"public\".\"jobs\".\"createdById\", \"public\".\"jobs\".\"createdAt\", \"public\".\"jobs\".\"updatedAt\", \"public\".\"jobs\".\"completedAt\" FROM \"public\".\"jobs\" WHERE (\"public\".\"jobs\".\"type\" = CAST($1::text AS \"public\".\"JobType\") AND \"public\".\"jobs\".\"status\" = CAST($2::text AS \"public\".\"JobStatus\") AND \"public\".\"jobs\".\"nextAttemptAt\" <= $3) ORDER BY \"public\".\"jobs\".\"createdAt\" ASC LIMIT $4 OFFSET $5","timestamp":"2026-08-12T09:24:53.195Z"}
{"level":"debug","message":"prisma query (139ms): SELECT \"public\".\"jobs\".\"id\", \"public\".\"jobs\".\"type\"::text, \"public\".\"jobs\".\"status\"::text, \"public\".\"jobs\".\"payload\", \"public\".\"jobs\".\"result\", \"public\".\"jobs\".\"error\", \"public\".\"jobs\".\"attempts\", \"public\".\"jobs\".\"maxAttempts\", \"public\".\"jobs\".\"nextAttemptAt\", \"public\".\"jobs\".\"createdById\", \"public\".\"jobs\".\"createdAt\", \"public\".\"jobs\".\"updatedAt\", \"public\".\"jobs\".\"completedAt\" FROM \"public\".\"jobs\" WHERE (\"public\".\"jobs\".\"type\" = CAST($1::text AS \"public\".\"JobType\") AND \"public\".\"jobs\".\"status\" = CAST($2::text AS \"public\".\"JobStatus\") AND \"public\".\"jobs\".\"nextAttemptAt\" <= $3) ORDER BY \"public\".\"jobs\".\"createdAt\" ASC LIMIT $4 OFFSET $5","timestamp":"2026-08-12T09:24:53.218Z"}
{"level":"debug","message":"prisma query (43ms): COMMIT","timestamp":"2026-08-12T09:24:53.239Z"}
{"level":"debug","message":"prisma query (68ms): COMMIT","timestamp":"2026-08-12T09:24:53.286Z"}
{"level":"debug","message":"prisma query (65ms): BEGIN","timestamp":"2026-08-12T09:24:55.037Z"}
{"level":"debug","message":"prisma query (76ms): BEGIN","timestamp":"2026-08-12T09:24:55.079Z"}
{"level":"debug","message":"prisma query (42ms): DEALLOCATE ALL","timestamp":"2026-08-12T09:24:55.080Z"}
{"level":"debug","message":"prisma query (38ms): DEALLOCATE ALL","timestamp":"2026-08-12T09:24:55.118Z"}
{"level":"debug","message":"prisma query (114ms): SELECT \"public\".\"jobs\".\"id\", \"public\".\"jobs\".\"type\"::text, \"public\".\"jobs\".\"status\"::text, \"public\".\"jobs\".\"payload\", \"public\".\"jobs\".\"result\", \"public\".\"jobs\".\"error\", \"public\".\"jobs\".\"attempts\", \"public\".\"jobs\".\"maxAttempts\", \"public\".\"jobs\".\"nextAttemptAt\", \"public\".\"jobs\".\"createdById\", \"public\".\"jobs\".\"createdAt\", \"public\".\"jobs\".\"updatedAt\", \"public\".\"jobs\".\"completedAt\" FROM \"public\".\"jobs\" WHERE (\"public\".\"jobs\".\"type\" = CAST($1::text AS \"public\".\"JobType\") AND \"public\".\"jobs\".\"status\" = CAST($2::text AS \"public\".\"JobStatus\") AND \"public\".\"jobs\".\"nextAttemptAt\" <= $3) ORDER BY \"public\".\"jobs\".\"createdAt\" ASC LIMIT $4 OFFSET $5","timestamp":"2026-08-12T09:24:55.194Z"}
{"level":"debug","message":"prisma query (123ms): SELECT \"public\".\"jobs\".\"id\", \"public\".\"jobs\".\"type\"::text, \"public\".\"jobs\".\"status\"::text, \"public\".\"jobs\".\"payload\", \"public\".\"jobs\".\"result\", \"public\".\"jobs\".\"error\", \"public\".\"jobs\".\"attempts\", \"public\".\"jobs\".\"maxAttempts\", \"public\".\"jobs\".\"nextAttemptAt\", \"public\".\"jobs\".\"createdById\", \"public\".\"jobs\".\"createdAt\", \"public\".\"jobs\".\"updatedAt\", \"public\".\"jobs\".\"completedAt\" FROM \"public\".\"jobs\" WHERE (\"public\".\"jobs\".\"type\" = CAST($1::text AS \"public\".\"JobType\") AND \"public\".\"jobs\".\"status\" = CAST($2::text AS \"public\".\"JobStatus\") AND \"public\".\"jobs\".\"nextAttemptAt\" <= $3) ORDER BY \"public\".\"jobs\".\"createdAt\" ASC LIMIT $4 OFFSET $5","timestamp":"2026-08-12T09:24:55.242Z"}
{"level":"debug","message":"prisma query (50ms): COMMIT","timestamp":"2026-08-12T09:24:55.245Z"}
{"level":"debug","message":"prisma query (37ms): COMMIT","timestamp":"2026-08-12T09:24:55.279Z"}
{"level":"debug","message":"prisma query (62ms): BEGIN","timestamp":"2026-08-12T09:24:57.040Z"}
{"level":"debug","message":"prisma query (110ms): BEGIN","timestamp":"2026-08-12T09:24:57.118Z"}
{"level":"debug","message":"prisma query (78ms): DEALLOCATE ALL","timestamp":"2026-08-12T09:24:57.119Z"}
{"level":"debug","message":"prisma query (136ms): DEALLOCATE ALL","timestamp":"2026-08-12T09:24:57.255Z"}
{"level":"debug","message":"prisma query (314ms): SELECT \"public\".\"jobs\".\"id\", \"public\".\"jobs\".\"type\"::text, \"public\".\"jobs\".\"status\"::text, \"public\".\"jobs\".\"payload\", \"public\".\"jobs\".\"result\", \"public\".\"jobs\".\"error\", \"public\".\"jobs\".\"attempts\", \"public\".\"jobs\".\"maxAttempts\", \"public\".\"jobs\".\"nextAttemptAt\", \"public\".\"jobs\".\"createdById\", \"public\".\"jobs\".\"createdAt\", \"public\".\"jobs\".\"updatedAt\", \"public\".\"jobs\".\"completedAt\" FROM \"public\".\"jobs\" WHERE (\"public\".\"jobs\".\"type\" = CAST($1::text AS \"public\".\"JobType\") AND \"public\".\"jobs\".\"status\" = CAST($2::text AS \"public\".\"JobStatus\") AND \"public\".\"jobs\".\"nextAttemptAt\" <= $3) ORDER BY \"public\".\"jobs\".\"createdAt\" ASC LIMIT $4 OFFSET $5","timestamp":"2026-08-12T09:24:57.434Z"}
{"level":"debug","message":"prisma query (117ms): COMMIT","timestamp":"2026-08-12T09:24:57.552Z"}
{"level":"debug","message":"prisma query (296ms): SELECT \"public\".\"jobs\".\"id\", \"public\".\"jobs\".\"type\"::text, \"public\".\"jobs\".\"status\"::text, \"public\".\"jobs\".\"payload\", \"public\".\"jobs\".\"result\", \"public\".\"jobs\".\"error\", \"public\".\"jobs\".\"attempts\", \"public\".\"jobs\".\"maxAttempts\", \"public\".\"jobs\".\"nextAttemptAt\", \"public\".\"jobs\".\"createdById\", \"public\".\"jobs\".\"createdAt\", \"public\".\"jobs\".\"updatedAt\", \"public\".\"jobs\".\"completedAt\" FROM \"public\".\"jobs\" WHERE (\"public\".\"jobs\".\"type\" = CAST($1::text AS \"public\".\"JobType\") AND \"public\".\"jobs\".\"status\" = CAST($2::text AS \"public\".\"JobStatus\") AND \"public\".\"jobs\".\"nextAttemptAt\" <= $3) ORDER BY \"public\".\"jobs\".\"createdAt\" ASC LIMIT $4 OFFSET $5","timestamp":"2026-08-12T09:24:57.553Z"}
{"level":"debug","message":"prisma query (55ms): COMMIT","timestamp":"2026-08-12T09:24:57.607Z"}
{"level":"debug","message":"prisma query (54ms): BEGIN","timestamp":"2026-08-12T09:24:59.044Z"}
{"level":"debug","message":"prisma query (59ms): SELECT 1","timestamp":"2026-08-12T09:24:59.079Z"}
{"level":"debug","message":"prisma query (60ms): DEALLOCATE ALL","timestamp":"2026-08-12T09:24:59.104Z"}
{"level":"debug","message":"prisma query (72ms): BEGIN","timestamp":"2026-08-12T09:24:59.152Z"}
{"level":"debug","message":"prisma query (100ms): DEALLOCATE ALL","timestamp":"2026-08-12T09:24:59.252Z"}
{"level":"debug","message":"prisma query (148ms): SELECT \"public\".\"jobs\".\"id\", \"public\".\"jobs\".\"type\"::text, \"public\".\"jobs\".\"status\"::text, \"public\".\"jobs\".\"payload\", \"public\".\"jobs\".\"result\", \"public\".\"jobs\".\"error\", \"public\".\"jobs\".\"attempts\", \"public\".\"jobs\".\"maxAttempts\", \"public\".\"jobs\".\"nextAttemptAt\", \"public\".\"jobs\".\"createdById\", \"public\".\"jobs\".\"createdAt\", \"public\".\"jobs\".\"updatedAt\", \"public\".\"jobs\".\"completedAt\" FROM \"public\".\"jobs\" WHERE (\"public\".\"jobs\".\"type\" = CAST($1::text AS \"public\".\"JobType\") AND \"public\".\"jobs\".\"status\" = CAST($2::text AS \"public\".\"JobStatus\") AND \"public\".\"jobs\".\"nextAttemptAt\" <= $3) ORDER BY \"public\".\"jobs\".\"createdAt\" ASC LIMIT $4 OFFSET $5","timestamp":"2026-08-12T09:24:59.254Z"}
{"level":"debug","message":"prisma query (83ms): COMMIT","timestamp":"2026-08-12T09:24:59.337Z"}
{"level":"debug","message":"prisma query (144ms): SELECT \"public\".\"jobs\".\"id\", \"public\".\"jobs\".\"type\"::text, \"public\".\"jobs\".\"status\"::text, \"public\".\"jobs\".\"payload\", \"public\".\"jobs\".\"result\", \"public\".\"jobs\".\"error\", \"public\".\"jobs\".\"attempts\", \"public\".\"jobs\".\"maxAttempts\", \"public\".\"jobs\".\"nextAttemptAt\", \"public\".\"jobs\".\"createdById\", \"public\".\"jobs\".\"createdAt\", \"public\".\"jobs\".\"updatedAt\", \"public\".\"jobs\".\"completedAt\" FROM \"public\".\"jobs\" WHERE (\"public\".\"jobs\".\"type\" = CAST($1::text AS \"public\".\"JobType\") AND \"public\".\"jobs\".\"status\" = CAST($2::text AS \"public\".\"JobStatus\") AND \"public\".\"jobs\".\"nextAttemptAt\" <= $3) ORDER BY \"public\".\"jobs\".\"createdAt\" ASC LIMIT $4 OFFSET $5","timestamp":"2026-08-12T09:24:59.398Z"}
{"level":"debug","message":"prisma query (80ms): COMMIT","timestamp":"2026-08-12T09:24:59.479Z"}
{"level":"debug","message":"prisma query (60ms): BEGIN","timestamp":"2026-08-12T09:25:01.063Z"}
{"level":"debug","message":"prisma query (41ms): BEGIN","timestamp":"2026-08-12T09:25:01.077Z"}
{"level":"debug","message":"prisma query (40ms): DEALLOCATE ALL","timestamp":"2026-08-12T09:25:01.117Z"}
{"level":"debug","message":"prisma query (53ms): DEALLOCATE ALL","timestamp":"2026-08-12T09:25:01.118Z"}
{"level":"debug","message":"prisma query (78ms): SELECT \"public\".\"jobs\".\"id\", \"public\".\"jobs\".\"type\"::text, \"public\".\"jobs\".\"status\"::text, \"public\".\"jobs\".\"payload\", \"public\".\"jobs\".\"result\", \"public\".\"jobs\".\"error\", \"public\".\"jobs\".\"attempts\", \"public\".\"jobs\".\"maxAttempts\", \"public\".\"jobs\".\"nextAttemptAt\", \"public\".\"jobs\".\"createdById\", \"public\".\"jobs\".\"createdAt\", \"public\".\"jobs\".\"updatedAt\", \"public\".\"jobs\".\"completedAt\" FROM \"public\".\"jobs\" WHERE (\"public\".\"jobs\".\"type\" = CAST($1::text AS \"public\".\"JobType\") AND \"public\".\"jobs\".\"status\" = CAST($2::text AS \"public\".\"JobStatus\") AND \"public\".\"jobs\".\"nextAttemptAt\" <= $3) ORDER BY \"public\".\"jobs\".\"createdAt\" ASC LIMIT $4 OFFSET $5","timestamp":"2026-08-12T09:25:01.196Z"}
{"level":"debug","message":"prisma query (122ms): SELECT \"public\".\"jobs\".\"id\", \"public\".\"jobs\".\"type\"::text, \"public\".\"jobs\".\"status\"::text, \"public\".\"jobs\".\"payload\", \"public\".\"jobs\".\"result\", \"public\".\"jobs\".\"error\", \"public\".\"jobs\".\"attempts\", \"public\".\"jobs\".\"maxAttempts\", \"public\".\"jobs\".\"nextAttemptAt\", \"public\".\"jobs\".\"createdById\", \"public\".\"jobs\".\"createdAt\", \"public\".\"jobs\".\"updatedAt\", \"public\".\"jobs\".\"completedAt\" FROM \"public\".\"jobs\" WHERE (\"public\".\"jobs\".\"type\" = CAST($1::text AS \"public\".\"JobType\") AND \"public\".\"jobs\".\"status\" = CAST($2::text AS \"public\".\"JobStatus\") AND \"public\".\"jobs\".\"nextAttemptAt\" <= $3) ORDER BY \"public\".\"jobs\".\"createdAt\" ASC LIMIT $4 OFFSET $5","timestamp":"2026-08-12T09:25:01.241Z"}
{"level":"debug","message":"prisma query (44ms): COMMIT","timestamp":"2026-08-12T09:25:01.242Z"}
{"level":"debug","message":"prisma query (39ms): COMMIT","timestamp":"2026-08-12T09:25:01.281Z"}
{"level":"debug","message":"prisma query (35ms): BEGIN","timestamp":"2026-08-12T09:25:03.050Z"}
{"level":"debug","message":"prisma query (40ms): BEGIN","timestamp":"2026-08-12T09:25:03.077Z"}
{"level":"debug","message":"prisma query (44ms): DEALLOCATE ALL","timestamp":"2026-08-12T09:25:03.084Z"}
{"level":"debug","message":"prisma query (54ms): DEALLOCATE ALL","timestamp":"2026-08-12T09:25:03.130Z"}
{"level":"debug","message":"prisma query (166ms): SELECT \"public\".\"jobs\".\"id\", \"public\".\"jobs\".\"type\"::text, \"public\".\"jobs\".\"status\"::text, \"public\".\"jobs\".\"payload\", \"public\".\"jobs\".\"result\", \"public\".\"jobs\".\"error\", \"public\".\"jobs\".\"attempts\", \"public\".\"jobs\".\"maxAttempts\", \"public\".\"jobs\".\"nextAttemptAt\", \"public\".\"jobs\".\"createdById\", \"public\".\"jobs\".\"createdAt\", \"public\".\"jobs\".\"updatedAt\", \"public\".\"jobs\".\"completedAt\" FROM \"public\".\"jobs\" WHERE (\"public\".\"jobs\".\"type\" = CAST($1::text AS \"public\".\"JobType\") AND \"public\".\"jobs\".\"status\" = CAST($2::text AS \"public\".\"JobStatus\") AND \"public\".\"jobs\".\"nextAttemptAt\" <= $3) ORDER BY \"public\".\"jobs\".\"createdAt\" ASC LIMIT $4 OFFSET $5","timestamp":"2026-08-12T09:25:03.251Z"}
{"level":"debug","message":"prisma query (127ms): SELECT \"public\".\"jobs\".\"id\", \"public\".\"jobs\".\"type\"::text, \"public\".\"jobs\".\"status\"::text, \"public\".\"jobs\".\"payload\", \"public\".\"jobs\".\"result\", \"public\".\"jobs\".\"error\", \"public\".\"jobs\".\"attempts\", \"public\".\"jobs\".\"maxAttempts\", \"public\".\"jobs\".\"nextAttemptAt\", \"public\".\"jobs\".\"createdById\", \"public\".\"jobs\".\"createdAt\", \"public\".\"jobs\".\"updatedAt\", \"public\".\"jobs\".\"completedAt\" FROM \"public\".\"jobs\" WHERE (\"public\".\"jobs\".\"type\" = CAST($1::text AS \"public\".\"JobType\") AND \"public\".\"jobs\".\"status\" = CAST($2::text AS \"public\".\"JobStatus\") AND \"public\".\"jobs\".\"nextAttemptAt\" <= $3) ORDER BY \"public\".\"jobs\".\"createdAt\" ASC LIMIT $4 OFFSET $5","timestamp":"2026-08-12T09:25:03.258Z"}
{"level":"debug","message":"prisma query (75ms): COMMIT","timestamp":"2026-08-12T09:25:03.340Z"}
{"level":"debug","message":"prisma query (68ms): COMMIT","timestamp":"2026-08-12T09:25:03.349Z"}
{"level":"debug","message":"prisma query (38ms): BEGIN","timestamp":"2026-08-12T09:25:05.087Z"}
{"level":"debug","message":"prisma query (72ms): BEGIN","timestamp":"2026-08-12T09:25:05.088Z"}
{"level":"debug","message":"prisma query (47ms): DEALLOCATE ALL","timestamp":"2026-08-12T09:25:05.135Z"}
{"level":"debug","message":"prisma query (49ms): DEALLOCATE ALL","timestamp":"2026-08-12T09:25:05.137Z"}
{"level":"debug","message":"prisma query (101ms): SELECT \"public\".\"jobs\".\"id\", \"public\".\"jobs\".\"type\"::text, \"public\".\"jobs\".\"status\"::text, \"public\".\"jobs\".\"payload\", \"public\".\"jobs\".\"result\", \"public\".\"jobs\".\"error\", \"public\".\"jobs\".\"attempts\", \"public\".\"jobs\".\"maxAttempts\", \"public\".\"jobs\".\"nextAttemptAt\", \"public\".\"jobs\".\"createdById\", \"public\".\"jobs\".\"createdAt\", \"public\".\"jobs\".\"updatedAt\", \"public\".\"jobs\".\"completedAt\" FROM \"public\".\"jobs\" WHERE (\"public\".\"jobs\".\"type\" = CAST($1::text AS \"public\".\"JobType\") AND \"public\".\"jobs\".\"status\" = CAST($2::text AS \"public\".\"JobStatus\") AND \"public\".\"jobs\".\"nextAttemptAt\" <= $3) ORDER BY \"public\".\"jobs\".\"createdAt\" ASC LIMIT $4 OFFSET $5","timestamp":"2026-08-12T09:25:05.239Z"}
{"level":"debug","message":"prisma query (112ms): SELECT \"public\".\"jobs\".\"id\", \"public\".\"jobs\".\"type\"::text, \"public\".\"jobs\".\"status\"::text, \"public\".\"jobs\".\"payload\", \"public\".\"jobs\".\"result\", \"public\".\"jobs\".\"error\", \"public\".\"jobs\".\"attempts\", \"public\".\"jobs\".\"maxAttempts\", \"public\".\"jobs\".\"nextAttemptAt\", \"public\".\"jobs\".\"createdById\", \"public\".\"jobs\".\"createdAt\", \"public\".\"jobs\".\"updatedAt\", \"public\".\"jobs\".\"completedAt\" FROM \"public\".\"jobs\" WHERE (\"public\".\"jobs\".\"type\" = CAST($1::text AS \"public\".\"JobType\") AND \"public\".\"jobs\".\"status\" = CAST($2::text AS \"public\".\"JobStatus\") AND \"public\".\"jobs\".\"nextAttemptAt\" <= $3) ORDER BY \"public\".\"jobs\".\"createdAt\" ASC LIMIT $4 OFFSET $5","timestamp":"2026-08-12T09:25:05.248Z"}
{"level":"debug","message":"prisma query (79ms): COMMIT","timestamp":"2026-08-12T09:25:05.328Z"}
{"level":"debug","message":"prisma query (88ms): COMMIT","timestamp":"2026-08-12T09:25:05.328Z"}
{"level":"debug","message":"prisma query (56ms): BEGIN","timestamp":"2026-08-12T09:25:07.082Z"}
{"level":"debug","message":"prisma query (67ms): SELECT 1","timestamp":"2026-08-12T09:25:07.123Z"}
{"level":"debug","message":"prisma query (70ms): DEALLOCATE ALL","timestamp":"2026-08-12T09:25:07.152Z"}
{"level":"debug","message":"prisma query (79ms): BEGIN","timestamp":"2026-08-12T09:25:07.203Z"}
{"level":"debug","message":"prisma query (73ms): DEALLOCATE ALL","timestamp":"2026-08-12T09:25:07.277Z"}
{"level":"debug","message":"prisma query (130ms): SELECT \"public\".\"jobs\".\"id\", \"public\".\"jobs\".\"type\"::text, \"public\".\"jobs\".\"status\"::text, \"public\".\"jobs\".\"payload\", \"public\".\"jobs\".\"result\", \"public\".\"jobs\".\"error\", \"public\".\"jobs\".\"attempts\", \"public\".\"jobs\".\"maxAttempts\", \"public\".\"jobs\".\"nextAttemptAt\", \"public\".\"jobs\".\"createdById\", \"public\".\"jobs\".\"createdAt\", \"public\".\"jobs\".\"updatedAt\", \"public\".\"jobs\".\"completedAt\" FROM \"public\".\"jobs\" WHERE (\"public\".\"jobs\".\"type\" = CAST($1::text AS \"public\".\"JobType\") AND \"public\".\"jobs\".\"status\" = CAST($2::text AS \"public\".\"JobStatus\") AND \"public\".\"jobs\".\"nextAttemptAt\" <= $3) ORDER BY \"public\".\"jobs\".\"createdAt\" ASC LIMIT $4 OFFSET $5","timestamp":"2026-08-12T09:25:07.283Z"}
{"level":"debug","message":"prisma query (88ms): COMMIT","timestamp":"2026-08-12T09:25:07.372Z"}
{"level":"debug","message":"prisma query (144ms): SELECT \"public\".\"jobs\".\"id\", \"public\".\"jobs\".\"type\"::text, \"public\".\"jobs\".\"status\"::text, \"public\".\"jobs\".\"payload\", \"public\".\"jobs\".\"result\", \"public\".\"jobs\".\"error\", \"public\".\"jobs\".\"attempts\", \"public\".\"jobs\".\"maxAttempts\", \"public\".\"jobs\".\"nextAttemptAt\", \"public\".\"jobs\".\"createdById\", \"public\".\"jobs\".\"createdAt\", \"public\".\"jobs\".\"updatedAt\", \"public\".\"jobs\".\"completedAt\" FROM \"public\".\"jobs\" WHERE (\"public\".\"jobs\".\"type\" = CAST($1::text AS \"public\".\"JobType\") AND \"public\".\"jobs\".\"status\" = CAST($2::text AS \"public\".\"JobStatus\") AND \"public\".\"jobs\".\"nextAttemptAt\" <= $3) ORDER BY \"public\".\"jobs\".\"createdAt\" ASC LIMIT $4 OFFSET $5","timestamp":"2026-08-12T09:25:07.423Z"}
{"level":"debug","message":"prisma query (69ms): COMMIT","timestamp":"2026-08-12T09:25:07.496Z"}
{"level":"debug","message":"prisma query (42ms): BEGIN","timestamp":"2026-08-12T09:25:09.072Z"}
{"level":"debug","message":"prisma query (63ms): BEGIN","timestamp":"2026-08-12T09:25:09.125Z"}
{"level":"debug","message":"prisma query (54ms): DEALLOCATE ALL","timestamp":"2026-08-12T09:25:09.127Z"}
{"level":"debug","message":"prisma query (75ms): DEALLOCATE ALL","timestamp":"2026-08-12T09:25:09.200Z"}
{"level":"debug","message":"prisma query (112ms): SELECT \"public\".\"jobs\".\"id\", \"public\".\"jobs\".\"type\"::text, \"public\".\"jobs\".\"status\"::text, \"public\".\"jobs\".\"payload\", \"public\".\"jobs\".\"result\", \"public\".\"jobs\".\"error\", \"public\".\"jobs\".\"attempts\", \"public\".\"jobs\".\"maxAttempts\", \"public\".\"jobs\".\"nextAttemptAt\", \"public\".\"jobs\".\"createdById\", \"public\".\"jobs\".\"createdAt\", \"public\".\"jobs\".\"updatedAt\", \"public\".\"jobs\".\"completedAt\" FROM \"public\".\"jobs\" WHERE (\"public\".\"jobs\".\"type\" = CAST($1::text AS \"public\".\"JobType\") AND \"public\".\"jobs\".\"status\" = CAST($2::text AS \"public\".\"JobStatus\") AND \"public\".\"jobs\".\"nextAttemptAt\" <= $3) ORDER BY \"public\".\"jobs\".\"createdAt\" ASC LIMIT $4 OFFSET $5","timestamp":"2026-08-12T09:25:09.240Z"}
{"level":"debug","message":"prisma query (72ms): SELECT \"public\".\"jobs\".\"id\", \"public\".\"jobs\".\"type\"::text, \"public\".\"jobs\".\"status\"::text, \"public\".\"jobs\".\"payload\", \"public\".\"jobs\".\"result\", \"public\".\"jobs\".\"error\", \"public\".\"jobs\".\"attempts\", \"public\".\"jobs\".\"maxAttempts\", \"public\".\"jobs\".\"nextAttemptAt\", \"public\".\"jobs\".\"createdById\", \"public\".\"jobs\".\"createdAt\", \"public\".\"jobs\".\"updatedAt\", \"public\".\"jobs\".\"completedAt\" FROM \"public\".\"jobs\" WHERE (\"public\".\"jobs\".\"type\" = CAST($1::text AS \"public\".\"JobType\") AND \"public\".\"jobs\".\"status\" = CAST($2::text AS \"public\".\"JobStatus\") AND \"public\".\"jobs\".\"nextAttemptAt\" <= $3) ORDER BY \"public\".\"jobs\".\"createdAt\" ASC LIMIT $4 OFFSET $5","timestamp":"2026-08-12T09:25:09.273Z"}
{"level":"debug","message":"prisma query (38ms): COMMIT","timestamp":"2026-08-12T09:25:09.279Z"}
{"level":"debug","message":"prisma query (389ms): COMMIT","timestamp":"2026-08-12T09:25:09.663Z"}
{"level":"debug","message":"prisma query (42ms): BEGIN","timestamp":"2026-08-12T09:25:11.074Z"}
{"level":"debug","message":"prisma query (195ms): DEALLOCATE ALL","timestamp":"2026-08-12T09:25:11.270Z"}
{"level":"debug","message":"prisma query (206ms): BEGIN","timestamp":"2026-08-12T09:25:11.270Z"}
{"level":"debug","message":"prisma query (196ms): DEALLOCATE ALL","timestamp":"2026-08-12T09:25:11.466Z"}
{"level":"debug","message":"prisma query (410ms): SELECT \"public\".\"jobs\".\"id\", \"public\".\"jobs\".\"type\"::text, \"public\".\"jobs\".\"status\"::text, \"public\".\"jobs\".\"payload\", \"public\".\"jobs\".\"result\", \"public\".\"jobs\".\"error\", \"public\".\"jobs\".\"attempts\", \"public\".\"jobs\".\"maxAttempts\", \"public\".\"jobs\".\"nextAttemptAt\", \"public\".\"jobs\".\"createdById\", \"public\".\"jobs\".\"createdAt\", \"public\".\"jobs\".\"updatedAt\", \"public\".\"jobs\".\"completedAt\" FROM \"public\".\"jobs\" WHERE (\"public\".\"jobs\".\"type\" = CAST($1::text AS \"public\".\"JobType\") AND \"public\".\"jobs\".\"status\" = CAST($2::text AS \"public\".\"JobStatus\") AND \"public\".\"jobs\".\"nextAttemptAt\" <= $3) ORDER BY \"public\".\"jobs\".\"createdAt\" ASC LIMIT $4 OFFSET $5","timestamp":"2026-08-12T09:25:11.681Z"}
{"level":"debug","message":"prisma query (208ms): COMMIT","timestamp":"2026-08-12T09:25:11.889Z"}
{"level":"debug","message":"prisma query (423ms): SELECT \"public\".\"jobs\".\"id\", \"public\".\"jobs\".\"type\"::text, \"public\".\"jobs\".\"status\"::text, \"public\".\"jobs\".\"payload\", \"public\".\"jobs\".\"result\", \"public\".\"jobs\".\"error\", \"public\".\"jobs\".\"attempts\", \"public\".\"jobs\".\"maxAttempts\", \"public\".\"jobs\".\"nextAttemptAt\", \"public\".\"jobs\".\"createdById\", \"public\".\"jobs\".\"createdAt\", \"public\".\"jobs\".\"updatedAt\", \"public\".\"jobs\".\"completedAt\" FROM \"public\".\"jobs\" WHERE (\"public\".\"jobs\".\"type\" = CAST($1::text AS \"public\".\"JobType\") AND \"public\".\"jobs\".\"status\" = CAST($2::text AS \"public\".\"JobStatus\") AND \"public\".\"jobs\".\"nextAttemptAt\" <= $3) ORDER BY \"public\".\"jobs\".\"createdAt\" ASC LIMIT $4 OFFSET $5","timestamp":"2026-08-12T09:25:11.894Z"}
{"level":"debug","message":"prisma query (62ms): COMMIT","timestamp":"2026-08-12T09:25:11.952Z"}
{"level":"debug","message":"prisma query (107ms): BEGIN","timestamp":"2026-08-12T09:25:13.176Z"}
{"level":"debug","message":"prisma query (151ms): BEGIN","timestamp":"2026-08-12T09:25:13.189Z"}
{"level":"debug","message":"prisma query (40ms): DEALLOCATE ALL","timestamp":"2026-08-12T09:25:13.216Z"}
{"level":"debug","message":"prisma query (99ms): DEALLOCATE ALL","timestamp":"2026-08-12T09:25:13.289Z"}
{"level":"debug","message":"prisma query (143ms): SELECT \"public\".\"jobs\".\"id\", \"public\".\"jobs\".\"type\"::text, \"public\".\"jobs\".\"status\"::text, \"public\".\"jobs\".\"payload\", \"public\".\"jobs\".\"result\", \"public\".\"jobs\".\"error\", \"public\".\"jobs\".\"attempts\", \"public\".\"jobs\".\"maxAttempts\", \"public\".\"jobs\".\"nextAttemptAt\", \"public\".\"jobs\".\"createdById\", \"public\".\"jobs\".\"createdAt\", \"public\".\"jobs\".\"updatedAt\", \"public\".\"jobs\".\"completedAt\" FROM \"public\".\"jobs\" WHERE (\"public\".\"jobs\".\"type\" = CAST($1::text AS \"public\".\"JobType\") AND \"public\".\"jobs\".\"status\" = CAST($2::text AS \"public\".\"JobStatus\") AND \"public\".\"jobs\".\"nextAttemptAt\" <= $3) ORDER BY \"public\".\"jobs\".\"createdAt\" ASC LIMIT $4 OFFSET $5","timestamp":"2026-08-12T09:25:13.360Z"}
{"level":"debug","message":"prisma query (42ms): COMMIT","timestamp":"2026-08-12T09:25:13.403Z"}
{"level":"debug","message":"prisma query (113ms): SELECT \"public\".\"jobs\".\"id\", \"public\".\"jobs\".\"type\"::text, \"public\".\"jobs\".\"status\"::text, \"public\".\"jobs\".\"payload\", \"public\".\"jobs\".\"result\", \"public\".\"jobs\".\"error\", \"public\".\"jobs\".\"attempts\", \"public\".\"jobs\".\"maxAttempts\", \"public\".\"jobs\".\"nextAttemptAt\", \"public\".\"jobs\".\"createdById\", \"public\".\"jobs\".\"createdAt\", \"public\".\"jobs\".\"updatedAt\", \"public\".\"jobs\".\"completedAt\" FROM \"public\".\"jobs\" WHERE (\"public\".\"jobs\".\"type\" = CAST($1::text AS \"public\".\"JobType\") AND \"public\".\"jobs\".\"status\" = CAST($2::text AS \"public\".\"JobStatus\") AND \"public\".\"jobs\".\"nextAttemptAt\" <= $3) ORDER BY \"public\".\"jobs\".\"createdAt\" ASC LIMIT $4 OFFSET $5","timestamp":"2026-08-12T09:25:13.403Z"}
{"level":"debug","message":"prisma query (36ms): COMMIT","timestamp":"2026-08-12T09:25:13.440Z"}
{"level":"debug","message":"prisma query (301ms): BEGIN","timestamp":"2026-08-12T09:25:15.351Z"}
{"level":"debug","message":"prisma query (271ms): SELECT 1","timestamp":"2026-08-12T09:25:15.352Z"}
{"level":"debug","message":"prisma query (369ms): DEALLOCATE ALL","timestamp":"2026-08-12T09:25:15.721Z"}
{"level":"debug","message":"prisma query (368ms): BEGIN","timestamp":"2026-08-12T09:25:15.721Z"}
{"level":"debug","message":"prisma query (187ms): DEALLOCATE ALL","timestamp":"2026-08-12T09:25:15.908Z"}
{"level":"debug","message":"prisma query (447ms): SELECT \"public\".\"jobs\".\"id\", \"public\".\"jobs\".\"type\"::text, \"public\".\"jobs\".\"status\"::text, \"public\".\"jobs\".\"payload\", \"public\".\"jobs\".\"result\", \"public\".\"jobs\".\"error\", \"public\".\"jobs\".\"attempts\", \"public\".\"jobs\".\"maxAttempts\", \"public\".\"jobs\".\"nextAttemptAt\", \"public\".\"jobs\".\"createdById\", \"public\".\"jobs\".\"createdAt\", \"public\".\"jobs\".\"updatedAt\", \"public\".\"jobs\".\"completedAt\" FROM \"public\".\"jobs\" WHERE (\"public\".\"jobs\".\"type\" = CAST($1::text AS \"public\".\"JobType\") AND \"public\".\"jobs\".\"status\" = CAST($2::text AS \"public\".\"JobStatus\") AND \"public\".\"jobs\".\"nextAttemptAt\" <= $3) ORDER BY \"public\".\"jobs\".\"createdAt\" ASC LIMIT $4 OFFSET $5","timestamp":"2026-08-12T09:25:16.168Z"}
{"level":"debug","message":"prisma query (669ms): SELECT \"public\".\"jobs\".\"id\", \"public\".\"jobs\".\"type\"::text, \"public\".\"jobs\".\"status\"::text, \"public\".\"jobs\".\"payload\", \"public\".\"jobs\".\"result\", \"public\".\"jobs\".\"error\", \"public\".\"jobs\".\"attempts\", \"public\".\"jobs\".\"maxAttempts\", \"public\".\"jobs\".\"nextAttemptAt\", \"public\".\"jobs\".\"createdById\", \"public\".\"jobs\".\"createdAt\", \"public\".\"jobs\".\"updatedAt\", \"public\".\"jobs\".\"completedAt\" FROM \"public\".\"jobs\" WHERE (\"public\".\"jobs\".\"type\" = CAST($1::text AS \"public\".\"JobType\") AND \"public\".\"jobs\".\"status\" = CAST($2::text AS \"public\".\"JobStatus\") AND \"public\".\"jobs\".\"nextAttemptAt\" <= $3) ORDER BY \"public\".\"jobs\".\"createdAt\" ASC LIMIT $4 OFFSET $5","timestamp":"2026-08-12T09:25:16.578Z"}
{"level":"debug","message":"prisma query (409ms): COMMIT","timestamp":"2026-08-12T09:25:16.578Z"}
{"level":"debug","message":"prisma query (110ms): COMMIT","timestamp":"2026-08-12T09:25:16.689Z"}
{"level":"debug","message":"prisma query (376ms): BEGIN","timestamp":"2026-08-12T09:25:17.467Z"}
{"level":"debug","message":"prisma query (406ms): BEGIN","timestamp":"2026-08-12T09:25:17.467Z"}
{"level":"debug","message":"prisma query (409ms): DEALLOCATE ALL","timestamp":"2026-08-12T09:25:17.877Z"}
{"level":"debug","message":"prisma query (410ms): DEALLOCATE ALL","timestamp":"2026-08-12T09:25:17.878Z"}
{"level":"debug","message":"prisma query (808ms): SELECT \"public\".\"jobs\".\"id\", \"public\".\"jobs\".\"type\"::text, \"public\".\"jobs\".\"status\"::text, \"public\".\"jobs\".\"payload\", \"public\".\"jobs\".\"result\", \"public\".\"jobs\".\"error\", \"public\".\"jobs\".\"attempts\", \"public\".\"jobs\".\"maxAttempts\", \"public\".\"jobs\".\"nextAttemptAt\", \"public\".\"jobs\".\"createdById\", \"public\".\"jobs\".\"createdAt\", \"public\".\"jobs\".\"updatedAt\", \"public\".\"jobs\".\"completedAt\" FROM \"public\".\"jobs\" WHERE (\"public\".\"jobs\".\"type\" = CAST($1::text AS \"public\".\"JobType\") AND \"public\".\"jobs\".\"status\" = CAST($2::text AS \"public\".\"JobStatus\") AND \"public\".\"jobs\".\"nextAttemptAt\" <= $3) ORDER BY \"public\".\"jobs\".\"createdAt\" ASC LIMIT $4 OFFSET $5","timestamp":"2026-08-12T09:25:18.687Z"}
{"level":"debug","message":"prisma query (809ms): SELECT \"public\".\"jobs\".\"id\", \"public\".\"jobs\".\"type\"::text, \"public\".\"jobs\".\"status\"::text, \"public\".\"jobs\".\"payload\", \"public\".\"jobs\".\"result\", \"public\".\"jobs\".\"error\", \"public\".\"jobs\".\"attempts\", \"public\".\"jobs\".\"maxAttempts\", \"public\".\"jobs\".\"nextAttemptAt\", \"public\".\"jobs\".\"createdById\", \"public\".\"jobs\".\"createdAt\", \"public\".\"jobs\".\"updatedAt\", \"public\".\"jobs\".\"completedAt\" FROM \"public\".\"jobs\" WHERE (\"public\".\"jobs\".\"type\" = CAST($1::text AS \"public\".\"JobType\") AND \"public\".\"jobs\".\"status\" = CAST($2::text AS \"public\".\"JobStatus\") AND \"public\".\"jobs\".\"nextAttemptAt\" <= $3) ORDER BY \"public\".\"jobs\".\"createdAt\" ASC LIMIT $4 OFFSET $5","timestamp":"2026-08-12T09:25:18.689Z"}
{"level":"debug","message":"prisma query (187ms): COMMIT","timestamp":"2026-08-12T09:25:18.875Z"}
{"level":"debug","message":"prisma query (187ms): COMMIT","timestamp":"2026-08-12T09:25:18.877Z"}
{"level":"debug","message":"prisma query (450ms): BEGIN","timestamp":"2026-08-12T09:25:19.525Z"}
{"level":"debug","message":"prisma query (420ms): BEGIN","timestamp":"2026-08-12T09:25:19.526Z"}
{"level":"debug","message":"prisma query (323ms): DEALLOCATE ALL","timestamp":"2026-08-12T09:25:19.849Z"}
{"level":"debug","message":"prisma query (323ms): DEALLOCATE ALL","timestamp":"2026-08-12T09:25:19.849Z"}
{"level":"debug","message":"prisma query (1233ms): SELECT \"public\".\"jobs\".\"id\", \"public\".\"jobs\".\"type\"::text, \"public\".\"jobs\".\"status\"::text, \"public\".\"jobs\".\"payload\", \"public\".\"jobs\".\"result\", \"public\".\"jobs\".\"error\", \"public\".\"jobs\".\"attempts\", \"public\".\"jobs\".\"maxAttempts\", \"public\".\"jobs\".\"nextAttemptAt\", \"public\".\"jobs\".\"createdById\", \"public\".\"jobs\".\"createdAt\", \"public\".\"jobs\".\"updatedAt\", \"public\".\"jobs\".\"completedAt\" FROM \"public\".\"jobs\" WHERE (\"public\".\"jobs\".\"type\" = CAST($1::text AS \"public\".\"JobType\") AND \"public\".\"jobs\".\"status\" = CAST($2::text AS \"public\".\"JobStatus\") AND \"public\".\"jobs\".\"nextAttemptAt\" <= $3) ORDER BY \"public\".\"jobs\".\"createdAt\" ASC LIMIT $4 OFFSET $5","timestamp":"2026-08-12T09:25:21.083Z"}
{"level":"debug","message":"prisma query (1232ms): SELECT \"public\".\"jobs\".\"id\", \"public\".\"jobs\".\"type\"::text, \"public\".\"jobs\".\"status\"::text, \"public\".\"jobs\".\"payload\", \"public\".\"jobs\".\"result\", \"public\".\"jobs\".\"error\", \"public\".\"jobs\".\"attempts\", \"public\".\"jobs\".\"maxAttempts\", \"public\".\"jobs\".\"nextAttemptAt\", \"public\".\"jobs\".\"createdById\", \"public\".\"jobs\".\"createdAt\", \"public\".\"jobs\".\"updatedAt\", \"public\".\"jobs\".\"completedAt\" FROM \"public\".\"jobs\" WHERE (\"public\".\"jobs\".\"type\" = CAST($1::text AS \"public\".\"JobType\") AND \"public\".\"jobs\".\"status\" = CAST($2::text AS \"public\".\"JobStatus\") AND \"public\".\"jobs\".\"nextAttemptAt\" <= $3) ORDER BY \"public\".\"jobs\".\"createdAt\" ASC LIMIT $4 OFFSET $5","timestamp":"2026-08-12T09:25:21.083Z"}
{"level":"debug","message":"prisma query (38ms): COMMIT","timestamp":"2026-08-12T09:25:21.121Z"}
{"level":"debug","message":"prisma query (43ms): COMMIT","timestamp":"2026-08-12T09:25:21.127Z"}
{"level":"debug","message":"prisma query (76ms): BEGIN","timestamp":"2026-08-12T09:25:22.360Z"}
{"level":"debug","message":"prisma query (80ms): BEGIN","timestamp":"2026-08-12T09:25:22.368Z"}
{"level":"debug","message":"prisma query (73ms): DEALLOCATE ALL","timestamp":"2026-08-12T09:25:22.434Z"}
{"level":"debug","message":"prisma query (69ms): DEALLOCATE ALL","timestamp":"2026-08-12T09:25:22.437Z"}
{"level":"debug","message":"prisma query (84ms): SELECT \"public\".\"jobs\".\"id\", \"public\".\"jobs\".\"type\"::text, \"public\".\"jobs\".\"status\"::text, \"public\".\"jobs\".\"payload\", \"public\".\"jobs\".\"result\", \"public\".\"jobs\".\"error\", \"public\".\"jobs\".\"attempts\", \"public\".\"jobs\".\"maxAttempts\", \"public\".\"jobs\".\"nextAttemptAt\", \"public\".\"jobs\".\"createdById\", \"public\".\"jobs\".\"createdAt\", \"public\".\"jobs\".\"updatedAt\", \"public\".\"jobs\".\"completedAt\" FROM \"public\".\"jobs\" WHERE (\"public\".\"jobs\".\"type\" = CAST($1::text AS \"public\".\"JobType\") AND \"public\".\"jobs\".\"status\" = CAST($2::text AS \"public\".\"JobStatus\") AND \"public\".\"jobs\".\"nextAttemptAt\" <= $3) ORDER BY \"public\".\"jobs\".\"createdAt\" ASC LIMIT $4 OFFSET $5","timestamp":"2026-08-12T09:25:22.519Z"}
{"level":"debug","message":"prisma query (116ms): SELECT \"public\".\"jobs\".\"id\", \"public\".\"jobs\".\"type\"::text, \"public\".\"jobs\".\"status\"::text, \"public\".\"jobs\".\"payload\", \"public\".\"jobs\".\"result\", \"public\".\"jobs\".\"error\", \"public\".\"jobs\".\"attempts\", \"public\".\"jobs\".\"maxAttempts\", \"public\".\"jobs\".\"nextAttemptAt\", \"public\".\"jobs\".\"createdById\", \"public\".\"jobs\".\"createdAt\", \"public\".\"jobs\".\"updatedAt\", \"public\".\"jobs\".\"completedAt\" FROM \"public\".\"jobs\" WHERE (\"public\".\"jobs\".\"type\" = CAST($1::text AS \"public\".\"JobType\") AND \"public\".\"jobs\".\"status\" = CAST($2::text AS \"public\".\"JobStatus\") AND \"public\".\"jobs\".\"nextAttemptAt\" <= $3) ORDER BY \"public\".\"jobs\".\"createdAt\" ASC LIMIT $4 OFFSET $5","timestamp":"2026-08-12T09:25:22.555Z"}
{"level":"debug","message":"prisma query (43ms): COMMIT","timestamp":"2026-08-12T09:25:22.563Z"}
{"level":"debug","message":"prisma query (64ms): COMMIT","timestamp":"2026-08-12T09:25:22.619Z"}
{"level":"debug","message":"prisma query (36ms): BEGIN","timestamp":"2026-08-12T09:25:23.163Z"}
{"level":"debug","message":"prisma query (72ms): BEGIN","timestamp":"2026-08-12T09:25:23.167Z"}
{"level":"debug","message":"prisma query (69ms): DEALLOCATE ALL","timestamp":"2026-08-12T09:25:23.233Z"}
{"level":"debug","message":"prisma query (67ms): DEALLOCATE ALL","timestamp":"2026-08-12T09:25:23.234Z"}
{"level":"debug","message":"prisma query (83ms): SELECT \"public\".\"jobs\".\"id\", \"public\".\"jobs\".\"type\"::text, \"public\".\"jobs\".\"status\"::text, \"public\".\"jobs\".\"payload\", \"public\".\"jobs\".\"result\", \"public\".\"jobs\".\"error\", \"public\".\"jobs\".\"attempts\", \"public\".\"jobs\".\"maxAttempts\", \"public\".\"jobs\".\"nextAttemptAt\", \"public\".\"jobs\".\"createdById\", \"public\".\"jobs\".\"createdAt\", \"public\".\"jobs\".\"updatedAt\", \"public\".\"jobs\".\"completedAt\" FROM \"public\".\"jobs\" WHERE (\"public\".\"jobs\".\"type\" = CAST($1::text AS \"public\".\"JobType\") AND \"public\".\"jobs\".\"status\" = CAST($2::text AS \"public\".\"JobStatus\") AND \"public\".\"jobs\".\"nextAttemptAt\" <= $3) ORDER BY \"public\".\"jobs\".\"createdAt\" ASC LIMIT $4 OFFSET $5","timestamp":"2026-08-12T09:25:23.318Z"}
{"level":"debug","message":"prisma query (83ms): SELECT \"public\".\"jobs\".\"id\", \"public\".\"jobs\".\"type\"::text, \"public\".\"jobs\".\"status\"::text, \"public\".\"jobs\".\"payload\", \"public\".\"jobs\".\"result\", \"public\".\"jobs\".\"error\", \"public\".\"jobs\".\"attempts\", \"public\".\"jobs\".\"maxAttempts\", \"public\".\"jobs\".\"nextAttemptAt\", \"public\".\"jobs\".\"createdById\", \"public\".\"jobs\".\"createdAt\", \"public\".\"jobs\".\"updatedAt\", \"public\".\"jobs\".\"completedAt\" FROM \"public\".\"jobs\" WHERE (\"public\".\"jobs\".\"type\" = CAST($1::text AS \"public\".\"JobType\") AND \"public\".\"jobs\".\"status\" = CAST($2::text AS \"public\".\"JobStatus\") AND \"public\".\"jobs\".\"nextAttemptAt\" <= $3) ORDER BY \"public\".\"jobs\".\"createdAt\" ASC LIMIT $4 OFFSET $5","timestamp":"2026-08-12T09:25:23.319Z"}
{"level":"debug","message":"prisma query (34ms): COMMIT","timestamp":"2026-08-12T09:25:23.353Z"}
{"level":"debug","message":"prisma query (40ms): COMMIT","timestamp":"2026-08-12T09:25:23.359Z"}
{"level":"debug","message":"prisma query (53ms): BEGIN","timestamp":"2026-08-12T09:25:25.159Z"}
{"level":"debug","message":"prisma query (47ms): BEGIN","timestamp":"2026-08-12T09:25:25.185Z"}
{"level":"debug","message":"prisma query (39ms): DEALLOCATE ALL","timestamp":"2026-08-12T09:25:25.197Z"}
{"level":"debug","message":"prisma query (37ms): DEALLOCATE ALL","timestamp":"2026-08-12T09:25:25.223Z"}
{"level":"debug","message":"prisma query (120ms): SELECT \"public\".\"jobs\".\"id\", \"public\".\"jobs\".\"type\"::text, \"public\".\"jobs\".\"status\"::text, \"public\".\"jobs\".\"payload\", \"public\".\"jobs\".\"result\", \"public\".\"jobs\".\"error\", \"public\".\"jobs\".\"attempts\", \"public\".\"jobs\".\"maxAttempts\", \"public\".\"jobs\".\"nextAttemptAt\", \"public\".\"jobs\".\"createdById\", \"public\".\"jobs\".\"createdAt\", \"public\".\"jobs\".\"updatedAt\", \"public\".\"jobs\".\"completedAt\" FROM \"public\".\"jobs\" WHERE (\"public\".\"jobs\".\"type\" = CAST($1::text AS \"public\".\"JobType\") AND \"public\".\"jobs\".\"status\" = CAST($2::text AS \"public\".\"JobStatus\") AND \"public\".\"jobs\".\"nextAttemptAt\" <= $3) ORDER BY \"public\".\"jobs\".\"createdAt\" ASC LIMIT $4 OFFSET $5","timestamp":"2026-08-12T09:25:25.344Z"}
{"level":"debug","message":"prisma query (158ms): SELECT \"public\".\"jobs\".\"id\", \"public\".\"jobs\".\"type\"::text, \"public\".\"jobs\".\"status\"::text, \"public\".\"jobs\".\"payload\", \"public\".\"jobs\".\"result\", \"public\".\"jobs\".\"error\", \"public\".\"jobs\".\"attempts\", \"public\".\"jobs\".\"maxAttempts\", \"public\".\"jobs\".\"nextAttemptAt\", \"public\".\"jobs\".\"createdById\", \"public\".\"jobs\".\"createdAt\", \"public\".\"jobs\".\"updatedAt\", \"public\".\"jobs\".\"completedAt\" FROM \"public\".\"jobs\" WHERE (\"public\".\"jobs\".\"type\" = CAST($1::text AS \"public\".\"JobType\") AND \"public\".\"jobs\".\"status\" = CAST($2::text AS \"public\".\"JobStatus\") AND \"public\".\"jobs\".\"nextAttemptAt\" <= $3) ORDER BY \"public\".\"jobs\".\"createdAt\" ASC LIMIT $4 OFFSET $5","timestamp":"2026-08-12T09:25:25.357Z"}
{"level":"debug","message":"prisma query (44ms): COMMIT","timestamp":"2026-08-12T09:25:25.389Z"}
{"level":"debug","message":"prisma query (40ms): COMMIT","timestamp":"2026-08-12T09:25:25.397Z"}
{"level":"debug","message":"prisma query (151ms): BEGIN","timestamp":"2026-08-12T09:25:27.300Z"}
{"level":"debug","message":"prisma query (183ms): BEGIN","timestamp":"2026-08-12T09:25:27.301Z"}
{"level":"debug","message":"prisma query (316ms): DEALLOCATE ALL","timestamp":"2026-08-12T09:25:27.612Z"}
{"level":"debug","message":"prisma query (317ms): DEALLOCATE ALL","timestamp":"2026-08-12T09:25:27.613Z"}
{"level":"debug","message":"prisma query (626ms): SELECT \"public\".\"jobs\".\"id\", \"public\".\"jobs\".\"type\"::text, \"public\".\"jobs\".\"status\"::text, \"public\".\"jobs\".\"payload\", \"public\".\"jobs\".\"result\", \"public\".\"jobs\".\"error\", \"public\".\"jobs\".\"attempts\", \"public\".\"jobs\".\"maxAttempts\", \"public\".\"jobs\".\"nextAttemptAt\", \"public\".\"jobs\".\"createdById\", \"public\".\"jobs\".\"createdAt\", \"public\".\"jobs\".\"updatedAt\", \"public\".\"jobs\".\"completedAt\" FROM \"public\".\"jobs\" WHERE (\"public\".\"jobs\".\"type\" = CAST($1::text AS \"public\".\"JobType\") AND \"public\".\"jobs\".\"status\" = CAST($2::text AS \"public\".\"JobStatus\") AND \"public\".\"jobs\".\"nextAttemptAt\" <= $3) ORDER BY \"public\".\"jobs\".\"createdAt\" ASC LIMIT $4 OFFSET $5","timestamp":"2026-08-12T09:25:28.242Z"}
{"level":"debug","message":"prisma query (625ms): SELECT \"public\".\"jobs\".\"id\", \"public\".\"jobs\".\"type\"::text, \"public\".\"jobs\".\"status\"::text, \"public\".\"jobs\".\"payload\", \"public\".\"jobs\".\"result\", \"public\".\"jobs\".\"error\", \"public\".\"jobs\".\"attempts\", \"public\".\"jobs\".\"maxAttempts\", \"public\".\"jobs\".\"nextAttemptAt\", \"public\".\"jobs\".\"createdById\", \"public\".\"jobs\".\"createdAt\", \"public\".\"jobs\".\"updatedAt\", \"public\".\"jobs\".\"completedAt\" FROM \"public\".\"jobs\" WHERE (\"public\".\"jobs\".\"type\" = CAST($1::text AS \"public\".\"JobType\") AND \"public\".\"jobs\".\"status\" = CAST($2::text AS \"public\".\"JobStatus\") AND \"public\".\"jobs\".\"nextAttemptAt\" <= $3) ORDER BY \"public\".\"jobs\".\"createdAt\" ASC LIMIT $4 OFFSET $5","timestamp":"2026-08-12T09:25:28.243Z"}
{"level":"debug","message":"prisma query (84ms): COMMIT","timestamp":"2026-08-12T09:25:28.325Z"}
{"level":"debug","message":"prisma query (84ms): COMMIT","timestamp":"2026-08-12T09:25:28.325Z"}
{"level":"debug","message":"prisma query (311ms): BEGIN","timestamp":"2026-08-12T09:25:29.440Z"}
{"level":"debug","message":"prisma query (280ms): BEGIN","timestamp":"2026-08-12T09:25:29.441Z"}
{"level":"debug","message":"prisma query (152ms): DEALLOCATE ALL","timestamp":"2026-08-12T09:25:29.592Z"}
{"level":"debug","message":"prisma query (153ms): DEALLOCATE ALL","timestamp":"2026-08-12T09:25:29.595Z"}
{"level":"debug","message":"prisma query (404ms): SELECT \"public\".\"jobs\".\"id\", \"public\".\"jobs\".\"type\"::text, \"public\".\"jobs\".\"status\"::text, \"public\".\"jobs\".\"payload\", \"public\".\"jobs\".\"result\", \"public\".\"jobs\".\"error\", \"public\".\"jobs\".\"attempts\", \"public\".\"jobs\".\"maxAttempts\", \"public\".\"jobs\".\"nextAttemptAt\", \"public\".\"jobs\".\"createdById\", \"public\".\"jobs\".\"createdAt\", \"public\".\"jobs\".\"updatedAt\", \"public\".\"jobs\".\"completedAt\" FROM \"public\".\"jobs\" WHERE (\"public\".\"jobs\".\"type\" = CAST($1::text AS \"public\".\"JobType\") AND \"public\".\"jobs\".\"status\" = CAST($2::text AS \"public\".\"JobStatus\") AND \"public\".\"jobs\".\"nextAttemptAt\" <= $3) ORDER BY \"public\".\"jobs\".\"createdAt\" ASC LIMIT $4 OFFSET $5","timestamp":"2026-08-12T09:25:29.997Z"}
{"level":"debug","message":"prisma query (403ms): SELECT \"public\".\"jobs\".\"id\", \"public\".\"jobs\".\"type\"::text, \"public\".\"jobs\".\"status\"::text, \"public\".\"jobs\".\"payload\", \"public\".\"jobs\".\"result\", \"public\".\"jobs\".\"error\", \"public\".\"jobs\".\"attempts\", \"public\".\"jobs\".\"maxAttempts\", \"public\".\"jobs\".\"nextAttemptAt\", \"public\".\"jobs\".\"createdById\", \"public\".\"jobs\".\"createdAt\", \"public\".\"jobs\".\"updatedAt\", \"public\".\"jobs\".\"completedAt\" FROM \"public\".\"jobs\" WHERE (\"public\".\"jobs\".\"type\" = CAST($1::text AS \"public\".\"JobType\") AND \"public\".\"jobs\".\"status\" = CAST($2::text AS \"public\".\"JobStatus\") AND \"public\".\"jobs\".\"nextAttemptAt\" <= $3) ORDER BY \"public\".\"jobs\".\"createdAt\" ASC LIMIT $4 OFFSET $5","timestamp":"2026-08-12T09:25:29.999Z"}
{"level":"debug","message":"prisma query (150ms): COMMIT","timestamp":"2026-08-12T09:25:30.147Z"}
{"level":"debug","message":"prisma query (150ms): COMMIT","timestamp":"2026-08-12T09:25:30.148Z"}
{"level":"debug","message":"prisma query (377ms): BEGIN","timestamp":"2026-08-12T09:25:31.543Z"}
{"level":"debug","message":"prisma query (409ms): BEGIN","timestamp":"2026-08-12T09:25:31.544Z"}
{"level":"debug","message":"prisma query (406ms): DEALLOCATE ALL","timestamp":"2026-08-12T09:25:31.950Z"}
{"level":"debug","message":"prisma query (408ms): DEALLOCATE ALL","timestamp":"2026-08-12T09:25:31.951Z"}
{"level":"debug","message":"prisma query (424ms): SELECT \"public\".\"jobs\".\"id\", \"public\".\"jobs\".\"type\"::text, \"public\".\"jobs\".\"status\"::text, \"public\".\"jobs\".\"payload\", \"public\".\"jobs\".\"result\", \"public\".\"jobs\".\"error\", \"public\".\"jobs\".\"attempts\", \"public\".\"jobs\".\"maxAttempts\", \"public\".\"jobs\".\"nextAttemptAt\", \"public\".\"jobs\".\"createdById\", \"public\".\"jobs\".\"createdAt\", \"public\".\"jobs\".\"updatedAt\", \"public\".\"jobs\".\"completedAt\" FROM \"public\".\"jobs\" WHERE (\"public\".\"jobs\".\"type\" = CAST($1::text AS \"public\".\"JobType\") AND \"public\".\"jobs\".\"status\" = CAST($2::text AS \"public\".\"JobStatus\") AND \"public\".\"jobs\".\"nextAttemptAt\" <= $3) ORDER BY \"public\".\"jobs\".\"createdAt\" ASC LIMIT $4 OFFSET $5","timestamp":"2026-08-12T09:25:32.376Z"}
{"level":"debug","message":"prisma query (425ms): SELECT \"public\".\"jobs\".\"id\", \"public\".\"jobs\".\"type\"::text, \"public\".\"jobs\".\"status\"::text, \"public\".\"jobs\".\"payload\", \"public\".\"jobs\".\"result\", \"public\".\"jobs\".\"error\", \"public\".\"jobs\".\"attempts\", \"public\".\"jobs\".\"maxAttempts\", \"public\".\"jobs\".\"nextAttemptAt\", \"public\".\"jobs\".\"createdById\", \"public\".\"jobs\".\"createdAt\", \"public\".\"jobs\".\"updatedAt\", \"public\".\"jobs\".\"completedAt\" FROM \"public\".\"jobs\" WHERE (\"public\".\"jobs\".\"type\" = CAST($1::text AS \"public\".\"JobType\") AND \"public\".\"jobs\".\"status\" = CAST($2::text AS \"public\".\"JobStatus\") AND \"public\".\"jobs\".\"nextAttemptAt\" <= $3) ORDER BY \"public\".\"jobs\".\"createdAt\" ASC LIMIT $4 OFFSET $5","timestamp":"2026-08-12T09:25:32.377Z"}
{"level":"debug","message":"prisma query (340ms): COMMIT","timestamp":"2026-08-12T09:25:32.717Z"}
{"level":"debug","message":"prisma query (340ms): COMMIT","timestamp":"2026-08-12T09:25:32.717Z"}
{"level":"debug","message":"prisma query (441ms): BEGIN","timestamp":"2026-08-12T09:25:33.611Z"}
{"level":"debug","message":"prisma query (473ms): BEGIN","timestamp":"2026-08-12T09:25:33.612Z"}
{"level":"debug","message":"prisma query (167ms): DEALLOCATE ALL","timestamp":"2026-08-12T09:25:33.779Z"}
{"level":"debug","message":"prisma query (168ms): DEALLOCATE ALL","timestamp":"2026-08-12T09:25:33.780Z"}
{"level":"debug","message":"prisma query (346ms): SELECT \"public\".\"jobs\".\"id\", \"public\".\"jobs\".\"type\"::text, \"public\".\"jobs\".\"status\"::text, \"public\".\"jobs\".\"payload\", \"public\".\"jobs\".\"result\", \"public\".\"jobs\".\"error\", \"public\".\"jobs\".\"attempts\", \"public\".\"jobs\".\"maxAttempts\", \"public\".\"jobs\".\"nextAttemptAt\", \"public\".\"jobs\".\"createdById\", \"public\".\"jobs\".\"createdAt\", \"public\".\"jobs\".\"updatedAt\", \"public\".\"jobs\".\"completedAt\" FROM \"public\".\"jobs\" WHERE (\"public\".\"jobs\".\"type\" = CAST($1::text AS \"public\".\"JobType\") AND \"public\".\"jobs\".\"status\" = CAST($2::text AS \"public\".\"JobStatus\") AND \"public\".\"jobs\".\"nextAttemptAt\" <= $3) ORDER BY \"public\".\"jobs\".\"createdAt\" ASC LIMIT $4 OFFSET $5","timestamp":"2026-08-12T09:25:34.126Z"}
{"level":"debug","message":"prisma query (345ms): SELECT \"public\".\"jobs\".\"id\", \"public\".\"jobs\".\"type\"::text, \"public\".\"jobs\".\"status\"::text, \"public\".\"jobs\".\"payload\", \"public\".\"jobs\".\"result\", \"public\".\"jobs\".\"error\", \"public\".\"jobs\".\"attempts\", \"public\".\"jobs\".\"maxAttempts\", \"public\".\"jobs\".\"nextAttemptAt\", \"public\".\"jobs\".\"createdById\", \"public\".\"jobs\".\"createdAt\", \"public\".\"jobs\".\"updatedAt\", \"public\".\"jobs\".\"completedAt\" FROM \"public\".\"jobs\" WHERE (\"public\".\"jobs\".\"type\" = CAST($1::text AS \"public\".\"JobType\") AND \"public\".\"jobs\".\"status\" = CAST($2::text AS \"public\".\"JobStatus\") AND \"public\".\"jobs\".\"nextAttemptAt\" <= $3) ORDER BY \"public\".\"jobs\".\"createdAt\" ASC LIMIT $4 OFFSET $5","timestamp":"2026-08-12T09:25:34.127Z"}
{"level":"debug","message":"prisma query (275ms): COMMIT","timestamp":"2026-08-12T09:25:34.402Z"}
{"level":"debug","message":"prisma query (275ms): COMMIT","timestamp":"2026-08-12T09:25:34.402Z"}
{"level":"debug","message":"prisma query (321ms): BEGIN","timestamp":"2026-08-12T09:25:35.462Z"}
{"level":"debug","message":"prisma query (291ms): BEGIN","timestamp":"2026-08-12T09:25:35.464Z"}
{"level":"debug","message":"prisma query (519ms): DEALLOCATE ALL","timestamp":"2026-08-12T09:25:35.984Z"}
{"level":"debug","message":"prisma query (520ms): DEALLOCATE ALL","timestamp":"2026-08-12T09:25:35.985Z"}
{"level":"debug","message":"prisma query (109ms): SELECT \"public\".\"jobs\".\"id\", \"public\".\"jobs\".\"type\"::text, \"public\".\"jobs\".\"status\"::text, \"public\".\"jobs\".\"payload\", \"public\".\"jobs\".\"result\", \"public\".\"jobs\".\"error\", \"public\".\"jobs\".\"attempts\", \"public\".\"jobs\".\"maxAttempts\", \"public\".\"jobs\".\"nextAttemptAt\", \"public\".\"jobs\".\"createdById\", \"public\".\"jobs\".\"createdAt\", \"public\".\"jobs\".\"updatedAt\", \"public\".\"jobs\".\"completedAt\" FROM \"public\".\"jobs\" WHERE (\"public\".\"jobs\".\"type\" = CAST($1::text AS \"public\".\"JobType\") AND \"public\".\"jobs\".\"status\" = CAST($2::text AS \"public\".\"JobStatus\") AND \"public\".\"jobs\".\"nextAttemptAt\" <= $3) ORDER BY \"public\".\"jobs\".\"createdAt\" ASC LIMIT $4 OFFSET $5","timestamp":"2026-08-12T09:25:36.094Z"}
{"level":"debug","message":"prisma query (133ms): SELECT \"public\".\"jobs\".\"id\", \"public\".\"jobs\".\"type\"::text, \"public\".\"jobs\".\"status\"::text, \"public\".\"jobs\".\"payload\", \"public\".\"jobs\".\"result\", \"public\".\"jobs\".\"error\", \"public\".\"jobs\".\"attempts\", \"public\".\"jobs\".\"maxAttempts\", \"public\".\"jobs\".\"nextAttemptAt\", \"public\".\"jobs\".\"createdById\", \"public\".\"jobs\".\"createdAt\", \"public\".\"jobs\".\"updatedAt\", \"public\".\"jobs\".\"completedAt\" FROM \"public\".\"jobs\" WHERE (\"public\".\"jobs\".\"type\" = CAST($1::text AS \"public\".\"JobType\") AND \"public\".\"jobs\".\"status\" = CAST($2::text AS \"public\".\"JobStatus\") AND \"public\".\"jobs\".\"nextAttemptAt\" <= $3) ORDER BY \"public\".\"jobs\".\"createdAt\" ASC LIMIT $4 OFFSET $5","timestamp":"2026-08-12T09:25:36.119Z"}
{"level":"debug","message":"prisma query (53ms): COMMIT","timestamp":"2026-08-12T09:25:36.147Z"}
{"level":"debug","message":"prisma query (78ms): COMMIT","timestamp":"2026-08-12T09:25:36.197Z"}
{"level":"debug","message":"prisma query (494ms): BEGIN","timestamp":"2026-08-12T09:25:37.677Z"}
{"level":"debug","message":"prisma query (525ms): BEGIN","timestamp":"2026-08-12T09:25:37.678Z"}
{"level":"debug","message":"prisma query (78ms): DEALLOCATE ALL","timestamp":"2026-08-12T09:25:37.756Z"}
{"level":"debug","message":"prisma query (78ms): DEALLOCATE ALL","timestamp":"2026-08-12T09:25:37.756Z"}
{"level":"debug","message":"prisma query (164ms): SELECT \"public\".\"jobs\".\"id\", \"public\".\"jobs\".\"type\"::text, \"public\".\"jobs\".\"status\"::text, \"public\".\"jobs\".\"payload\", \"public\".\"jobs\".\"result\", \"public\".\"jobs\".\"error\", \"public\".\"jobs\".\"attempts\", \"public\".\"jobs\".\"maxAttempts\", \"public\".\"jobs\".\"nextAttemptAt\", \"public\".\"jobs\".\"createdById\", \"public\".\"jobs\".\"createdAt\", \"public\".\"jobs\".\"updatedAt\", \"public\".\"jobs\".\"completedAt\" FROM \"public\".\"jobs\" WHERE (\"public\".\"jobs\".\"type\" = CAST($1::text AS \"public\".\"JobType\") AND \"public\".\"jobs\".\"status\" = CAST($2::text AS \"public\".\"JobStatus\") AND \"public\".\"jobs\".\"nextAttemptAt\" <= $3) ORDER BY \"public\".\"jobs\".\"createdAt\" ASC LIMIT $4 OFFSET $5","timestamp":"2026-08-12T09:25:37.921Z"}
{"level":"debug","message":"prisma query (164ms): SELECT \"public\".\"jobs\".\"id\", \"public\".\"jobs\".\"type\"::text, \"public\".\"jobs\".\"status\"::text, \"public\".\"jobs\".\"payload\", \"public\".\"jobs\".\"result\", \"public\".\"jobs\".\"error\", \"public\".\"jobs\".\"attempts\", \"public\".\"jobs\".\"maxAttempts\", \"public\".\"jobs\".\"nextAttemptAt\", \"public\".\"jobs\".\"createdById\", \"public\".\"jobs\".\"createdAt\", \"public\".\"jobs\".\"updatedAt\", \"public\".\"jobs\".\"completedAt\" FROM \"public\".\"jobs\" WHERE (\"public\".\"jobs\".\"type\" = CAST($1::text AS \"public\".\"JobType\") AND \"public\".\"jobs\".\"status\" = CAST($2::text AS \"public\".\"JobStatus\") AND \"public\".\"jobs\".\"nextAttemptAt\" <= $3) ORDER BY \"public\".\"jobs\".\"createdAt\" ASC LIMIT $4 OFFSET $5","timestamp":"2026-08-12T09:25:37.922Z"}
{"level":"debug","message":"prisma query (38ms): COMMIT","timestamp":"2026-08-12T09:25:37.960Z"}
{"level":"debug","message":"prisma query (40ms): COMMIT","timestamp":"2026-08-12T09:25:37.961Z"}
{"level":"debug","message":"prisma query (423ms): SELECT 1","timestamp":"2026-08-12T09:25:39.581Z"}
{"level":"debug","message":"prisma query (393ms): SELECT 1","timestamp":"2026-08-12T09:25:39.581Z"}
{"level":"debug","message":"prisma query (402ms): BEGIN","timestamp":"2026-08-12T09:25:39.982Z"}
{"level":"debug","message":"prisma query (402ms): BEGIN","timestamp":"2026-08-12T09:25:39.982Z"}
{"level":"debug","message":"prisma query (360ms): DEALLOCATE ALL","timestamp":"2026-08-12T09:25:40.343Z"}
{"level":"debug","message":"prisma query (360ms): DEALLOCATE ALL","timestamp":"2026-08-12T09:25:40.344Z"}
{"level":"debug","message":"prisma query (603ms): SELECT \"public\".\"jobs\".\"id\", \"public\".\"jobs\".\"type\"::text, \"public\".\"jobs\".\"status\"::text, \"public\".\"jobs\".\"payload\", \"public\".\"jobs\".\"result\", \"public\".\"jobs\".\"error\", \"public\".\"jobs\".\"attempts\", \"public\".\"jobs\".\"maxAttempts\", \"public\".\"jobs\".\"nextAttemptAt\", \"public\".\"jobs\".\"createdById\", \"public\".\"jobs\".\"createdAt\", \"public\".\"jobs\".\"updatedAt\", \"public\".\"jobs\".\"completedAt\" FROM \"public\".\"jobs\" WHERE (\"public\".\"jobs\".\"type\" = CAST($1::text AS \"public\".\"JobType\") AND \"public\".\"jobs\".\"status\" = CAST($2::text AS \"public\".\"JobStatus\") AND \"public\".\"jobs\".\"nextAttemptAt\" <= $3) ORDER BY \"public\".\"jobs\".\"createdAt\" ASC LIMIT $4 OFFSET $5","timestamp":"2026-08-12T09:25:40.946Z"}
{"level":"debug","message":"prisma query (602ms): SELECT \"public\".\"jobs\".\"id\", \"public\".\"jobs\".\"type\"::text, \"public\".\"jobs\".\"status\"::text, \"public\".\"jobs\".\"payload\", \"public\".\"jobs\".\"result\", \"public\".\"jobs\".\"error\", \"public\".\"jobs\".\"attempts\", \"public\".\"jobs\".\"maxAttempts\", \"public\".\"jobs\".\"nextAttemptAt\", \"public\".\"jobs\".\"createdById\", \"public\".\"jobs\".\"createdAt\", \"public\".\"jobs\".\"updatedAt\", \"public\".\"jobs\".\"completedAt\" FROM \"public\".\"jobs\" WHERE (\"public\".\"jobs\".\"type\" = CAST($1::text AS \"public\".\"JobType\") AND \"public\".\"jobs\".\"status\" = CAST($2::text AS \"public\".\"JobStatus\") AND \"public\".\"jobs\".\"nextAttemptAt\" <= $3) ORDER BY \"public\".\"jobs\".\"createdAt\" ASC LIMIT $4 OFFSET $5","timestamp":"2026-08-12T09:25:40.946Z"}
{"level":"debug","message":"prisma query (262ms): COMMIT","timestamp":"2026-08-12T09:25:41.209Z"}
{"level":"debug","message":"prisma query (264ms): COMMIT","timestamp":"2026-08-12T09:25:41.211Z"}
{"level":"debug","message":"prisma query (122ms): BEGIN","timestamp":"2026-08-12T09:25:41.359Z"}
{"level":"debug","message":"prisma query (109ms): DEALLOCATE ALL","timestamp":"2026-08-12T09:25:41.442Z"}
{"level":"debug","message":"prisma query (434ms): SELECT \"public\".\"jobs\".\"id\", \"public\".\"jobs\".\"type\"::text, \"public\".\"jobs\".\"status\"::text, \"public\".\"jobs\".\"payload\", \"public\".\"jobs\".\"result\", \"public\".\"jobs\".\"error\", \"public\".\"jobs\".\"attempts\", \"public\".\"jobs\".\"maxAttempts\", \"public\".\"jobs\".\"nextAttemptAt\", \"public\".\"jobs\".\"createdById\", \"public\".\"jobs\".\"createdAt\", \"public\".\"jobs\".\"updatedAt\", \"public\".\"jobs\".\"completedAt\" FROM \"public\".\"jobs\" WHERE (\"public\".\"jobs\".\"type\" = CAST($1::text AS \"public\".\"JobType\") AND \"public\".\"jobs\".\"status\" = CAST($2::text AS \"public\".\"JobStatus\") AND \"public\".\"jobs\".\"nextAttemptAt\" <= $3) ORDER BY \"public\".\"jobs\".\"createdAt\" ASC LIMIT $4 OFFSET $5","timestamp":"2026-08-12T09:25:41.878Z"}
{"level":"debug","message":"prisma query (306ms): COMMIT","timestamp":"2026-08-12T09:25:42.184Z"}
{"level":"debug","message":"prisma query (401ms): BEGIN","timestamp":"2026-08-12T09:25:42.884Z"}
{"level":"debug","message":"prisma query (44ms): DEALLOCATE ALL","timestamp":"2026-08-12T09:25:42.931Z"}
{"level":"debug","message":"prisma query (255ms): SELECT \"public\".\"jobs\".\"id\", \"public\".\"jobs\".\"type\"::text, \"public\".\"jobs\".\"status\"::text, \"public\".\"jobs\".\"payload\", \"public\".\"jobs\".\"result\", \"public\".\"jobs\".\"error\", \"public\".\"jobs\".\"attempts\", \"public\".\"jobs\".\"maxAttempts\", \"public\".\"jobs\".\"nextAttemptAt\", \"public\".\"jobs\".\"createdById\", \"public\".\"jobs\".\"createdAt\", \"public\".\"jobs\".\"updatedAt\", \"public\".\"jobs\".\"completedAt\" FROM \"public\".\"jobs\" WHERE (\"public\".\"jobs\".\"type\" = CAST($1::text AS \"public\".\"JobType\") AND \"public\".\"jobs\".\"status\" = CAST($2::text AS \"public\".\"JobStatus\") AND \"public\".\"jobs\".\"nextAttemptAt\" <= $3) ORDER BY \"public\".\"jobs\".\"createdAt\" ASC LIMIT $4 OFFSET $5","timestamp":"2026-08-12T09:25:43.185Z"}
{"level":"debug","message":"prisma query (56ms): BEGIN","timestamp":"2026-08-12T09:25:43.238Z"}
{"level":"debug","message":"prisma query (54ms): COMMIT","timestamp":"2026-08-12T09:25:43.240Z"}
{"level":"debug","message":"prisma query (516ms): BEGIN","timestamp":"2026-08-12T09:25:43.731Z"}
{"level":"debug","message":"prisma query (490ms): DEALLOCATE ALL","timestamp":"2026-08-12T09:25:43.732Z"}
{"level":"debug","message":"prisma query (297ms): DEALLOCATE ALL","timestamp":"2026-08-12T09:25:44.026Z"}
{"level":"debug","message":"prisma query (358ms): SELECT \"public\".\"jobs\".\"id\", \"public\".\"jobs\".\"type\"::text, \"public\".\"jobs\".\"status\"::text, \"public\".\"jobs\".\"payload\", \"public\".\"jobs\".\"result\", \"public\".\"jobs\".\"error\", \"public\".\"jobs\".\"attempts\", \"public\".\"jobs\".\"maxAttempts\", \"public\".\"jobs\".\"nextAttemptAt\", \"public\".\"jobs\".\"createdById\", \"public\".\"jobs\".\"createdAt\", \"public\".\"jobs\".\"updatedAt\", \"public\".\"jobs\".\"completedAt\" FROM \"public\".\"jobs\" WHERE (\"public\".\"jobs\".\"type\" = CAST($1::text AS \"public\".\"JobType\") AND \"public\".\"jobs\".\"status\" = CAST($2::text AS \"public\".\"JobStatus\") AND \"public\".\"jobs\".\"nextAttemptAt\" <= $3) ORDER BY \"public\".\"jobs\".\"createdAt\" ASC LIMIT $4 OFFSET $5","timestamp":"2026-08-12T09:25:44.096Z"}
{"level":"debug","message":"prisma query (65ms): COMMIT","timestamp":"2026-08-12T09:25:44.188Z"}
{"level":"debug","message":"prisma query (153ms): SELECT \"public\".\"jobs\".\"id\", \"public\".\"jobs\".\"type\"::text, \"public\".\"jobs\".\"status\"::text, \"public\".\"jobs\".\"payload\", \"public\".\"jobs\".\"result\", \"public\".\"jobs\".\"error\", \"public\".\"jobs\".\"attempts\", \"public\".\"jobs\".\"maxAttempts\", \"public\".\"jobs\".\"nextAttemptAt\", \"public\".\"jobs\".\"createdById\", \"public\".\"jobs\".\"createdAt\", \"public\".\"jobs\".\"updatedAt\", \"public\".\"jobs\".\"completedAt\" FROM \"public\".\"jobs\" WHERE (\"public\".\"jobs\".\"type\" = CAST($1::text AS \"public\".\"JobType\") AND \"public\".\"jobs\".\"status\" = CAST($2::text AS \"public\".\"JobStatus\") AND \"public\".\"jobs\".\"nextAttemptAt\" <= $3) ORDER BY \"public\".\"jobs\".\"createdAt\" ASC LIMIT $4 OFFSET $5","timestamp":"2026-08-12T09:25:44.193Z"}
{"level":"debug","message":"prisma query (62ms): COMMIT","timestamp":"2026-08-12T09:25:44.248Z"}
{"level":"debug","message":"prisma query (83ms): BEGIN","timestamp":"2026-08-12T09:25:45.279Z"}
{"level":"debug","message":"prisma query (54ms): BEGIN","timestamp":"2026-08-12T09:25:45.282Z"}
{"level":"debug","message":"prisma query (37ms): DEALLOCATE ALL","timestamp":"2026-08-12T09:25:45.317Z"}
{"level":"debug","message":"prisma query (60ms): DEALLOCATE ALL","timestamp":"2026-08-12T09:25:45.343Z"}
{"level":"debug","message":"prisma query (149ms): SELECT \"public\".\"jobs\".\"id\", \"public\".\"jobs\".\"type\"::text, \"public\".\"jobs\".\"status\"::text, \"public\".\"jobs\".\"payload\", \"public\".\"jobs\".\"result\", \"public\".\"jobs\".\"error\", \"public\".\"jobs\".\"attempts\", \"public\".\"jobs\".\"maxAttempts\", \"public\".\"jobs\".\"nextAttemptAt\", \"public\".\"jobs\".\"createdById\", \"public\".\"jobs\".\"createdAt\", \"public\".\"jobs\".\"updatedAt\", \"public\".\"jobs\".\"completedAt\" FROM \"public\".\"jobs\" WHERE (\"public\".\"jobs\".\"type\" = CAST($1::text AS \"public\".\"JobType\") AND \"public\".\"jobs\".\"status\" = CAST($2::text AS \"public\".\"JobStatus\") AND \"public\".\"jobs\".\"nextAttemptAt\" <= $3) ORDER BY \"public\".\"jobs\".\"createdAt\" ASC LIMIT $4 OFFSET $5","timestamp":"2026-08-12T09:25:45.467Z"}
{"level":"debug","message":"prisma query (123ms): SELECT \"public\".\"jobs\".\"id\", \"public\".\"jobs\".\"type\"::text, \"public\".\"jobs\".\"status\"::text, \"public\".\"jobs\".\"payload\", \"public\".\"jobs\".\"result\", \"public\".\"jobs\".\"error\", \"public\".\"jobs\".\"attempts\", \"public\".\"jobs\".\"maxAttempts\", \"public\".\"jobs\".\"nextAttemptAt\", \"public\".\"jobs\".\"createdById\", \"public\".\"jobs\".\"createdAt\", \"public\".\"jobs\".\"updatedAt\", \"public\".\"jobs\".\"completedAt\" FROM \"public\".\"jobs\" WHERE (\"public\".\"jobs\".\"type\" = CAST($1::text AS \"public\".\"JobType\") AND \"public\".\"jobs\".\"status\" = CAST($2::text AS \"public\".\"JobStatus\") AND \"public\".\"jobs\".\"nextAttemptAt\" <= $3) ORDER BY \"public\".\"jobs\".\"createdAt\" ASC LIMIT $4 OFFSET $5","timestamp":"2026-08-12T09:25:45.468Z"}
{"level":"debug","message":"prisma query (45ms): COMMIT","timestamp":"2026-08-12T09:25:45.512Z"}
{"level":"debug","message":"prisma query (50ms): COMMIT","timestamp":"2026-08-12T09:25:45.517Z"}
{"level":"debug","message":"prisma query (81ms): BEGIN","timestamp":"2026-08-12T09:25:47.277Z"}
{"level":"debug","message":"prisma query (41ms): BEGIN","timestamp":"2026-08-12T09:25:47.284Z"}
{"level":"debug","message":"prisma query (39ms): DEALLOCATE ALL","timestamp":"2026-08-12T09:25:47.317Z"}
{"level":"debug","message":"prisma query (59ms): DEALLOCATE ALL","timestamp":"2026-08-12T09:25:47.346Z"}
{"level":"debug","message":"prisma query (88ms): SELECT \"public\".\"jobs\".\"id\", \"public\".\"jobs\".\"type\"::text, \"public\".\"jobs\".\"status\"::text, \"public\".\"jobs\".\"payload\", \"public\".\"jobs\".\"result\", \"public\".\"jobs\".\"error\", \"public\".\"jobs\".\"attempts\", \"public\".\"jobs\".\"maxAttempts\", \"public\".\"jobs\".\"nextAttemptAt\", \"public\".\"jobs\".\"createdById\", \"public\".\"jobs\".\"createdAt\", \"public\".\"jobs\".\"updatedAt\", \"public\".\"jobs\".\"completedAt\" FROM \"public\".\"jobs\" WHERE (\"public\".\"jobs\".\"type\" = CAST($1::text AS \"public\".\"JobType\") AND \"public\".\"jobs\".\"status\" = CAST($2::text AS \"public\".\"JobStatus\") AND \"public\".\"jobs\".\"nextAttemptAt\" <= $3) ORDER BY \"public\".\"jobs\".\"createdAt\" ASC LIMIT $4 OFFSET $5","timestamp":"2026-08-12T09:25:47.406Z"}
{"level":"debug","message":"prisma query (71ms): COMMIT","timestamp":"2026-08-12T09:25:47.477Z"}
{"level":"debug","message":"prisma query (133ms): SELECT \"public\".\"jobs\".\"id\", \"public\".\"jobs\".\"type\"::text, \"public\".\"jobs\".\"status\"::text, \"public\".\"jobs\".\"payload\", \"public\".\"jobs\".\"result\", \"public\".\"jobs\".\"error\", \"public\".\"jobs\".\"attempts\", \"public\".\"jobs\".\"maxAttempts\", \"public\".\"jobs\".\"nextAttemptAt\", \"public\".\"jobs\".\"createdById\", \"public\".\"jobs\".\"createdAt\", \"public\".\"jobs\".\"updatedAt\", \"public\".\"jobs\".\"completedAt\" FROM \"public\".\"jobs\" WHERE (\"public\".\"jobs\".\"type\" = CAST($1::text AS \"public\".\"JobType\") AND \"public\".\"jobs\".\"status\" = CAST($2::text AS \"public\".\"JobStatus\") AND \"public\".\"jobs\".\"nextAttemptAt\" <= $3) ORDER BY \"public\".\"jobs\".\"createdAt\" ASC LIMIT $4 OFFSET $5","timestamp":"2026-08-12T09:25:47.478Z"}
{"level":"debug","message":"prisma query (49ms): COMMIT","timestamp":"2026-08-12T09:25:47.527Z"}
{"level":"debug","message":"prisma query (61ms): BEGIN","timestamp":"2026-08-12T09:25:49.265Z"}
{"level":"debug","message":"prisma query (329ms): BEGIN","timestamp":"2026-08-12T09:25:49.578Z"}
{"level":"debug","message":"prisma query (315ms): DEALLOCATE ALL","timestamp":"2026-08-12T09:25:49.580Z"}
{"level":"debug","message":"prisma query (105ms): DEALLOCATE ALL","timestamp":"2026-08-12T09:25:49.685Z"}
{"level":"debug","message":"prisma query (406ms): SELECT \"public\".\"jobs\".\"id\", \"public\".\"jobs\".\"type\"::text, \"public\".\"jobs\".\"status\"::text, \"public\".\"jobs\".\"payload\", \"public\".\"jobs\".\"result\", \"public\".\"jobs\".\"error\", \"public\".\"jobs\".\"attempts\", \"public\".\"jobs\".\"maxAttempts\", \"public\".\"jobs\".\"nextAttemptAt\", \"public\".\"jobs\".\"createdById\", \"public\".\"jobs\".\"createdAt\", \"public\".\"jobs\".\"updatedAt\", \"public\".\"jobs\".\"completedAt\" FROM \"public\".\"jobs\" WHERE (\"public\".\"jobs\".\"type\" = CAST($1::text AS \"public\".\"JobType\") AND \"public\".\"jobs\".\"status\" = CAST($2::text AS \"public\".\"JobStatus\") AND \"public\".\"jobs\".\"nextAttemptAt\" <= $3) ORDER BY \"public\".\"jobs\".\"createdAt\" ASC LIMIT $4 OFFSET $5","timestamp":"2026-08-12T09:25:49.985Z"}
{"level":"debug","message":"prisma query (88ms): COMMIT","timestamp":"2026-08-12T09:25:50.076Z"}
{"level":"debug","message":"prisma query (389ms): SELECT \"public\".\"jobs\".\"id\", \"public\".\"jobs\".\"type\"::text, \"public\".\"jobs\".\"status\"::text, \"public\".\"jobs\".\"payload\", \"public\".\"jobs\".\"result\", \"public\".\"jobs\".\"error\", \"public\".\"jobs\".\"attempts\", \"public\".\"jobs\".\"maxAttempts\", \"public\".\"jobs\".\"nextAttemptAt\", \"public\".\"jobs\".\"createdById\", \"public\".\"jobs\".\"createdAt\", \"public\".\"jobs\".\"updatedAt\", \"public\".\"jobs\".\"completedAt\" FROM \"public\".\"jobs\" WHERE (\"public\".\"jobs\".\"type\" = CAST($1::text AS \"public\".\"JobType\") AND \"public\".\"jobs\".\"status\" = CAST($2::text AS \"public\".\"JobStatus\") AND \"public\".\"jobs\".\"nextAttemptAt\" <= $3) ORDER BY \"public\".\"jobs\".\"createdAt\" ASC LIMIT $4 OFFSET $5","timestamp":"2026-08-12T09:25:50.077Z"}
{"level":"debug","message":"prisma query (161ms): COMMIT","timestamp":"2026-08-12T09:25:50.236Z"}
{"level":"debug","message":"prisma query (60ms): BEGIN","timestamp":"2026-08-12T09:25:51.277Z"}
{"level":"debug","message":"prisma query (177ms): BEGIN","timestamp":"2026-08-12T09:25:51.439Z"}
{"level":"debug","message":"prisma query (163ms): DEALLOCATE ALL","timestamp":"2026-08-12T09:25:51.441Z"}
{"level":"debug","message":"prisma query (328ms): DEALLOCATE ALL","timestamp":"2026-08-12T09:25:51.768Z"}
{"level":"debug","message":"prisma query (541ms): SELECT \"public\".\"jobs\".\"id\", \"public\".\"jobs\".\"type\"::text, \"public\".\"jobs\".\"status\"::text, \"public\".\"jobs\".\"payload\", \"public\".\"jobs\".\"result\", \"public\".\"jobs\".\"error\", \"public\".\"jobs\".\"attempts\", \"public\".\"jobs\".\"maxAttempts\", \"public\".\"jobs\".\"nextAttemptAt\", \"public\".\"jobs\".\"createdById\", \"public\".\"jobs\".\"createdAt\", \"public\".\"jobs\".\"updatedAt\", \"public\".\"jobs\".\"completedAt\" FROM \"public\".\"jobs\" WHERE (\"public\".\"jobs\".\"type\" = CAST($1::text AS \"public\".\"JobType\") AND \"public\".\"jobs\".\"status\" = CAST($2::text AS \"public\".\"JobStatus\") AND \"public\".\"jobs\".\"nextAttemptAt\" <= $3) ORDER BY \"public\".\"jobs\".\"createdAt\" ASC LIMIT $4 OFFSET $5","timestamp":"2026-08-12T09:25:51.984Z"}
{"level":"debug","message":"prisma query (106ms): COMMIT","timestamp":"2026-08-12T09:25:52.089Z"}
{"level":"debug","message":"prisma query (320ms): SELECT \"public\".\"jobs\".\"id\", \"public\".\"jobs\".\"type\"::text, \"public\".\"jobs\".\"status\"::text, \"public\".\"jobs\".\"payload\", \"public\".\"jobs\".\"result\", \"public\".\"jobs\".\"error\", \"public\".\"jobs\".\"attempts\", \"public\".\"jobs\".\"maxAttempts\", \"public\".\"jobs\".\"nextAttemptAt\", \"public\".\"jobs\".\"createdById\", \"public\".\"jobs\".\"createdAt\", \"public\".\"jobs\".\"updatedAt\", \"public\".\"jobs\".\"completedAt\" FROM \"public\".\"jobs\" WHERE (\"public\".\"jobs\".\"type\" = CAST($1::text AS \"public\".\"JobType\") AND \"public\".\"jobs\".\"status\" = CAST($2::text AS \"public\".\"JobStatus\") AND \"public\".\"jobs\".\"nextAttemptAt\" <= $3) ORDER BY \"public\".\"jobs\".\"createdAt\" ASC LIMIT $4 OFFSET $5","timestamp":"2026-08-12T09:25:52.090Z"}
{"level":"debug","message":"prisma query (76ms): COMMIT","timestamp":"2026-08-12T09:25:52.166Z"}
{"level":"debug","message":"prisma query (65ms): BEGIN","timestamp":"2026-08-12T09:25:53.282Z"}
{"level":"debug","message":"prisma query (52ms): BEGIN","timestamp":"2026-08-12T09:25:53.317Z"}
{"level":"debug","message":"prisma query (69ms): DEALLOCATE ALL","timestamp":"2026-08-12T09:25:53.352Z"}
{"level":"debug","message":"prisma query (38ms): DEALLOCATE ALL","timestamp":"2026-08-12T09:25:53.355Z"}
{"level":"debug","message":"prisma query (131ms): SELECT \"public\".\"jobs\".\"id\", \"public\".\"jobs\".\"type\"::text, \"public\".\"jobs\".\"status\"::text, \"public\".\"jobs\".\"payload\", \"public\".\"jobs\".\"result\", \"public\".\"jobs\".\"error\", \"public\".\"jobs\".\"attempts\", \"public\".\"jobs\".\"maxAttempts\", \"public\".\"jobs\".\"nextAttemptAt\", \"public\".\"jobs\".\"createdById\", \"public\".\"jobs\".\"createdAt\", \"public\".\"jobs\".\"updatedAt\", \"public\".\"jobs\".\"completedAt\" FROM \"public\".\"jobs\" WHERE (\"public\".\"jobs\".\"type\" = CAST($1::text AS \"public\".\"JobType\") AND \"public\".\"jobs\".\"status\" = CAST($2::text AS \"public\".\"JobStatus\") AND \"public\".\"jobs\".\"nextAttemptAt\" <= $3) ORDER BY \"public\".\"jobs\".\"createdAt\" ASC LIMIT $4 OFFSET $5","timestamp":"2026-08-12T09:25:53.484Z"}
{"level":"debug","message":"prisma query (138ms): SELECT \"public\".\"jobs\".\"id\", \"public\".\"jobs\".\"type\"::text, \"public\".\"jobs\".\"status\"::text, \"public\".\"jobs\".\"payload\", \"public\".\"jobs\".\"result\", \"public\".\"jobs\".\"error\", \"public\".\"jobs\".\"attempts\", \"public\".\"jobs\".\"maxAttempts\", \"public\".\"jobs\".\"nextAttemptAt\", \"public\".\"jobs\".\"createdById\", \"public\".\"jobs\".\"createdAt\", \"public\".\"jobs\".\"updatedAt\", \"public\".\"jobs\".\"completedAt\" FROM \"public\".\"jobs\" WHERE (\"public\".\"jobs\".\"type\" = CAST($1::text AS \"public\".\"JobType\") AND \"public\".\"jobs\".\"status\" = CAST($2::text AS \"public\".\"JobStatus\") AND \"public\".\"jobs\".\"nextAttemptAt\" <= $3) ORDER BY \"public\".\"jobs\".\"createdAt\" ASC LIMIT $4 OFFSET $5","timestamp":"2026-08-12T09:25:53.494Z"}
{"level":"debug","message":"prisma query (66ms): COMMIT","timestamp":"2026-08-12T09:25:53.551Z"}
{"level":"debug","message":"prisma query (61ms): COMMIT","timestamp":"2026-08-12T09:25:53.555Z"}
{"level":"debug","message":"prisma query (310ms): SELECT 1","timestamp":"2026-08-12T09:25:55.588Z"}
{"level":"debug","message":"prisma query (359ms): SELECT 1","timestamp":"2026-08-12T09:25:55.592Z"}
{"level":"debug","message":"prisma query (368ms): BEGIN","timestamp":"2026-08-12T09:25:55.962Z"}
{"level":"debug","message":"prisma query (372ms): BEGIN","timestamp":"2026-08-12T09:25:55.962Z"}
{"level":"debug","message":"prisma query (159ms): DEALLOCATE ALL","timestamp":"2026-08-12T09:25:56.121Z"}
{"level":"debug","message":"prisma query (160ms): DEALLOCATE ALL","timestamp":"2026-08-12T09:25:56.122Z"}
{"level":"debug","message":"prisma query (624ms): SELECT \"public\".\"jobs\".\"id\", \"public\".\"jobs\".\"type\"::text, \"public\".\"jobs\".\"status\"::text, \"public\".\"jobs\".\"payload\", \"public\".\"jobs\".\"result\", \"public\".\"jobs\".\"error\", \"public\".\"jobs\".\"attempts\", \"public\".\"jobs\".\"maxAttempts\", \"public\".\"jobs\".\"nextAttemptAt\", \"public\".\"jobs\".\"createdById\", \"public\".\"jobs\".\"createdAt\", \"public\".\"jobs\".\"updatedAt\", \"public\".\"jobs\".\"completedAt\" FROM \"public\".\"jobs\" WHERE (\"public\".\"jobs\".\"type\" = CAST($1::text AS \"public\".\"JobType\") AND \"public\".\"jobs\".\"status\" = CAST($2::text AS \"public\".\"JobStatus\") AND \"public\".\"jobs\".\"nextAttemptAt\" <= $3) ORDER BY \"public\".\"jobs\".\"createdAt\" ASC LIMIT $4 OFFSET $5","timestamp":"2026-08-12T09:25:56.747Z"}
{"level":"debug","message":"prisma query (624ms): SELECT \"public\".\"jobs\".\"id\", \"public\".\"jobs\".\"type\"::text, \"public\".\"jobs\".\"status\"::text, \"public\".\"jobs\".\"payload\", \"public\".\"jobs\".\"result\", \"public\".\"jobs\".\"error\", \"public\".\"jobs\".\"attempts\", \"public\".\"jobs\".\"maxAttempts\", \"public\".\"jobs\".\"nextAttemptAt\", \"public\".\"jobs\".\"createdById\", \"public\".\"jobs\".\"createdAt\", \"public\".\"jobs\".\"updatedAt\", \"public\".\"jobs\".\"completedAt\" FROM \"public\".\"jobs\" WHERE (\"public\".\"jobs\".\"type\" = CAST($1::text AS \"public\".\"JobType\") AND \"public\".\"jobs\".\"status\" = CAST($2::text AS \"public\".\"JobStatus\") AND \"public\".\"jobs\".\"nextAttemptAt\" <= $3) ORDER BY \"public\".\"jobs\".\"createdAt\" ASC LIMIT $4 OFFSET $5","timestamp":"2026-08-12T09:25:56.747Z"}
{"level":"debug","message":"prisma query (86ms): COMMIT","timestamp":"2026-08-12T09:25:56.833Z"}
{"level":"debug","message":"prisma query (86ms): COMMIT","timestamp":"2026-08-12T09:25:56.834Z"}
{"level":"debug","message":"prisma query (56ms): BEGIN","timestamp":"2026-08-12T09:25:57.302Z"}
{"level":"debug","message":"prisma query (319ms): BEGIN","timestamp":"2026-08-12T09:25:57.609Z"}
{"level":"debug","message":"prisma query (306ms): DEALLOCATE ALL","timestamp":"2026-08-12T09:25:57.610Z"}
{"level":"debug","message":"prisma query (138ms): DEALLOCATE ALL","timestamp":"2026-08-12T09:25:57.747Z"}
{"level":"debug","message":"prisma query (446ms): SELECT \"public\".\"jobs\".\"id\", \"public\".\"jobs\".\"type\"::text, \"public\".\"jobs\".\"status\"::text, \"public\".\"jobs\".\"payload\", \"public\".\"jobs\".\"result\", \"public\".\"jobs\".\"error\", \"public\".\"jobs\".\"attempts\", \"public\".\"jobs\".\"maxAttempts\", \"public\".\"jobs\".\"nextAttemptAt\", \"public\".\"jobs\".\"createdById\", \"public\".\"jobs\".\"createdAt\", \"public\".\"jobs\".\"updatedAt\", \"public\".\"jobs\".\"completedAt\" FROM \"public\".\"jobs\" WHERE (\"public\".\"jobs\".\"type\" = CAST($1::text AS \"public\".\"JobType\") AND \"public\".\"jobs\".\"status\" = CAST($2::text AS \"public\".\"JobStatus\") AND \"public\".\"jobs\".\"nextAttemptAt\" <= $3) ORDER BY \"public\".\"jobs\".\"createdAt\" ASC LIMIT $4 OFFSET $5","timestamp":"2026-08-12T09:25:58.056Z"}
{"level":"debug","message":"prisma query (679ms): COMMIT","timestamp":"2026-08-12T09:25:58.736Z"}
{"level":"debug","message":"prisma query (988ms): SELECT \"public\".\"jobs\".\"id\", \"public\".\"jobs\".\"type\"::text, \"public\".\"jobs\".\"status\"::text, \"public\".\"jobs\".\"payload\", \"public\".\"jobs\".\"result\", \"public\".\"jobs\".\"error\", \"public\".\"jobs\".\"attempts\", \"public\".\"jobs\".\"maxAttempts\", \"public\".\"jobs\".\"nextAttemptAt\", \"public\".\"jobs\".\"createdById\", \"public\".\"jobs\".\"createdAt\", \"public\".\"jobs\".\"updatedAt\", \"public\".\"jobs\".\"completedAt\" FROM \"public\".\"jobs\" WHERE (\"public\".\"jobs\".\"type\" = CAST($1::text AS \"public\".\"JobType\") AND \"public\".\"jobs\".\"status\" = CAST($2::text AS \"public\".\"JobStatus\") AND \"public\".\"jobs\".\"nextAttemptAt\" <= $3) ORDER BY \"public\".\"jobs\".\"createdAt\" ASC LIMIT $4 OFFSET $5","timestamp":"2026-08-12T09:25:58.737Z"}
{"level":"debug","message":"prisma query (64ms): COMMIT","timestamp":"2026-08-12T09:25:58.858Z"}
{"level":"debug","message":"prisma query (54ms): BEGIN","timestamp":"2026-08-12T09:25:59.316Z"}
{"level":"debug","message":"prisma query (41ms): DEALLOCATE ALL","timestamp":"2026-08-12T09:25:59.355Z"}
{"level":"debug","message":"prisma query (65ms): BEGIN","timestamp":"2026-08-12T09:25:59.355Z"}
{"level":"debug","message":"prisma query (41ms): DEALLOCATE ALL","timestamp":"2026-08-12T09:25:59.396Z"}
{"level":"debug","message":"prisma query (126ms): SELECT \"public\".\"jobs\".\"id\", \"public\".\"jobs\".\"type\"::text, \"public\".\"jobs\".\"status\"::text, \"public\".\"jobs\".\"payload\", \"public\".\"jobs\".\"result\", \"public\".\"jobs\".\"error\", \"public\".\"jobs\".\"attempts\", \"public\".\"jobs\".\"maxAttempts\", \"public\".\"jobs\".\"nextAttemptAt\", \"public\".\"jobs\".\"createdById\", \"public\".\"jobs\".\"createdAt\", \"public\".\"jobs\".\"updatedAt\", \"public\".\"jobs\".\"completedAt\" FROM \"public\".\"jobs\" WHERE (\"public\".\"jobs\".\"type\" = CAST($1::text AS \"public\".\"JobType\") AND \"public\".\"jobs\".\"status\" = CAST($2::text AS \"public\".\"JobStatus\") AND \"public\".\"jobs\".\"nextAttemptAt\" <= $3) ORDER BY \"public\".\"jobs\".\"createdAt\" ASC LIMIT $4 OFFSET $5","timestamp":"2026-08-12T09:25:59.482Z"}
{"level":"debug","message":"prisma query (68ms): COMMIT","timestamp":"2026-08-12T09:25:59.551Z"}
{"level":"debug","message":"prisma query (165ms): SELECT \"public\".\"jobs\".\"id\", \"public\".\"jobs\".\"type\"::text, \"public\".\"jobs\".\"status\"::text, \"public\".\"jobs\".\"payload\", \"public\".\"jobs\".\"result\", \"public\".\"jobs\".\"error\", \"public\".\"jobs\".\"attempts\", \"public\".\"jobs\".\"maxAttempts\", \"public\".\"jobs\".\"nextAttemptAt\", \"public\".\"jobs\".\"createdById\", \"public\".\"jobs\".\"createdAt\", \"public\".\"jobs\".\"updatedAt\", \"public\".\"jobs\".\"completedAt\" FROM \"public\".\"jobs\" WHERE (\"public\".\"jobs\".\"type\" = CAST($1::text AS \"public\".\"JobType\") AND \"public\".\"jobs\".\"status\" = CAST($2::text AS \"public\".\"JobStatus\") AND \"public\".\"jobs\".\"nextAttemptAt\" <= $3) ORDER BY \"public\".\"jobs\".\"createdAt\" ASC LIMIT $4 OFFSET $5","timestamp":"2026-08-12T09:25:59.563Z"}
{"level":"debug","message":"prisma query (74ms): COMMIT","timestamp":"2026-08-12T09:25:59.638Z"}
{"level":"debug","message":"prisma query (68ms): BEGIN","timestamp":"2026-08-12T09:26:01.364Z"}
{"level":"debug","message":"prisma query (99ms): BEGIN","timestamp":"2026-08-12T09:26:01.366Z"}
{"level":"debug","message":"prisma query (219ms): DEALLOCATE ALL","timestamp":"2026-08-12T09:26:01.580Z"}
{"level":"debug","message":"prisma query (219ms): DEALLOCATE ALL","timestamp":"2026-08-12T09:26:01.581Z"}
{"level":"debug","message":"prisma query (339ms): SELECT \"public\".\"jobs\".\"id\", \"public\".\"jobs\".\"type\"::text, \"public\".\"jobs\".\"status\"::text, \"public\".\"jobs\".\"payload\", \"public\".\"jobs\".\"result\", \"public\".\"jobs\".\"error\", \"public\".\"jobs\".\"attempts\", \"public\".\"jobs\".\"maxAttempts\", \"public\".\"jobs\".\"nextAttemptAt\", \"public\".\"jobs\".\"createdById\", \"public\".\"jobs\".\"createdAt\", \"public\".\"jobs\".\"updatedAt\", \"public\".\"jobs\".\"completedAt\" FROM \"public\".\"jobs\" WHERE (\"public\".\"jobs\".\"type\" = CAST($1::text AS \"public\".\"JobType\") AND \"public\".\"jobs\".\"status\" = CAST($2::text AS \"public\".\"JobStatus\") AND \"public\".\"jobs\".\"nextAttemptAt\" <= $3) ORDER BY \"public\".\"jobs\".\"createdAt\" ASC LIMIT $4 OFFSET $5","timestamp":"2026-08-12T09:26:01.921Z"}
{"level":"debug","message":"prisma query (340ms): SELECT \"public\".\"jobs\".\"id\", \"public\".\"jobs\".\"type\"::text, \"public\".\"jobs\".\"status\"::text, \"public\".\"jobs\".\"payload\", \"public\".\"jobs\".\"result\", \"public\".\"jobs\".\"error\", \"public\".\"jobs\".\"attempts\", \"public\".\"jobs\".\"maxAttempts\", \"public\".\"jobs\".\"nextAttemptAt\", \"public\".\"jobs\".\"createdById\", \"public\".\"jobs\".\"createdAt\", \"public\".\"jobs\".\"updatedAt\", \"public\".\"jobs\".\"completedAt\" FROM \"public\".\"jobs\" WHERE (\"public\".\"jobs\".\"type\" = CAST($1::text AS \"public\".\"JobType\") AND \"public\".\"jobs\".\"status\" = CAST($2::text AS \"public\".\"JobStatus\") AND \"public\".\"jobs\".\"nextAttemptAt\" <= $3) ORDER BY \"public\".\"jobs\".\"createdAt\" ASC LIMIT $4 OFFSET $5","timestamp":"2026-08-12T09:26:01.921Z"}
{"level":"debug","message":"prisma query (133ms): COMMIT","timestamp":"2026-08-12T09:26:02.054Z"}
{"level":"debug","message":"prisma query (133ms): COMMIT","timestamp":"2026-08-12T09:26:02.055Z"}
{"level":"debug","message":"prisma query (54ms): BEGIN","timestamp":"2026-08-12T09:26:03.316Z"}
{"level":"debug","message":"prisma query (53ms): BEGIN","timestamp":"2026-08-12T09:26:03.346Z"}
{"level":"debug","message":"prisma query (35ms): DEALLOCATE ALL","timestamp":"2026-08-12T09:26:03.352Z"}
{"level":"debug","message":"prisma query (38ms): DEALLOCATE ALL","timestamp":"2026-08-12T09:26:03.385Z"}
{"level":"debug","message":"prisma query (109ms): SELECT \"public\".\"jobs\".\"id\", \"public\".\"jobs\".\"type\"::text, \"public\".\"jobs\".\"status\"::text, \"public\".\"jobs\".\"payload\", \"public\".\"jobs\".\"result\", \"public\".\"jobs\".\"error\", \"public\".\"jobs\".\"attempts\", \"public\".\"jobs\".\"maxAttempts\", \"public\".\"jobs\".\"nextAttemptAt\", \"public\".\"jobs\".\"createdById\", \"public\".\"jobs\".\"createdAt\", \"public\".\"jobs\".\"updatedAt\", \"public\".\"jobs\".\"completedAt\" FROM \"public\".\"jobs\" WHERE (\"public\".\"jobs\".\"type\" = CAST($1::text AS \"public\".\"JobType\") AND \"public\".\"jobs\".\"status\" = CAST($2::text AS \"public\".\"JobStatus\") AND \"public\".\"jobs\".\"nextAttemptAt\" <= $3) ORDER BY \"public\".\"jobs\".\"createdAt\" ASC LIMIT $4 OFFSET $5","timestamp":"2026-08-12T09:26:03.462Z"}
{"level":"debug","message":"prisma query (68ms): COMMIT","timestamp":"2026-08-12T09:26:03.531Z"}
{"level":"debug","message":"prisma query (145ms): SELECT \"public\".\"jobs\".\"id\", \"public\".\"jobs\".\"type\"::text, \"public\".\"jobs\".\"status\"::text, \"public\".\"jobs\".\"payload\", \"public\".\"jobs\".\"result\", \"public\".\"jobs\".\"error\", \"public\".\"jobs\".\"attempts\", \"public\".\"jobs\".\"maxAttempts\", \"public\".\"jobs\".\"nextAttemptAt\", \"public\".\"jobs\".\"createdById\", \"public\".\"jobs\".\"createdAt\", \"public\".\"jobs\".\"updatedAt\", \"public\".\"jobs\".\"completedAt\" FROM \"public\".\"jobs\" WHERE (\"public\".\"jobs\".\"type\" = CAST($1::text AS \"public\".\"JobType\") AND \"public\".\"jobs\".\"status\" = CAST($2::text AS \"public\".\"JobStatus\") AND \"public\".\"jobs\".\"nextAttemptAt\" <= $3) ORDER BY \"public\".\"jobs\".\"createdAt\" ASC LIMIT $4 OFFSET $5","timestamp":"2026-08-12T09:26:03.531Z"}
{"level":"debug","message":"prisma query (64ms): COMMIT","timestamp":"2026-08-12T09:26:03.596Z"}
{"level":"debug","message":"prisma query (345ms): BEGIN","timestamp":"2026-08-12T09:26:05.608Z"}
{"level":"debug","message":"prisma query (316ms): DEALLOCATE ALL","timestamp":"2026-08-12T09:26:05.927Z"}
{"level":"debug","message":"prisma query (631ms): BEGIN","timestamp":"2026-08-12T09:26:05.928Z"}
{"level":"debug","message":"prisma query (109ms): DEALLOCATE ALL","timestamp":"2026-08-12T09:26:06.035Z"}
{"level":"debug","message":"prisma query (204ms): SELECT \"public\".\"jobs\".\"id\", \"public\".\"jobs\".\"type\"::text, \"public\".\"jobs\".\"status\"::text, \"public\".\"jobs\".\"payload\", \"public\".\"jobs\".\"result\", \"public\".\"jobs\".\"error\", \"public\".\"jobs\".\"attempts\", \"public\".\"jobs\".\"maxAttempts\", \"public\".\"jobs\".\"nextAttemptAt\", \"public\".\"jobs\".\"createdById\", \"public\".\"jobs\".\"createdAt\", \"public\".\"jobs\".\"updatedAt\", \"public\".\"jobs\".\"completedAt\" FROM \"public\".\"jobs\" WHERE (\"public\".\"jobs\".\"type\" = CAST($1::text AS \"public\".\"JobType\") AND \"public\".\"jobs\".\"status\" = CAST($2::text AS \"public\".\"JobStatus\") AND \"public\".\"jobs\".\"nextAttemptAt\" <= $3) ORDER BY \"public\".\"jobs\".\"createdAt\" ASC LIMIT $4 OFFSET $5","timestamp":"2026-08-12T09:26:06.131Z"}
{"level":"debug","message":"prisma query (126ms): COMMIT","timestamp":"2026-08-12T09:26:06.258Z"}
{"level":"debug","message":"prisma query (222ms): SELECT \"public\".\"jobs\".\"id\", \"public\".\"jobs\".\"type\"::text, \"public\".\"jobs\".\"status\"::text, \"public\".\"jobs\".\"payload\", \"public\".\"jobs\".\"result\", \"public\".\"jobs\".\"error\", \"public\".\"jobs\".\"attempts\", \"public\".\"jobs\".\"maxAttempts\", \"public\".\"jobs\".\"nextAttemptAt\", \"public\".\"jobs\".\"createdById\", \"public\".\"jobs\".\"createdAt\", \"public\".\"jobs\".\"updatedAt\", \"public\".\"jobs\".\"completedAt\" FROM \"public\".\"jobs\" WHERE (\"public\".\"jobs\".\"type\" = CAST($1::text AS \"public\".\"JobType\") AND \"public\".\"jobs\".\"status\" = CAST($2::text AS \"public\".\"JobStatus\") AND \"public\".\"jobs\".\"nextAttemptAt\" <= $3) ORDER BY \"public\".\"jobs\".\"createdAt\" ASC LIMIT $4 OFFSET $5","timestamp":"2026-08-12T09:26:06.258Z"}
{"level":"debug","message":"prisma query (62ms): COMMIT","timestamp":"2026-08-12T09:26:06.320Z"}
{"level":"debug","message":"prisma query (315ms): BEGIN","timestamp":"2026-08-12T09:26:07.583Z"}
{"level":"debug","message":"prisma query (285ms): BEGIN","timestamp":"2026-08-12T09:26:07.585Z"}
{"level":"debug","message":"prisma query (308ms): DEALLOCATE ALL","timestamp":"2026-08-12T09:26:07.890Z"}
{"level":"debug","message":"prisma query (308ms): DEALLOCATE ALL","timestamp":"2026-08-12T09:26:07.891Z"}
{"level":"debug","message":"prisma query (175ms): SELECT \"public\".\"jobs\".\"id\", \"public\".\"jobs\".\"type\"::text, \"public\".\"jobs\".\"status\"::text, \"public\".\"jobs\".\"payload\", \"public\".\"jobs\".\"result\", \"public\".\"jobs\".\"error\", \"public\".\"jobs\".\"attempts\", \"public\".\"jobs\".\"maxAttempts\", \"public\".\"jobs\".\"nextAttemptAt\", \"public\".\"jobs\".\"createdById\", \"public\".\"jobs\".\"createdAt\", \"public\".\"jobs\".\"updatedAt\", \"public\".\"jobs\".\"completedAt\" FROM \"public\".\"jobs\" WHERE (\"public\".\"jobs\".\"type\" = CAST($1::text AS \"public\".\"JobType\") AND \"public\".\"jobs\".\"status\" = CAST($2::text AS \"public\".\"JobStatus\") AND \"public\".\"jobs\".\"nextAttemptAt\" <= $3) ORDER BY \"public\".\"jobs\".\"createdAt\" ASC LIMIT $4 OFFSET $5","timestamp":"2026-08-12T09:26:08.067Z"}
{"level":"debug","message":"prisma query (176ms): SELECT \"public\".\"jobs\".\"id\", \"public\".\"jobs\".\"type\"::text, \"public\".\"jobs\".\"status\"::text, \"public\".\"jobs\".\"payload\", \"public\".\"jobs\".\"result\", \"public\".\"jobs\".\"error\", \"public\".\"jobs\".\"attempts\", \"public\".\"jobs\".\"maxAttempts\", \"public\".\"jobs\".\"nextAttemptAt\", \"public\".\"jobs\".\"createdById\", \"public\".\"jobs\".\"createdAt\", \"public\".\"jobs\".\"updatedAt\", \"public\".\"jobs\".\"completedAt\" FROM \"public\".\"jobs\" WHERE (\"public\".\"jobs\".\"type\" = CAST($1::text AS \"public\".\"JobType\") AND \"public\".\"jobs\".\"status\" = CAST($2::text AS \"public\".\"JobStatus\") AND \"public\".\"jobs\".\"nextAttemptAt\" <= $3) ORDER BY \"public\".\"jobs\".\"createdAt\" ASC LIMIT $4 OFFSET $5","timestamp":"2026-08-12T09:26:08.067Z"}
{"level":"debug","message":"prisma query (91ms): COMMIT","timestamp":"2026-08-12T09:26:08.159Z"}
{"level":"debug","message":"prisma query (91ms): COMMIT","timestamp":"2026-08-12T09:26:08.159Z"}
{"level":"debug","message":"prisma query (81ms): BEGIN","timestamp":"2026-08-12T09:26:09.362Z"}
{"level":"debug","message":"prisma query (53ms): BEGIN","timestamp":"2026-08-12T09:26:09.365Z"}
{"level":"debug","message":"prisma query (32ms): DEALLOCATE ALL","timestamp":"2026-08-12T09:26:09.395Z"}
{"level":"debug","message":"prisma query (70ms): DEALLOCATE ALL","timestamp":"2026-08-12T09:26:09.436Z"}
{"level":"debug","message":"prisma query (101ms): SELECT \"public\".\"jobs\".\"id\", \"public\".\"jobs\".\"type\"::text, \"public\".\"jobs\".\"status\"::text, \"public\".\"jobs\".\"payload\", \"public\".\"jobs\".\"result\", \"public\".\"jobs\".\"error\", \"public\".\"jobs\".\"attempts\", \"public\".\"jobs\".\"maxAttempts\", \"public\".\"jobs\".\"nextAttemptAt\", \"public\".\"jobs\".\"createdById\", \"public\".\"jobs\".\"createdAt\", \"public\".\"jobs\".\"updatedAt\", \"public\".\"jobs\".\"completedAt\" FROM \"public\".\"jobs\" WHERE (\"public\".\"jobs\".\"type\" = CAST($1::text AS \"public\".\"JobType\") AND \"public\".\"jobs\".\"status\" = CAST($2::text AS \"public\".\"JobStatus\") AND \"public\".\"jobs\".\"nextAttemptAt\" <= $3) ORDER BY \"public\".\"jobs\".\"createdAt\" ASC LIMIT $4 OFFSET $5","timestamp":"2026-08-12T09:26:09.496Z"}
{"level":"debug","message":"prisma query (91ms): SELECT \"public\".\"jobs\".\"id\", \"public\".\"jobs\".\"type\"::text, \"public\".\"jobs\".\"status\"::text, \"public\".\"jobs\".\"payload\", \"public\".\"jobs\".\"result\", \"public\".\"jobs\".\"error\", \"public\".\"jobs\".\"attempts\", \"public\".\"jobs\".\"maxAttempts\", \"public\".\"jobs\".\"nextAttemptAt\", \"public\".\"jobs\".\"createdById\", \"public\".\"jobs\".\"createdAt\", \"public\".\"jobs\".\"updatedAt\", \"public\".\"jobs\".\"completedAt\" FROM \"public\".\"jobs\" WHERE (\"public\".\"jobs\".\"type\" = CAST($1::text AS \"public\".\"JobType\") AND \"public\".\"jobs\".\"status\" = CAST($2::text AS \"public\".\"JobStatus\") AND \"public\".\"jobs\".\"nextAttemptAt\" <= $3) ORDER BY \"public\".\"jobs\".\"createdAt\" ASC LIMIT $4 OFFSET $5","timestamp":"2026-08-12T09:26:09.531Z"}
{"level":"debug","message":"prisma query (60ms): COMMIT","timestamp":"2026-08-12T09:26:09.561Z"}
{"level":"debug","message":"prisma query (81ms): COMMIT","timestamp":"2026-08-12T09:26:09.612Z"}
{"level":"debug","message":"prisma query (357ms): SELECT 1","timestamp":"2026-08-12T09:26:11.704Z"}
{"level":"debug","message":"prisma query (326ms): SELECT 1","timestamp":"2026-08-12T09:26:11.706Z"}
{"level":"debug","message":"prisma query (314ms): BEGIN","timestamp":"2026-08-12T09:26:11.962Z"}
{"level":"debug","message":"prisma query (314ms): BEGIN","timestamp":"2026-08-12T09:26:11.963Z"}
{"level":"debug","message":"prisma query (312ms): DEALLOCATE ALL","timestamp":"2026-08-12T09:26:12.275Z"}
{"level":"debug","message":"prisma query (313ms): DEALLOCATE ALL","timestamp":"2026-08-12T09:26:12.276Z"}
{"level":"debug","message":"prisma query (624ms): SELECT \"public\".\"jobs\".\"id\", \"public\".\"jobs\".\"type\"::text, \"public\".\"jobs\".\"status\"::text, \"public\".\"jobs\".\"payload\", \"public\".\"jobs\".\"result\", \"public\".\"jobs\".\"error\", \"public\".\"jobs\".\"attempts\", \"public\".\"jobs\".\"maxAttempts\", \"public\".\"jobs\".\"nextAttemptAt\", \"public\".\"jobs\".\"createdById\", \"public\".\"jobs\".\"createdAt\", \"public\".\"jobs\".\"updatedAt\", \"public\".\"jobs\".\"completedAt\" FROM \"public\".\"jobs\" WHERE (\"public\".\"jobs\".\"type\" = CAST($1::text AS \"public\".\"JobType\") AND \"public\".\"jobs\".\"status\" = CAST($2::text AS \"public\".\"JobStatus\") AND \"public\".\"jobs\".\"nextAttemptAt\" <= $3) ORDER BY \"public\".\"jobs\".\"createdAt\" ASC LIMIT $4 OFFSET $5","timestamp":"2026-08-12T09:26:12.900Z"}
{"level":"debug","message":"prisma query (623ms): SELECT \"public\".\"jobs\".\"id\", \"public\".\"jobs\".\"type\"::text, \"public\".\"jobs\".\"status\"::text, \"public\".\"jobs\".\"payload\", \"public\".\"jobs\".\"result\", \"public\".\"jobs\".\"error\", \"public\".\"jobs\".\"attempts\", \"public\".\"jobs\".\"maxAttempts\", \"public\".\"jobs\".\"nextAttemptAt\", \"public\".\"jobs\".\"createdById\", \"public\".\"jobs\".\"createdAt\", \"public\".\"jobs\".\"updatedAt\", \"public\".\"jobs\".\"completedAt\" FROM \"public\".\"jobs\" WHERE (\"public\".\"jobs\".\"type\" = CAST($1::text AS \"public\".\"JobType\") AND \"public\".\"jobs\".\"status\" = CAST($2::text AS \"public\".\"JobStatus\") AND \"public\".\"jobs\".\"nextAttemptAt\" <= $3) ORDER BY \"public\".\"jobs\".\"createdAt\" ASC LIMIT $4 OFFSET $5","timestamp":"2026-08-12T09:26:12.902Z"}
{"level":"debug","message":"prisma query (311ms): COMMIT","timestamp":"2026-08-12T09:26:13.212Z"}
{"level":"debug","message":"prisma query (311ms): COMMIT","timestamp":"2026-08-12T09:26:13.213Z"}
{"level":"debug","message":"prisma query (296ms): BEGIN","timestamp":"2026-08-12T09:26:13.619Z"}
{"level":"debug","message":"prisma query (313ms): BEGIN","timestamp":"2026-08-12T09:26:13.619Z"}
{"level":"debug","message":"prisma query (313ms): DEALLOCATE ALL","timestamp":"2026-08-12T09:26:13.933Z"}
{"level":"debug","message":"prisma query (314ms): DEALLOCATE ALL","timestamp":"2026-08-12T09:26:13.934Z"}
{"level":"debug","message":"prisma query (295ms): SELECT \"public\".\"jobs\".\"id\", \"public\".\"jobs\".\"type\"::text, \"public\".\"jobs\".\"status\"::text, \"public\".\"jobs\".\"payload\", \"public\".\"jobs\".\"result\", \"public\".\"jobs\".\"error\", \"public\".\"jobs\".\"attempts\", \"public\".\"jobs\".\"maxAttempts\", \"public\".\"jobs\".\"nextAttemptAt\", \"public\".\"jobs\".\"createdById\", \"public\".\"jobs\".\"createdAt\", \"public\".\"jobs\".\"updatedAt\", \"public\".\"jobs\".\"completedAt\" FROM \"public\".\"jobs\" WHERE (\"public\".\"jobs\".\"type\" = CAST($1::text AS \"public\".\"JobType\") AND \"public\".\"jobs\".\"status\" = CAST($2::text AS \"public\".\"JobStatus\") AND \"public\".\"jobs\".\"nextAttemptAt\" <= $3) ORDER BY \"public\".\"jobs\".\"createdAt\" ASC LIMIT $4 OFFSET $5","timestamp":"2026-08-12T09:26:14.230Z"}
{"level":"debug","message":"prisma query (294ms): SELECT \"public\".\"jobs\".\"id\", \"public\".\"jobs\".\"type\"::text, \"public\".\"jobs\".\"status\"::text, \"public\".\"jobs\".\"payload\", \"public\".\"jobs\".\"result\", \"public\".\"jobs\".\"error\", \"public\".\"jobs\".\"attempts\", \"public\".\"jobs\".\"maxAttempts\", \"public\".\"jobs\".\"nextAttemptAt\", \"public\".\"jobs\".\"createdById\", \"public\".\"jobs\".\"createdAt\", \"public\".\"jobs\".\"updatedAt\", \"public\".\"jobs\".\"completedAt\" FROM \"public\".\"jobs\" WHERE (\"public\".\"jobs\".\"type\" = CAST($1::text AS \"public\".\"JobType\") AND \"public\".\"jobs\".\"status\" = CAST($2::text AS \"public\".\"JobStatus\") AND \"public\".\"jobs\".\"nextAttemptAt\" <= $3) ORDER BY \"public\".\"jobs\".\"createdAt\" ASC LIMIT $4 OFFSET $5","timestamp":"2026-08-12T09:26:14.230Z"}
{"level":"debug","message":"prisma query (219ms): COMMIT","timestamp":"2026-08-12T09:26:14.449Z"}
{"level":"debug","message":"prisma query (219ms): COMMIT","timestamp":"2026-08-12T09:26:14.450Z"}
{"level":"debug","message":"prisma query (172ms): BEGIN","timestamp":"2026-08-12T09:26:15.478Z"}
{"level":"debug","message":"prisma query (141ms): BEGIN","timestamp":"2026-08-12T09:26:15.479Z"}
{"level":"debug","message":"prisma query (85ms): DEALLOCATE ALL","timestamp":"2026-08-12T09:26:15.564Z"}
{"level":"debug","message":"prisma query (86ms): DEALLOCATE ALL","timestamp":"2026-08-12T09:26:15.565Z"}
{"level":"debug","message":"prisma query (603ms): SELECT \"public\".\"jobs\".\"id\", \"public\".\"jobs\".\"type\"::text, \"public\".\"jobs\".\"status\"::text, \"public\".\"jobs\".\"payload\", \"public\".\"jobs\".\"result\", \"public\".\"jobs\".\"error\", \"public\".\"jobs\".\"attempts\", \"public\".\"jobs\".\"maxAttempts\", \"public\".\"jobs\".\"nextAttemptAt\", \"public\".\"jobs\".\"createdById\", \"public\".\"jobs\".\"createdAt\", \"public\".\"jobs\".\"updatedAt\", \"public\".\"jobs\".\"completedAt\" FROM \"public\".\"jobs\" WHERE (\"public\".\"jobs\".\"type\" = CAST($1::text AS \"public\".\"JobType\") AND \"public\".\"jobs\".\"status\" = CAST($2::text AS \"public\".\"JobStatus\") AND \"public\".\"jobs\".\"nextAttemptAt\" <= $3) ORDER BY \"public\".\"jobs\".\"createdAt\" ASC LIMIT $4 OFFSET $5","timestamp":"2026-08-12T09:26:16.176Z"}
{"level":"debug","message":"prisma query (603ms): SELECT \"public\".\"jobs\".\"id\", \"public\".\"jobs\".\"type\"::text, \"public\".\"jobs\".\"status\"::text, \"public\".\"jobs\".\"payload\", \"public\".\"jobs\".\"result\", \"public\".\"jobs\".\"error\", \"public\".\"jobs\".\"attempts\", \"public\".\"jobs\".\"maxAttempts\", \"public\".\"jobs\".\"nextAttemptAt\", \"public\".\"jobs\".\"createdById\", \"public\".\"jobs\".\"createdAt\", \"public\".\"jobs\".\"updatedAt\", \"public\".\"jobs\".\"completedAt\" FROM \"public\".\"jobs\" WHERE (\"public\".\"jobs\".\"type\" = CAST($1::text AS \"public\".\"JobType\") AND \"public\".\"jobs\".\"status\" = CAST($2::text AS \"public\".\"JobStatus\") AND \"public\".\"jobs\".\"nextAttemptAt\" <= $3) ORDER BY \"public\".\"jobs\".\"createdAt\" ASC LIMIT $4 OFFSET $5","timestamp":"2026-08-12T09:26:16.181Z"}
{"level":"debug","message":"prisma query (77ms): COMMIT","timestamp":"2026-08-12T09:26:16.246Z"}
{"level":"debug","message":"prisma query (76ms): COMMIT","timestamp":"2026-08-12T09:26:16.247Z"}
{"level":"debug","message":"prisma query (59ms): BEGIN","timestamp":"2026-08-12T09:26:17.366Z"}
{"level":"debug","message":"prisma query (46ms): BEGIN","timestamp":"2026-08-12T09:26:17.400Z"}
{"level":"debug","message":"prisma query (56ms): DEALLOCATE ALL","timestamp":"2026-08-12T09:26:17.423Z"}
{"level":"debug","message":"prisma query (67ms): DEALLOCATE ALL","timestamp":"2026-08-12T09:26:17.466Z"}
{"level":"debug","message":"prisma query (97ms): SELECT \"public\".\"jobs\".\"id\", \"public\".\"jobs\".\"type\"::text, \"public\".\"jobs\".\"status\"::text, \"public\".\"jobs\".\"payload\", \"public\".\"jobs\".\"result\", \"public\".\"jobs\".\"error\", \"public\".\"jobs\".\"attempts\", \"public\".\"jobs\".\"maxAttempts\", \"public\".\"jobs\".\"nextAttemptAt\", \"public\".\"jobs\".\"createdById\", \"public\".\"jobs\".\"createdAt\", \"public\".\"jobs\".\"updatedAt\", \"public\".\"jobs\".\"completedAt\" FROM \"public\".\"jobs\" WHERE (\"public\".\"jobs\".\"type\" = CAST($1::text AS \"public\".\"JobType\") AND \"public\".\"jobs\".\"status\" = CAST($2::text AS \"public\".\"JobStatus\") AND \"public\".\"jobs\".\"nextAttemptAt\" <= $3) ORDER BY \"public\".\"jobs\".\"createdAt\" ASC LIMIT $4 OFFSET $5","timestamp":"2026-08-12T09:26:17.521Z"}
{"level":"debug","message":"prisma query (42ms): COMMIT","timestamp":"2026-08-12T09:26:17.564Z"}
{"level":"debug","message":"prisma query (97ms): SELECT \"public\".\"jobs\".\"id\", \"public\".\"jobs\".\"type\"::text, \"public\".\"jobs\".\"status\"::text, \"public\".\"jobs\".\"payload\", \"public\".\"jobs\".\"result\", \"public\".\"jobs\".\"error\", \"public\".\"jobs\".\"attempts\", \"public\".\"jobs\".\"maxAttempts\", \"public\".\"jobs\".\"nextAttemptAt\", \"public\".\"jobs\".\"createdById\", \"public\".\"jobs\".\"createdAt\", \"public\".\"jobs\".\"updatedAt\", \"public\".\"jobs\".\"completedAt\" FROM \"public\".\"jobs\" WHERE (\"public\".\"jobs\".\"type\" = CAST($1::text AS \"public\".\"JobType\") AND \"public\".\"jobs\".\"status\" = CAST($2::text AS \"public\".\"JobStatus\") AND \"public\".\"jobs\".\"nextAttemptAt\" <= $3) ORDER BY \"public\".\"jobs\".\"createdAt\" ASC LIMIT $4 OFFSET $5","timestamp":"2026-08-12T09:26:17.564Z"}
{"level":"debug","message":"prisma query (76ms): COMMIT","timestamp":"2026-08-12T09:26:17.641Z"}
{"level":"debug","message":"prisma query (57ms): BEGIN","timestamp":"2026-08-12T09:26:19.374Z"}
{"level":"debug","message":"prisma query (75ms): BEGIN","timestamp":"2026-08-12T09:26:19.438Z"}
{"level":"debug","message":"prisma query (74ms): DEALLOCATE ALL","timestamp":"2026-08-12T09:26:19.449Z"}
{"level":"debug","message":"prisma query (57ms): DEALLOCATE ALL","timestamp":"2026-08-12T09:26:19.496Z"}
{"level":"debug","message":"prisma query (112ms): SELECT \"public\".\"jobs\".\"id\", \"public\".\"jobs\".\"type\"::text, \"public\".\"jobs\".\"status\"::text, \"public\".\"jobs\".\"payload\", \"public\".\"jobs\".\"result\", \"public\".\"jobs\".\"error\", \"public\".\"jobs\".\"attempts\", \"public\".\"jobs\".\"maxAttempts\", \"public\".\"jobs\".\"nextAttemptAt\", \"public\".\"jobs\".\"createdById\", \"public\".\"jobs\".\"createdAt\", \"public\".\"jobs\".\"updatedAt\", \"public\".\"jobs\".\"completedAt\" FROM \"public\".\"jobs\" WHERE (\"public\".\"jobs\".\"type\" = CAST($1::text AS \"public\".\"JobType\") AND \"public\".\"jobs\".\"status\" = CAST($2::text AS \"public\".\"JobStatus\") AND \"public\".\"jobs\".\"nextAttemptAt\" <= $3) ORDER BY \"public\".\"jobs\".\"createdAt\" ASC LIMIT $4 OFFSET $5","timestamp":"2026-08-12T09:26:19.561Z"}
{"level":"debug","message":"prisma query (77ms): COMMIT","timestamp":"2026-08-12T09:26:19.639Z"}
{"level":"debug","message":"prisma query (142ms): SELECT \"public\".\"jobs\".\"id\", \"public\".\"jobs\".\"type\"::text, \"public\".\"jobs\".\"status\"::text, \"public\".\"jobs\".\"payload\", \"public\".\"jobs\".\"result\", \"public\".\"jobs\".\"error\", \"public\".\"jobs\".\"attempts\", \"public\".\"jobs\".\"maxAttempts\", \"public\".\"jobs\".\"nextAttemptAt\", \"public\".\"jobs\".\"createdById\", \"public\".\"jobs\".\"createdAt\", \"public\".\"jobs\".\"updatedAt\", \"public\".\"jobs\".\"completedAt\" FROM \"public\".\"jobs\" WHERE (\"public\".\"jobs\".\"type\" = CAST($1::text AS \"public\".\"JobType\") AND \"public\".\"jobs\".\"status\" = CAST($2::text AS \"public\".\"JobStatus\") AND \"public\".\"jobs\".\"nextAttemptAt\" <= $3) ORDER BY \"public\".\"jobs\".\"createdAt\" ASC LIMIT $4 OFFSET $5","timestamp":"2026-08-12T09:26:19.640Z"}
{"level":"debug","message":"prisma query (49ms): COMMIT","timestamp":"2026-08-12T09:26:19.689Z"}
{"level":"debug","message":"prisma query (329ms): BEGIN","timestamp":"2026-08-12T09:26:21.666Z"}
{"level":"debug","message":"prisma query (282ms): BEGIN","timestamp":"2026-08-12T09:26:21.678Z"}
{"level":"debug","message":"prisma query (330ms): DEALLOCATE ALL","timestamp":"2026-08-12T09:26:21.980Z"}
{"level":"debug","message":"prisma query (332ms): DEALLOCATE ALL","timestamp":"2026-08-12T09:26:21.981Z"}
{"level":"debug","message":"prisma query (634ms): SELECT \"public\".\"jobs\".\"id\", \"public\".\"jobs\".\"type\"::text, \"public\".\"jobs\".\"status\"::text, \"public\".\"jobs\".\"payload\", \"public\".\"jobs\".\"result\", \"public\".\"jobs\".\"error\", \"public\".\"jobs\".\"attempts\", \"public\".\"jobs\".\"maxAttempts\", \"public\".\"jobs\".\"nextAttemptAt\", \"public\".\"jobs\".\"createdById\", \"public\".\"jobs\".\"createdAt\", \"public\".\"jobs\".\"updatedAt\", \"public\".\"jobs\".\"completedAt\" FROM \"public\".\"jobs\" WHERE (\"public\".\"jobs\".\"type\" = CAST($1::text AS \"public\".\"JobType\") AND \"public\".\"jobs\".\"status\" = CAST($2::text AS \"public\".\"JobStatus\") AND \"public\".\"jobs\".\"nextAttemptAt\" <= $3) ORDER BY \"public\".\"jobs\".\"createdAt\" ASC LIMIT $4 OFFSET $5","timestamp":"2026-08-12T09:26:22.616Z"}
{"level":"debug","message":"prisma query (634ms): SELECT \"public\".\"jobs\".\"id\", \"public\".\"jobs\".\"type\"::text, \"public\".\"jobs\".\"status\"::text, \"public\".\"jobs\".\"payload\", \"public\".\"jobs\".\"result\", \"public\".\"jobs\".\"error\", \"public\".\"jobs\".\"attempts\", \"public\".\"jobs\".\"maxAttempts\", \"public\".\"jobs\".\"nextAttemptAt\", \"public\".\"jobs\".\"createdById\", \"public\".\"jobs\".\"createdAt\", \"public\".\"jobs\".\"updatedAt\", \"public\".\"jobs\".\"completedAt\" FROM \"public\".\"jobs\" WHERE (\"public\".\"jobs\".\"type\" = CAST($1::text AS \"public\".\"JobType\") AND \"public\".\"jobs\".\"status\" = CAST($2::text AS \"public\".\"JobStatus\") AND \"public\".\"jobs\".\"nextAttemptAt\" <= $3) ORDER BY \"public\".\"jobs\".\"createdAt\" ASC LIMIT $4 OFFSET $5","timestamp":"2026-08-12T09:26:22.617Z"}
{"level":"debug","message":"prisma query (360ms): COMMIT","timestamp":"2026-08-12T09:26:22.977Z"}
{"level":"debug","message":"prisma query (361ms): COMMIT","timestamp":"2026-08-12T09:26:22.977Z"}
{"level":"debug","message":"prisma query (129ms): BEGIN","timestamp":"2026-08-12T09:26:23.467Z"}
{"level":"debug","message":"prisma query (84ms): BEGIN","timestamp":"2026-08-12T09:26:23.468Z"}
{"level":"debug","message":"prisma query (229ms): DEALLOCATE ALL","timestamp":"2026-08-12T09:26:23.696Z"}
{"level":"debug","message":"prisma query (229ms): DEALLOCATE ALL","timestamp":"2026-08-12T09:26:23.697Z"}
{"level":"debug","message":"prisma query (548ms): SELECT \"public\".\"jobs\".\"id\", \"public\".\"jobs\".\"type\"::text, \"public\".\"jobs\".\"status\"::text, \"public\".\"jobs\".\"payload\", \"public\".\"jobs\".\"result\", \"public\".\"jobs\".\"error\", \"public\".\"jobs\".\"attempts\", \"public\".\"jobs\".\"maxAttempts\", \"public\".\"jobs\".\"nextAttemptAt\", \"public\".\"jobs\".\"createdById\", \"public\".\"jobs\".\"createdAt\", \"public\".\"jobs\".\"updatedAt\", \"public\".\"jobs\".\"completedAt\" FROM \"public\".\"jobs\" WHERE (\"public\".\"jobs\".\"type\" = CAST($1::text AS \"public\".\"JobType\") AND \"public\".\"jobs\".\"status\" = CAST($2::text AS \"public\".\"JobStatus\") AND \"public\".\"jobs\".\"nextAttemptAt\" <= $3) ORDER BY \"public\".\"jobs\".\"createdAt\" ASC LIMIT $4 OFFSET $5","timestamp":"2026-08-12T09:26:24.245Z"}
{"level":"debug","message":"prisma query (547ms): SELECT \"public\".\"jobs\".\"id\", \"public\".\"jobs\".\"type\"::text, \"public\".\"jobs\".\"status\"::text, \"public\".\"jobs\".\"payload\", \"public\".\"jobs\".\"result\", \"public\".\"jobs\".\"error\", \"public\".\"jobs\".\"attempts\", \"public\".\"jobs\".\"maxAttempts\", \"public\".\"jobs\".\"nextAttemptAt\", \"public\".\"jobs\".\"createdById\", \"public\".\"jobs\".\"createdAt\", \"public\".\"jobs\".\"updatedAt\", \"public\".\"jobs\".\"completedAt\" FROM \"public\".\"jobs\" WHERE (\"public\".\"jobs\".\"type\" = CAST($1::text AS \"public\".\"JobType\") AND \"public\".\"jobs\".\"status\" = CAST($2::text AS \"public\".\"JobStatus\") AND \"public\".\"jobs\".\"nextAttemptAt\" <= $3) ORDER BY \"public\".\"jobs\".\"createdAt\" ASC LIMIT $4 OFFSET $5","timestamp":"2026-08-12T09:26:24.246Z"}
{"level":"debug","message":"prisma query (433ms): COMMIT","timestamp":"2026-08-12T09:26:24.679Z"}
{"level":"debug","message":"prisma query (434ms): COMMIT","timestamp":"2026-08-12T09:26:24.680Z"}
{"level":"debug","message":"prisma query (48ms): BEGIN","timestamp":"2026-08-12T09:26:25.398Z"}
{"level":"debug","message":"prisma query (307ms): DEALLOCATE ALL","timestamp":"2026-08-12T09:26:25.705Z"}
{"level":"debug","message":"prisma query (309ms): BEGIN","timestamp":"2026-08-12T09:26:25.706Z"}
{"level":"debug","message":"prisma query (53ms): DEALLOCATE ALL","timestamp":"2026-08-12T09:26:25.760Z"}
{"level":"debug","message":"prisma query (426ms): SELECT \"public\".\"jobs\".\"id\", \"public\".\"jobs\".\"type\"::text, \"public\".\"jobs\".\"status\"::text, \"public\".\"jobs\".\"payload\", \"public\".\"jobs\".\"result\", \"public\".\"jobs\".\"error\", \"public\".\"jobs\".\"attempts\", \"public\".\"jobs\".\"maxAttempts\", \"public\".\"jobs\".\"nextAttemptAt\", \"public\".\"jobs\".\"createdById\", \"public\".\"jobs\".\"createdAt\", \"public\".\"jobs\".\"updatedAt\", \"public\".\"jobs\".\"completedAt\" FROM \"public\".\"jobs\" WHERE (\"public\".\"jobs\".\"type\" = CAST($1::text AS \"public\".\"JobType\") AND \"public\".\"jobs\".\"status\" = CAST($2::text AS \"public\".\"JobStatus\") AND \"public\".\"jobs\".\"nextAttemptAt\" <= $3) ORDER BY \"public\".\"jobs\".\"createdAt\" ASC LIMIT $4 OFFSET $5","timestamp":"2026-08-12T09:26:26.133Z"}
{"level":"debug","message":"prisma query (127ms): COMMIT","timestamp":"2026-08-12T09:26:26.260Z"}
{"level":"debug","message":"prisma query (499ms): SELECT \"public\".\"jobs\".\"id\", \"public\".\"jobs\".\"type\"::text, \"public\".\"jobs\".\"status\"::text, \"public\".\"jobs\".\"payload\", \"public\".\"jobs\".\"result\", \"public\".\"jobs\".\"error\", \"public\".\"jobs\".\"attempts\", \"public\".\"jobs\".\"maxAttempts\", \"public\".\"jobs\".\"nextAttemptAt\", \"public\".\"jobs\".\"createdById\", \"public\".\"jobs\".\"createdAt\", \"public\".\"jobs\".\"updatedAt\", \"public\".\"jobs\".\"completedAt\" FROM \"public\".\"jobs\" WHERE (\"public\".\"jobs\".\"type\" = CAST($1::text AS \"public\".\"JobType\") AND \"public\".\"jobs\".\"status\" = CAST($2::text AS \"public\".\"JobStatus\") AND \"public\".\"jobs\".\"nextAttemptAt\" <= $3) ORDER BY \"public\".\"jobs\".\"createdAt\" ASC LIMIT $4 OFFSET $5","timestamp":"2026-08-12T09:26:26.260Z"}
{"level":"debug","message":"prisma query (102ms): COMMIT","timestamp":"2026-08-12T09:26:26.362Z"}
{"level":"debug","message":"prisma query (86ms): SELECT 1","timestamp":"2026-08-12T09:26:27.438Z"}
{"level":"debug","message":"prisma query (45ms): SELECT 1","timestamp":"2026-08-12T09:26:27.447Z"}
{"level":"debug","message":"prisma query (40ms): BEGIN","timestamp":"2026-08-12T09:26:27.481Z"}
{"level":"debug","message":"prisma query (72ms): BEGIN","timestamp":"2026-08-12T09:26:27.519Z"}
{"level":"debug","message":"prisma query (54ms): DEALLOCATE ALL","timestamp":"2026-08-12T09:26:27.534Z"}
{"level":"debug","message":"prisma query (89ms): DEALLOCATE ALL","timestamp":"2026-08-12T09:26:27.608Z"}
{"level":"debug","message":"prisma query (144ms): SELECT \"public\".\"jobs\".\"id\", \"public\".\"jobs\".\"type\"::text, \"public\".\"jobs\".\"status\"::text, \"public\".\"jobs\".\"payload\", \"public\".\"jobs\".\"result\", \"public\".\"jobs\".\"error\", \"public\".\"jobs\".\"attempts\", \"public\".\"jobs\".\"maxAttempts\", \"public\".\"jobs\".\"nextAttemptAt\", \"public\".\"jobs\".\"createdById\", \"public\".\"jobs\".\"createdAt\", \"public\".\"jobs\".\"updatedAt\", \"public\".\"jobs\".\"completedAt\" FROM \"public\".\"jobs\" WHERE (\"public\".\"jobs\".\"type\" = CAST($1::text AS \"public\".\"JobType\") AND \"public\".\"jobs\".\"status\" = CAST($2::text AS \"public\".\"JobStatus\") AND \"public\".\"jobs\".\"nextAttemptAt\" <= $3) ORDER BY \"public\".\"jobs\".\"createdAt\" ASC LIMIT $4 OFFSET $5","timestamp":"2026-08-12T09:26:27.680Z"}
{"level":"debug","message":"prisma query (108ms): SELECT \"public\".\"jobs\".\"id\", \"public\".\"jobs\".\"type\"::text, \"public\".\"jobs\".\"status\"::text, \"public\".\"jobs\".\"payload\", \"public\".\"jobs\".\"result\", \"public\".\"jobs\".\"error\", \"public\".\"jobs\".\"attempts\", \"public\".\"jobs\".\"maxAttempts\", \"public\".\"jobs\".\"nextAttemptAt\", \"public\".\"jobs\".\"createdById\", \"public\".\"jobs\".\"createdAt\", \"public\".\"jobs\".\"updatedAt\", \"public\".\"jobs\".\"completedAt\" FROM \"public\".\"jobs\" WHERE (\"public\".\"jobs\".\"type\" = CAST($1::text AS \"public\".\"JobType\") AND \"public\".\"jobs\".\"status\" = CAST($2::text AS \"public\".\"JobStatus\") AND \"public\".\"jobs\".\"nextAttemptAt\" <= $3) ORDER BY \"public\".\"jobs\".\"createdAt\" ASC LIMIT $4 OFFSET $5","timestamp":"2026-08-12T09:26:27.717Z"}
{"level":"debug","message":"prisma query (40ms): COMMIT","timestamp":"2026-08-12T09:26:27.758Z"}
{"level":"debug","message":"prisma query (78ms): COMMIT","timestamp":"2026-08-12T09:26:27.758Z"}
{"level":"debug","message":"prisma query (51ms): BEGIN","timestamp":"2026-08-12T09:26:29.405Z"}
{"level":"debug","message":"prisma query (301ms): DEALLOCATE ALL","timestamp":"2026-08-12T09:26:29.715Z"}
{"level":"debug","message":"prisma query (311ms): BEGIN","timestamp":"2026-08-12T09:26:29.716Z"}
{"level":"debug","message":"prisma query (63ms): DEALLOCATE ALL","timestamp":"2026-08-12T09:26:29.775Z"}
{"level":"debug","message":"prisma query (154ms): SELECT \"public\".\"jobs\".\"id\", \"public\".\"jobs\".\"type\"::text, \"public\".\"jobs\".\"status\"::text, \"public\".\"jobs\".\"payload\", \"public\".\"jobs\".\"result\", \"public\".\"jobs\".\"error\", \"public\".\"jobs\".\"attempts\", \"public\".\"jobs\".\"maxAttempts\", \"public\".\"jobs\".\"nextAttemptAt\", \"public\".\"jobs\".\"createdById\", \"public\".\"jobs\".\"createdAt\", \"public\".\"jobs\".\"updatedAt\", \"public\".\"jobs\".\"completedAt\" FROM \"public\".\"jobs\" WHERE (\"public\".\"jobs\".\"type\" = CAST($1::text AS \"public\".\"JobType\") AND \"public\".\"jobs\".\"status\" = CAST($2::text AS \"public\".\"JobStatus\") AND \"public\".\"jobs\".\"nextAttemptAt\" <= $3) ORDER BY \"public\".\"jobs\".\"createdAt\" ASC LIMIT $4 OFFSET $5","timestamp":"2026-08-12T09:26:29.865Z"}
{"level":"debug","message":"prisma query (151ms): COMMIT","timestamp":"2026-08-12T09:26:30.017Z"}
{"level":"debug","message":"prisma query (241ms): SELECT \"public\".\"jobs\".\"id\", \"public\".\"jobs\".\"type\"::text, \"public\".\"jobs\".\"status\"::text, \"public\".\"jobs\".\"payload\", \"public\".\"jobs\".\"result\", \"public\".\"jobs\".\"error\", \"public\".\"jobs\".\"attempts\", \"public\".\"jobs\".\"maxAttempts\", \"public\".\"jobs\".\"nextAttemptAt\", \"public\".\"jobs\".\"createdById\", \"public\".\"jobs\".\"createdAt\", \"public\".\"jobs\".\"updatedAt\", \"public\".\"jobs\".\"completedAt\" FROM \"public\".\"jobs\" WHERE (\"public\".\"jobs\".\"type\" = CAST($1::text AS \"public\".\"JobType\") AND \"public\".\"jobs\".\"status\" = CAST($2::text AS \"public\".\"JobStatus\") AND \"public\".\"jobs\".\"nextAttemptAt\" <= $3) ORDER BY \"public\".\"jobs\".\"createdAt\" ASC LIMIT $4 OFFSET $5","timestamp":"2026-08-12T09:26:30.017Z"}
{"level":"debug","message":"prisma query (230ms): COMMIT","timestamp":"2026-08-12T09:26:30.247Z"}
{"level":"debug","message":"prisma query (76ms): BEGIN","timestamp":"2026-08-12T09:26:31.430Z"}
{"level":"debug","message":"prisma query (78ms): DEALLOCATE ALL","timestamp":"2026-08-12T09:26:31.509Z"}
{"level":"debug","message":"prisma query (110ms): BEGIN","timestamp":"2026-08-12T09:26:31.512Z"}
{"level":"debug","message":"prisma query (54ms): DEALLOCATE ALL","timestamp":"2026-08-12T09:26:31.566Z"}
{"level":"debug","message":"prisma query (108ms): SELECT \"public\".\"jobs\".\"id\", \"public\".\"jobs\".\"type\"::text, \"public\".\"jobs\".\"status\"::text, \"public\".\"jobs\".\"payload\", \"public\".\"jobs\".\"result\", \"public\".\"jobs\".\"error\", \"public\".\"jobs\".\"attempts\", \"public\".\"jobs\".\"maxAttempts\", \"public\".\"jobs\".\"nextAttemptAt\", \"public\".\"jobs\".\"createdById\", \"public\".\"jobs\".\"createdAt\", \"public\".\"jobs\".\"updatedAt\", \"public\".\"jobs\".\"completedAt\" FROM \"public\".\"jobs\" WHERE (\"public\".\"jobs\".\"type\" = CAST($1::text AS \"public\".\"JobType\") AND \"public\".\"jobs\".\"status\" = CAST($2::text AS \"public\".\"JobStatus\") AND \"public\".\"jobs\".\"nextAttemptAt\" <= $3) ORDER BY \"public\".\"jobs\".\"createdAt\" ASC LIMIT $4 OFFSET $5","timestamp":"2026-08-12T09:26:31.619Z"}
{"level":"debug","message":"prisma query (52ms): COMMIT","timestamp":"2026-08-12T09:26:31.672Z"}
{"level":"debug","message":"prisma query (135ms): SELECT \"public\".\"jobs\".\"id\", \"public\".\"jobs\".\"type\"::text, \"public\".\"jobs\".\"status\"::text, \"public\".\"jobs\".\"payload\", \"public\".\"jobs\".\"result\", \"public\".\"jobs\".\"error\", \"public\".\"jobs\".\"attempts\", \"public\".\"jobs\".\"maxAttempts\", \"public\".\"jobs\".\"nextAttemptAt\", \"public\".\"jobs\".\"createdById\", \"public\".\"jobs\".\"createdAt\", \"public\".\"jobs\".\"updatedAt\", \"public\".\"jobs\".\"completedAt\" FROM \"public\".\"jobs\" WHERE (\"public\".\"jobs\".\"type\" = CAST($1::text AS \"public\".\"JobType\") AND \"public\".\"jobs\".\"status\" = CAST($2::text AS \"public\".\"JobStatus\") AND \"public\".\"jobs\".\"nextAttemptAt\" <= $3) ORDER BY \"public\".\"jobs\".\"createdAt\" ASC LIMIT $4 OFFSET $5","timestamp":"2026-08-12T09:26:31.702Z"}
{"level":"debug","message":"prisma query (53ms): COMMIT","timestamp":"2026-08-12T09:26:31.755Z"}
{"level":"debug","message":"prisma query (266ms): BEGIN","timestamp":"2026-08-12T09:26:33.631Z"}
{"level":"debug","message":"prisma query (219ms): BEGIN","timestamp":"2026-08-12T09:26:33.632Z"}
{"level":"debug","message":"prisma query (376ms): DEALLOCATE ALL","timestamp":"2026-08-12T09:26:34.015Z"}
{"level":"debug","message":"prisma query (377ms): DEALLOCATE ALL","timestamp":"2026-08-12T09:26:34.016Z"}
{"level":"debug","message":"prisma query (572ms): SELECT \"public\".\"jobs\".\"id\", \"public\".\"jobs\".\"type\"::text, \"public\".\"jobs\".\"status\"::text, \"public\".\"jobs\".\"payload\", \"public\".\"jobs\".\"result\", \"public\".\"jobs\".\"error\", \"public\".\"jobs\".\"attempts\", \"public\".\"jobs\".\"maxAttempts\", \"public\".\"jobs\".\"nextAttemptAt\", \"public\".\"jobs\".\"createdById\", \"public\".\"jobs\".\"createdAt\", \"public\".\"jobs\".\"updatedAt\", \"public\".\"jobs\".\"completedAt\" FROM \"public\".\"jobs\" WHERE (\"public\".\"jobs\".\"type\" = CAST($1::text AS \"public\".\"JobType\") AND \"public\".\"jobs\".\"status\" = CAST($2::text AS \"public\".\"JobStatus\") AND \"public\".\"jobs\".\"nextAttemptAt\" <= $3) ORDER BY \"public\".\"jobs\".\"createdAt\" ASC LIMIT $4 OFFSET $5","timestamp":"2026-08-12T09:26:34.582Z"}
{"level":"debug","message":"prisma query (574ms): SELECT \"public\".\"jobs\".\"id\", \"public\".\"jobs\".\"type\"::text, \"public\".\"jobs\".\"status\"::text, \"public\".\"jobs\".\"payload\", \"public\".\"jobs\".\"result\", \"public\".\"jobs\".\"error\", \"public\".\"jobs\".\"attempts\", \"public\".\"jobs\".\"maxAttempts\", \"public\".\"jobs\".\"nextAttemptAt\", \"public\".\"jobs\".\"createdById\", \"public\".\"jobs\".\"createdAt\", \"public\".\"jobs\".\"updatedAt\", \"public\".\"jobs\".\"completedAt\" FROM \"public\".\"jobs\" WHERE (\"public\".\"jobs\".\"type\" = CAST($1::text AS \"public\".\"JobType\") AND \"public\".\"jobs\".\"status\" = CAST($2::text AS \"public\".\"JobStatus\") AND \"public\".\"jobs\".\"nextAttemptAt\" <= $3) ORDER BY \"public\".\"jobs\".\"createdAt\" ASC LIMIT $4 OFFSET $5","timestamp":"2026-08-12T09:26:34.583Z"}
{"level":"debug","message":"prisma query (443ms): COMMIT","timestamp":"2026-08-12T09:26:35.026Z"}
{"level":"debug","message":"prisma query (444ms): COMMIT","timestamp":"2026-08-12T09:26:35.027Z"}
{"level":"debug","message":"prisma query (60ms): BEGIN","timestamp":"2026-08-12T09:26:35.441Z"}
{"level":"debug","message":"prisma query (177ms): BEGIN","timestamp":"2026-08-12T09:26:35.604Z"}
{"level":"debug","message":"prisma query (163ms): DEALLOCATE ALL","timestamp":"2026-08-12T09:26:35.605Z"}
{"level":"debug","message":"prisma query (448ms): DEALLOCATE ALL","timestamp":"2026-08-12T09:26:36.052Z"}
{"level":"debug","message":"prisma query (694ms): SELECT \"public\".\"jobs\".\"id\", \"public\".\"jobs\".\"type\"::text, \"public\".\"jobs\".\"status\"::text, \"public\".\"jobs\".\"payload\", \"public\".\"jobs\".\"result\", \"public\".\"jobs\".\"error\", \"public\".\"jobs\".\"attempts\", \"public\".\"jobs\".\"maxAttempts\", \"public\".\"jobs\".\"nextAttemptAt\", \"public\".\"jobs\".\"createdById\", \"public\".\"jobs\".\"createdAt\", \"public\".\"jobs\".\"updatedAt\", \"public\".\"jobs\".\"completedAt\" FROM \"public\".\"jobs\" WHERE (\"public\".\"jobs\".\"type\" = CAST($1::text AS \"public\".\"JobType\") AND \"public\".\"jobs\".\"status\" = CAST($2::text AS \"public\".\"JobStatus\") AND \"public\".\"jobs\".\"nextAttemptAt\" <= $3) ORDER BY \"public\".\"jobs\".\"createdAt\" ASC LIMIT $4 OFFSET $5","timestamp":"2026-08-12T09:26:36.300Z"}
{"level":"debug","message":"prisma query (121ms): COMMIT","timestamp":"2026-08-12T09:26:36.421Z"}
{"level":"debug","message":"prisma query (368ms): SELECT \"public\".\"jobs\".\"id\", \"public\".\"jobs\".\"type\"::text, \"public\".\"jobs\".\"status\"::text, \"public\".\"jobs\".\"payload\", \"public\".\"jobs\".\"result\", \"public\".\"jobs\".\"error\", \"public\".\"jobs\".\"attempts\", \"public\".\"jobs\".\"maxAttempts\", \"public\".\"jobs\".\"nextAttemptAt\", \"public\".\"jobs\".\"createdById\", \"public\".\"jobs\".\"createdAt\", \"public\".\"jobs\".\"updatedAt\", \"public\".\"jobs\".\"completedAt\" FROM \"public\".\"jobs\" WHERE (\"public\".\"jobs\".\"type\" = CAST($1::text AS \"public\".\"JobType\") AND \"public\".\"jobs\".\"status\" = CAST($2::text AS \"public\".\"JobStatus\") AND \"public\".\"jobs\".\"nextAttemptAt\" <= $3) ORDER BY \"public\".\"jobs\".\"createdAt\" ASC LIMIT $4 OFFSET $5","timestamp":"2026-08-12T09:26:36.422Z"}
{"level":"debug","message":"prisma query (63ms): COMMIT","timestamp":"2026-08-12T09:26:36.486Z"}
{"level":"debug","message":"prisma query (48ms): BEGIN","timestamp":"2026-08-12T09:26:37.438Z"}
{"level":"debug","message":"prisma query (77ms): BEGIN","timestamp":"2026-08-12T09:26:37.514Z"}
{"level":"debug","message":"prisma query (78ms): DEALLOCATE ALL","timestamp":"2026-08-12T09:26:37.516Z"}
{"level":"debug","message":"prisma query (37ms): DEALLOCATE ALL","timestamp":"2026-08-12T09:26:37.552Z"}
{"level":"debug","message":"prisma query (103ms): SELECT \"public\".\"jobs\".\"id\", \"public\".\"jobs\".\"type\"::text, \"public\".\"jobs\".\"status\"::text, \"public\".\"jobs\".\"payload\", \"public\".\"jobs\".\"result\", \"public\".\"jobs\".\"error\", \"public\".\"jobs\".\"attempts\", \"public\".\"jobs\".\"maxAttempts\", \"public\".\"jobs\".\"nextAttemptAt\", \"public\".\"jobs\".\"createdById\", \"public\".\"jobs\".\"createdAt\", \"public\".\"jobs\".\"updatedAt\", \"public\".\"jobs\".\"completedAt\" FROM \"public\".\"jobs\" WHERE (\"public\".\"jobs\".\"type\" = CAST($1::text AS \"public\".\"JobType\") AND \"public\".\"jobs\".\"status\" = CAST($2::text AS \"public\".\"JobStatus\") AND \"public\".\"jobs\".\"nextAttemptAt\" <= $3) ORDER BY \"public\".\"jobs\".\"createdAt\" ASC LIMIT $4 OFFSET $5","timestamp":"2026-08-12T09:26:37.620Z"}
{"level":"debug","message":"prisma query (132ms): SELECT \"public\".\"jobs\".\"id\", \"public\".\"jobs\".\"type\"::text, \"public\".\"jobs\".\"status\"::text, \"public\".\"jobs\".\"payload\", \"public\".\"jobs\".\"result\", \"public\".\"jobs\".\"error\", \"public\".\"jobs\".\"attempts\", \"public\".\"jobs\".\"maxAttempts\", \"public\".\"jobs\".\"nextAttemptAt\", \"public\".\"jobs\".\"createdById\", \"public\".\"jobs\".\"createdAt\", \"public\".\"jobs\".\"updatedAt\", \"public\".\"jobs\".\"completedAt\" FROM \"public\".\"jobs\" WHERE (\"public\".\"jobs\".\"type\" = CAST($1::text AS \"public\".\"JobType\") AND \"public\".\"jobs\".\"status\" = CAST($2::text AS \"public\".\"JobStatus\") AND \"public\".\"jobs\".\"nextAttemptAt\" <= $3) ORDER BY \"public\".\"jobs\".\"createdAt\" ASC LIMIT $4 OFFSET $5","timestamp":"2026-08-12T09:26:37.686Z"}
{"level":"debug","message":"prisma query (65ms): COMMIT","timestamp":"2026-08-12T09:26:37.687Z"}
{"level":"debug","message":"prisma query (72ms): COMMIT","timestamp":"2026-08-12T09:26:37.758Z"}
{"level":"debug","message":"prisma query (407ms): BEGIN","timestamp":"2026-08-12T09:26:39.802Z"}
{"level":"debug","message":"prisma query (360ms): BEGIN","timestamp":"2026-08-12T09:26:39.803Z"}
{"level":"debug","message":"prisma query (360ms): DEALLOCATE ALL","timestamp":"2026-08-12T09:26:40.162Z"}
{"level":"debug","message":"prisma query (361ms): DEALLOCATE ALL","timestamp":"2026-08-12T09:26:40.163Z"}
{"level":"debug","message":"prisma query (229ms): SELECT \"public\".\"jobs\".\"id\", \"public\".\"jobs\".\"type\"::text, \"public\".\"jobs\".\"status\"::text, \"public\".\"jobs\".\"payload\", \"public\".\"jobs\".\"result\", \"public\".\"jobs\".\"error\", \"public\".\"jobs\".\"attempts\", \"public\".\"jobs\".\"maxAttempts\", \"public\".\"jobs\".\"nextAttemptAt\", \"public\".\"jobs\".\"createdById\", \"public\".\"jobs\".\"createdAt\", \"public\".\"jobs\".\"updatedAt\", \"public\".\"jobs\".\"completedAt\" FROM \"public\".\"jobs\" WHERE (\"public\".\"jobs\".\"type\" = CAST($1::text AS \"public\".\"JobType\") AND \"public\".\"jobs\".\"status\" = CAST($2::text AS \"public\".\"JobStatus\") AND \"public\".\"jobs\".\"nextAttemptAt\" <= $3) ORDER BY \"public\".\"jobs\".\"createdAt\" ASC LIMIT $4 OFFSET $5","timestamp":"2026-08-12T09:26:40.391Z"}
{"level":"debug","message":"prisma query (234ms): SELECT \"public\".\"jobs\".\"id\", \"public\".\"jobs\".\"type\"::text, \"public\".\"jobs\".\"status\"::text, \"public\".\"jobs\".\"payload\", \"public\".\"jobs\".\"result\", \"public\".\"jobs\".\"error\", \"public\".\"jobs\".\"attempts\", \"public\".\"jobs\".\"maxAttempts\", \"public\".\"jobs\".\"nextAttemptAt\", \"public\".\"jobs\".\"createdById\", \"public\".\"jobs\".\"createdAt\", \"public\".\"jobs\".\"updatedAt\", \"public\".\"jobs\".\"completedAt\" FROM \"public\".\"jobs\" WHERE (\"public\".\"jobs\".\"type\" = CAST($1::text AS \"public\".\"JobType\") AND \"public\".\"jobs\".\"status\" = CAST($2::text AS \"public\".\"JobStatus\") AND \"public\".\"jobs\".\"nextAttemptAt\" <= $3) ORDER BY \"public\".\"jobs\".\"createdAt\" ASC LIMIT $4 OFFSET $5","timestamp":"2026-08-12T09:26:40.397Z"}
{"level":"debug","message":"prisma query (43ms): COMMIT","timestamp":"2026-08-12T09:26:40.436Z"}
{"level":"debug","message":"prisma query (39ms): COMMIT","timestamp":"2026-08-12T09:26:40.437Z"}
{"level":"debug","message":"prisma query (73ms): BEGIN","timestamp":"2026-08-12T09:26:41.471Z"}
{"level":"debug","message":"prisma query (54ms): DEALLOCATE ALL","timestamp":"2026-08-12T09:26:41.526Z"}
{"level":"debug","message":"prisma query (81ms): BEGIN","timestamp":"2026-08-12T09:26:41.527Z"}
{"level":"debug","message":"prisma query (71ms): DEALLOCATE ALL","timestamp":"2026-08-12T09:26:41.599Z"}
{"level":"debug","message":"prisma query (121ms): SELECT \"public\".\"jobs\".\"id\", \"public\".\"jobs\".\"type\"::text, \"public\".\"jobs\".\"status\"::text, \"public\".\"jobs\".\"payload\", \"public\".\"jobs\".\"result\", \"public\".\"jobs\".\"error\", \"public\".\"jobs\".\"attempts\", \"public\".\"jobs\".\"maxAttempts\", \"public\".\"jobs\".\"nextAttemptAt\", \"public\".\"jobs\".\"createdById\", \"public\".\"jobs\".\"createdAt\", \"public\".\"jobs\".\"updatedAt\", \"public\".\"jobs\".\"completedAt\" FROM \"public\".\"jobs\" WHERE (\"public\".\"jobs\".\"type\" = CAST($1::text AS \"public\".\"JobType\") AND \"public\".\"jobs\".\"status\" = CAST($2::text AS \"public\".\"JobStatus\") AND \"public\".\"jobs\".\"nextAttemptAt\" <= $3) ORDER BY \"public\".\"jobs\".\"createdAt\" ASC LIMIT $4 OFFSET $5","timestamp":"2026-08-12T09:26:41.649Z"}
{"level":"debug","message":"prisma query (94ms): SELECT \"public\".\"jobs\".\"id\", \"public\".\"jobs\".\"type\"::text, \"public\".\"jobs\".\"status\"::text, \"public\".\"jobs\".\"payload\", \"public\".\"jobs\".\"result\", \"public\".\"jobs\".\"error\", \"public\".\"jobs\".\"attempts\", \"public\".\"jobs\".\"maxAttempts\", \"public\".\"jobs\".\"nextAttemptAt\", \"public\".\"jobs\".\"createdById\", \"public\".\"jobs\".\"createdAt\", \"public\".\"jobs\".\"updatedAt\", \"public\".\"jobs\".\"completedAt\" FROM \"public\".\"jobs\" WHERE (\"public\".\"jobs\".\"type\" = CAST($1::text AS \"public\".\"JobType\") AND \"public\".\"jobs\".\"status\" = CAST($2::text AS \"public\".\"JobStatus\") AND \"public\".\"jobs\".\"nextAttemptAt\" <= $3) ORDER BY \"public\".\"jobs\".\"createdAt\" ASC LIMIT $4 OFFSET $5","timestamp":"2026-08-12T09:26:41.693Z"}
{"level":"debug","message":"prisma query (57ms): COMMIT","timestamp":"2026-08-12T09:26:41.707Z"}
{"level":"debug","message":"prisma query (61ms): COMMIT","timestamp":"2026-08-12T09:26:41.850Z"}
{"level":"debug","message":"prisma query (71ms): SELECT 1","timestamp":"2026-08-12T09:26:43.482Z"}
{"level":"debug","message":"prisma query (291ms): BEGIN","timestamp":"2026-08-12T09:26:43.775Z"}
{"level":"debug","message":"prisma query (316ms): SELECT 1","timestamp":"2026-08-12T09:26:43.775Z"}
{"level":"debug","message":"prisma query (311ms): BEGIN","timestamp":"2026-08-12T09:26:44.087Z"}
{"level":"debug","message":"prisma query (312ms): DEALLOCATE ALL","timestamp":"2026-08-12T09:26:44.088Z"}
{"level":"debug","message":"prisma query (310ms): DEALLOCATE ALL","timestamp":"2026-08-12T09:26:44.398Z"}
{"level":"debug","message":"prisma query (622ms): SELECT \"public\".\"jobs\".\"id\", \"public\".\"jobs\".\"type\"::text, \"public\".\"jobs\".\"status\"::text, \"public\".\"jobs\".\"payload\", \"public\".\"jobs\".\"result\", \"public\".\"jobs\".\"error\", \"public\".\"jobs\".\"attempts\", \"public\".\"jobs\".\"maxAttempts\", \"public\".\"jobs\".\"nextAttemptAt\", \"public\".\"jobs\".\"createdById\", \"public\".\"jobs\".\"createdAt\", \"public\".\"jobs\".\"updatedAt\", \"public\".\"jobs\".\"completedAt\" FROM \"public\".\"jobs\" WHERE (\"public\".\"jobs\".\"type\" = CAST($1::text AS \"public\".\"JobType\") AND \"public\".\"jobs\".\"status\" = CAST($2::text AS \"public\".\"JobStatus\") AND \"public\".\"jobs\".\"nextAttemptAt\" <= $3) ORDER BY \"public\".\"jobs\".\"createdAt\" ASC LIMIT $4 OFFSET $5","timestamp":"2026-08-12T09:26:44.712Z"}
{"level":"debug","message":"prisma query (113ms): COMMIT","timestamp":"2026-08-12T09:26:44.824Z"}
{"level":"debug","message":"prisma query (425ms): SELECT \"public\".\"jobs\".\"id\", \"public\".\"jobs\".\"type\"::text, \"public\".\"jobs\".\"status\"::text, \"public\".\"jobs\".\"payload\", \"public\".\"jobs\".\"result\", \"public\".\"jobs\".\"error\", \"public\".\"jobs\".\"attempts\", \"public\".\"jobs\".\"maxAttempts\", \"public\".\"jobs\".\"nextAttemptAt\", \"public\".\"jobs\".\"createdById\", \"public\".\"jobs\".\"createdAt\", \"public\".\"jobs\".\"updatedAt\", \"public\".\"jobs\".\"completedAt\" FROM \"public\".\"jobs\" WHERE (\"public\".\"jobs\".\"type\" = CAST($1::text AS \"public\".\"JobType\") AND \"public\".\"jobs\".\"status\" = CAST($2::text AS \"public\".\"JobStatus\") AND \"public\".\"jobs\".\"nextAttemptAt\" <= $3) ORDER BY \"public\".\"jobs\".\"createdAt\" ASC LIMIT $4 OFFSET $5","timestamp":"2026-08-12T09:26:44.824Z"}
{"level":"debug","message":"prisma query (132ms): COMMIT","timestamp":"2026-08-12T09:26:44.957Z"}
{"level":"debug","message":"prisma query (298ms): BEGIN","timestamp":"2026-08-12T09:26:45.724Z"}
{"level":"debug","message":"prisma query (251ms): BEGIN","timestamp":"2026-08-12T09:26:45.725Z"}
{"level":"debug","message":"prisma query (374ms): DEALLOCATE ALL","timestamp":"2026-08-12T09:26:46.098Z"}
{"level":"debug","message":"prisma query (374ms): DEALLOCATE ALL","timestamp":"2026-08-12T09:26:46.098Z"}
{"level":"debug","message":"prisma query (397ms): SELECT \"public\".\"jobs\".\"id\", \"public\".\"jobs\".\"type\"::text, \"public\".\"jobs\".\"status\"::text, \"public\".\"jobs\".\"payload\", \"public\".\"jobs\".\"result\", \"public\".\"jobs\".\"error\", \"public\".\"jobs\".\"attempts\", \"public\".\"jobs\".\"maxAttempts\", \"public\".\"jobs\".\"nextAttemptAt\", \"public\".\"jobs\".\"createdById\", \"public\".\"jobs\".\"createdAt\", \"public\".\"jobs\".\"updatedAt\", \"public\".\"jobs\".\"completedAt\" FROM \"public\".\"jobs\" WHERE (\"public\".\"jobs\".\"type\" = CAST($1::text AS \"public\".\"JobType\") AND \"public\".\"jobs\".\"status\" = CAST($2::text AS \"public\".\"JobStatus\") AND \"public\".\"jobs\".\"nextAttemptAt\" <= $3) ORDER BY \"public\".\"jobs\".\"createdAt\" ASC LIMIT $4 OFFSET $5","timestamp":"2026-08-12T09:26:46.496Z"}
{"level":"debug","message":"prisma query (398ms): SELECT \"public\".\"jobs\".\"id\", \"public\".\"jobs\".\"type\"::text, \"public\".\"jobs\".\"status\"::text, \"public\".\"jobs\".\"payload\", \"public\".\"jobs\".\"result\", \"public\".\"jobs\".\"error\", \"public\".\"jobs\".\"attempts\", \"public\".\"jobs\".\"maxAttempts\", \"public\".\"jobs\".\"nextAttemptAt\", \"public\".\"jobs\".\"createdById\", \"public\".\"jobs\".\"createdAt\", \"public\".\"jobs\".\"updatedAt\", \"public\".\"jobs\".\"completedAt\" FROM \"public\".\"jobs\" WHERE (\"public\".\"jobs\".\"type\" = CAST($1::text AS \"public\".\"JobType\") AND \"public\".\"jobs\".\"status\" = CAST($2::text AS \"public\".\"JobStatus\") AND \"public\".\"jobs\".\"nextAttemptAt\" <= $3) ORDER BY \"public\".\"jobs\".\"createdAt\" ASC LIMIT $4 OFFSET $5","timestamp":"2026-08-12T09:26:46.497Z"}
{"level":"debug","message":"prisma query (65ms): COMMIT","timestamp":"2026-08-12T09:26:46.562Z"}
{"level":"debug","message":"prisma query (66ms): COMMIT","timestamp":"2026-08-12T09:26:46.563Z"}
{"level":"debug","message":"prisma query (48ms): BEGIN","timestamp":"2026-08-12T09:26:47.488Z"}
{"level":"debug","message":"prisma query (376ms): BEGIN","timestamp":"2026-08-12T09:26:47.863Z"}
{"level":"debug","message":"prisma query (375ms): DEALLOCATE ALL","timestamp":"2026-08-12T09:26:47.864Z"}
{"level":"debug","message":"prisma query (375ms): DEALLOCATE ALL","timestamp":"2026-08-12T09:26:48.240Z"}
{"level":"debug","message":"prisma query (483ms): SELECT \"public\".\"jobs\".\"id\", \"public\".\"jobs\".\"type\"::text, \"public\".\"jobs\".\"status\"::text, \"public\".\"jobs\".\"payload\", \"public\".\"jobs\".\"result\", \"public\".\"jobs\".\"error\", \"public\".\"jobs\".\"attempts\", \"public\".\"jobs\".\"maxAttempts\", \"public\".\"jobs\".\"nextAttemptAt\", \"public\".\"jobs\".\"createdById\", \"public\".\"jobs\".\"createdAt\", \"public\".\"jobs\".\"updatedAt\", \"public\".\"jobs\".\"completedAt\" FROM \"public\".\"jobs\" WHERE (\"public\".\"jobs\".\"type\" = CAST($1::text AS \"public\".\"JobType\") AND \"public\".\"jobs\".\"status\" = CAST($2::text AS \"public\".\"JobStatus\") AND \"public\".\"jobs\".\"nextAttemptAt\" <= $3) ORDER BY \"public\".\"jobs\".\"createdAt\" ASC LIMIT $4 OFFSET $5","timestamp":"2026-08-12T09:26:48.348Z"}
{"level":"debug","message":"prisma query (152ms): SELECT \"public\".\"jobs\".\"id\", \"public\".\"jobs\".\"type\"::text, \"public\".\"jobs\".\"status\"::text, \"public\".\"jobs\".\"payload\", \"public\".\"jobs\".\"result\", \"public\".\"jobs\".\"error\", \"public\".\"jobs\".\"attempts\", \"public\".\"jobs\".\"maxAttempts\", \"public\".\"jobs\".\"nextAttemptAt\", \"public\".\"jobs\".\"createdById\", \"public\".\"jobs\".\"createdAt\", \"public\".\"jobs\".\"updatedAt\", \"public\".\"jobs\".\"completedAt\" FROM \"public\".\"jobs\" WHERE (\"public\".\"jobs\".\"type\" = CAST($1::text AS \"public\".\"JobType\") AND \"public\".\"jobs\".\"status\" = CAST($2::text AS \"public\".\"JobStatus\") AND \"public\".\"jobs\".\"nextAttemptAt\" <= $3) ORDER BY \"public\".\"jobs\".\"createdAt\" ASC LIMIT $4 OFFSET $5","timestamp":"2026-08-12T09:26:48.393Z"}
{"level":"debug","message":"prisma query (44ms): COMMIT","timestamp":"2026-08-12T09:26:48.394Z"}
{"level":"debug","message":"prisma query (529ms): COMMIT","timestamp":"2026-08-12T09:26:48.922Z"}
{"level":"debug","message":"prisma query (62ms): BEGIN","timestamp":"2026-08-12T09:26:49.516Z"}
{"level":"debug","message":"prisma query (41ms): BEGIN","timestamp":"2026-08-12T09:26:49.543Z"}
{"level":"debug","message":"prisma query (76ms): DEALLOCATE ALL","timestamp":"2026-08-12T09:26:49.593Z"}
{"level":"debug","message":"prisma query (55ms): DEALLOCATE ALL","timestamp":"2026-08-12T09:26:49.598Z"}
{"level":"debug","message":"prisma query (101ms): SELECT \"public\".\"jobs\".\"id\", \"public\".\"jobs\".\"type\"::text, \"public\".\"jobs\".\"status\"::text, \"public\".\"jobs\".\"payload\", \"public\".\"jobs\".\"result\", \"public\".\"jobs\".\"error\", \"public\".\"jobs\".\"attempts\", \"public\".\"jobs\".\"maxAttempts\", \"public\".\"jobs\".\"nextAttemptAt\", \"public\".\"jobs\".\"createdById\", \"public\".\"jobs\".\"createdAt\", \"public\".\"jobs\".\"updatedAt\", \"public\".\"jobs\".\"completedAt\" FROM \"public\".\"jobs\" WHERE (\"public\".\"jobs\".\"type\" = CAST($1::text AS \"public\".\"JobType\") AND \"public\".\"jobs\".\"status\" = CAST($2::text AS \"public\".\"JobStatus\") AND \"public\".\"jobs\".\"nextAttemptAt\" <= $3) ORDER BY \"public\".\"jobs\".\"createdAt\" ASC LIMIT $4 OFFSET $5","timestamp":"2026-08-12T09:26:49.695Z"}
{"level":"debug","message":"prisma query (117ms): SELECT \"public\".\"jobs\".\"id\", \"public\".\"jobs\".\"type\"::text, \"public\".\"jobs\".\"status\"::text, \"public\".\"jobs\".\"payload\", \"public\".\"jobs\".\"result\", \"public\".\"jobs\".\"error\", \"public\".\"jobs\".\"attempts\", \"public\".\"jobs\".\"maxAttempts\", \"public\".\"jobs\".\"nextAttemptAt\", \"public\".\"jobs\".\"createdById\", \"public\".\"jobs\".\"createdAt\", \"public\".\"jobs\".\"updatedAt\", \"public\".\"jobs\".\"completedAt\" FROM \"public\".\"jobs\" WHERE (\"public\".\"jobs\".\"type\" = CAST($1::text AS \"public\".\"JobType\") AND \"public\".\"jobs\".\"status\" = CAST($2::text AS \"public\".\"JobStatus\") AND \"public\".\"jobs\".\"nextAttemptAt\" <= $3) ORDER BY \"public\".\"jobs\".\"createdAt\" ASC LIMIT $4 OFFSET $5","timestamp":"2026-08-12T09:26:49.717Z"}
{"level":"debug","message":"prisma query (39ms): COMMIT","timestamp":"2026-08-12T09:26:49.736Z"}
{"level":"debug","message":"prisma query (44ms): COMMIT","timestamp":"2026-08-12T09:26:49.761Z"}
{"level":"debug","message":"prisma query (312ms): BEGIN","timestamp":"2026-08-12T09:26:51.780Z"}
{"level":"debug","message":"prisma query (266ms): BEGIN","timestamp":"2026-08-12T09:26:51.780Z"}
{"level":"debug","message":"prisma query (311ms): DEALLOCATE ALL","timestamp":"2026-08-12T09:26:52.092Z"}
{"level":"debug","message":"prisma query (311ms): DEALLOCATE ALL","timestamp":"2026-08-12T09:26:52.094Z"}
{"level":"debug","message":"prisma query (643ms): SELECT \"public\".\"jobs\".\"id\", \"public\".\"jobs\".\"type\"::text, \"public\".\"jobs\".\"status\"::text, \"public\".\"jobs\".\"payload\", \"public\".\"jobs\".\"result\", \"public\".\"jobs\".\"error\", \"public\".\"jobs\".\"attempts\", \"public\".\"jobs\".\"maxAttempts\", \"public\".\"jobs\".\"nextAttemptAt\", \"public\".\"jobs\".\"createdById\", \"public\".\"jobs\".\"createdAt\", \"public\".\"jobs\".\"updatedAt\", \"public\".\"jobs\".\"completedAt\" FROM \"public\".\"jobs\" WHERE (\"public\".\"jobs\".\"type\" = CAST($1::text AS \"public\".\"JobType\") AND \"public\".\"jobs\".\"status\" = CAST($2::text AS \"public\".\"JobStatus\") AND \"public\".\"jobs\".\"nextAttemptAt\" <= $3) ORDER BY \"public\".\"jobs\".\"createdAt\" ASC LIMIT $4 OFFSET $5","timestamp":"2026-08-12T09:26:52.736Z"}
{"level":"debug","message":"prisma query (643ms): SELECT \"public\".\"jobs\".\"id\", \"public\".\"jobs\".\"type\"::text, \"public\".\"jobs\".\"status\"::text, \"public\".\"jobs\".\"payload\", \"public\".\"jobs\".\"result\", \"public\".\"jobs\".\"error\", \"public\".\"jobs\".\"attempts\", \"public\".\"jobs\".\"maxAttempts\", \"public\".\"jobs\".\"nextAttemptAt\", \"public\".\"jobs\".\"createdById\", \"public\".\"jobs\".\"createdAt\", \"public\".\"jobs\".\"updatedAt\", \"public\".\"jobs\".\"completedAt\" FROM \"public\".\"jobs\" WHERE (\"public\".\"jobs\".\"type\" = CAST($1::text AS \"public\".\"JobType\") AND \"public\".\"jobs\".\"status\" = CAST($2::text AS \"public\".\"JobStatus\") AND \"public\".\"jobs\".\"nextAttemptAt\" <= $3) ORDER BY \"public\".\"jobs\".\"createdAt\" ASC LIMIT $4 OFFSET $5","timestamp":"2026-08-12T09:26:52.736Z"}
{"level":"debug","message":"prisma query (96ms): COMMIT","timestamp":"2026-08-12T09:26:52.832Z"}
{"level":"debug","message":"prisma query (96ms): COMMIT","timestamp":"2026-08-12T09:26:52.833Z"}
{"level":"debug","message":"prisma query (357ms): BEGIN","timestamp":"2026-08-12T09:26:53.893Z"}
{"level":"debug","message":"prisma query (312ms): BEGIN","timestamp":"2026-08-12T09:26:53.911Z"}
{"level":"debug","message":"prisma query (334ms): DEALLOCATE ALL","timestamp":"2026-08-12T09:26:54.175Z"}
{"level":"debug","message":"prisma query (335ms): DEALLOCATE ALL","timestamp":"2026-08-12T09:26:54.175Z"}
{"level":"debug","message":"prisma query (686ms): SELECT \"public\".\"jobs\".\"id\", \"public\".\"jobs\".\"type\"::text, \"public\".\"jobs\".\"status\"::text, \"public\".\"jobs\".\"payload\", \"public\".\"jobs\".\"result\", \"public\".\"jobs\".\"error\", \"public\".\"jobs\".\"attempts\", \"public\".\"jobs\".\"maxAttempts\", \"public\".\"jobs\".\"nextAttemptAt\", \"public\".\"jobs\".\"createdById\", \"public\".\"jobs\".\"createdAt\", \"public\".\"jobs\".\"updatedAt\", \"public\".\"jobs\".\"completedAt\" FROM \"public\".\"jobs\" WHERE (\"public\".\"jobs\".\"type\" = CAST($1::text AS \"public\".\"JobType\") AND \"public\".\"jobs\".\"status\" = CAST($2::text AS \"public\".\"JobStatus\") AND \"public\".\"jobs\".\"nextAttemptAt\" <= $3) ORDER BY \"public\".\"jobs\".\"createdAt\" ASC LIMIT $4 OFFSET $5","timestamp":"2026-08-12T09:26:54.862Z"}
{"level":"debug","message":"prisma query (685ms): SELECT \"public\".\"jobs\".\"id\", \"public\".\"jobs\".\"type\"::text, \"public\".\"jobs\".\"status\"::text, \"public\".\"jobs\".\"payload\", \"public\".\"jobs\".\"result\", \"public\".\"jobs\".\"error\", \"public\".\"jobs\".\"attempts\", \"public\".\"jobs\".\"maxAttempts\", \"public\".\"jobs\".\"nextAttemptAt\", \"public\".\"jobs\".\"createdById\", \"public\".\"jobs\".\"createdAt\", \"public\".\"jobs\".\"updatedAt\", \"public\".\"jobs\".\"completedAt\" FROM \"public\".\"jobs\" WHERE (\"public\".\"jobs\".\"type\" = CAST($1::text AS \"public\".\"JobType\") AND \"public\".\"jobs\".\"status\" = CAST($2::text AS \"public\".\"JobStatus\") AND \"public\".\"jobs\".\"nextAttemptAt\" <= $3) ORDER BY \"public\".\"jobs\".\"createdAt\" ASC LIMIT $4 OFFSET $5","timestamp":"2026-08-12T09:26:54.862Z"}
{"level":"debug","message":"prisma query (331ms): COMMIT","timestamp":"2026-08-12T09:26:55.194Z"}
{"level":"debug","message":"prisma query (331ms): COMMIT","timestamp":"2026-08-12T09:26:55.195Z"}
{"level":"debug","message":"prisma query (392ms): BEGIN","timestamp":"2026-08-12T09:26:55.875Z"}
{"level":"debug","message":"prisma query (345ms): BEGIN","timestamp":"2026-08-12T09:26:55.876Z"}
{"level":"debug","message":"prisma query (74ms): DEALLOCATE ALL","timestamp":"2026-08-12T09:26:55.950Z"}
{"level":"debug","message":"prisma query (75ms): DEALLOCATE ALL","timestamp":"2026-08-12T09:26:55.951Z"}
{"level":"debug","message":"prisma query (469ms): SELECT \"public\".\"jobs\".\"id\", \"public\".\"jobs\".\"type\"::text, \"public\".\"jobs\".\"status\"::text, \"public\".\"jobs\".\"payload\", \"public\".\"jobs\".\"result\", \"public\".\"jobs\".\"error\", \"public\".\"jobs\".\"attempts\", \"public\".\"jobs\".\"maxAttempts\", \"public\".\"jobs\".\"nextAttemptAt\", \"public\".\"jobs\".\"createdById\", \"public\".\"jobs\".\"createdAt\", \"public\".\"jobs\".\"updatedAt\", \"public\".\"jobs\".\"completedAt\" FROM \"public\".\"jobs\" WHERE (\"public\".\"jobs\".\"type\" = CAST($1::text AS \"public\".\"JobType\") AND \"public\".\"jobs\".\"status\" = CAST($2::text AS \"public\".\"JobStatus\") AND \"public\".\"jobs\".\"nextAttemptAt\" <= $3) ORDER BY \"public\".\"jobs\".\"createdAt\" ASC LIMIT $4 OFFSET $5","timestamp":"2026-08-12T09:26:56.421Z"}
{"level":"debug","message":"prisma query (468ms): SELECT \"public\".\"jobs\".\"id\", \"public\".\"jobs\".\"type\"::text, \"public\".\"jobs\".\"status\"::text, \"public\".\"jobs\".\"payload\", \"public\".\"jobs\".\"result\", \"public\".\"jobs\".\"error\", \"public\".\"jobs\".\"attempts\", \"public\".\"jobs\".\"maxAttempts\", \"public\".\"jobs\".\"nextAttemptAt\", \"public\".\"jobs\".\"createdById\", \"public\".\"jobs\".\"createdAt\", \"public\".\"jobs\".\"updatedAt\", \"public\".\"jobs\".\"completedAt\" FROM \"public\".\"jobs\" WHERE (\"public\".\"jobs\".\"type\" = CAST($1::text AS \"public\".\"JobType\") AND \"public\".\"jobs\".\"status\" = CAST($2::text AS \"public\".\"JobStatus\") AND \"public\".\"jobs\".\"nextAttemptAt\" <= $3) ORDER BY \"public\".\"jobs\".\"createdAt\" ASC LIMIT $4 OFFSET $5","timestamp":"2026-08-12T09:26:56.421Z"}
{"level":"debug","message":"prisma query (211ms): COMMIT","timestamp":"2026-08-12T09:26:56.631Z"}
{"level":"debug","message":"prisma query (211ms): COMMIT","timestamp":"2026-08-12T09:26:56.632Z"}
{"level":"debug","message":"prisma query (56ms): BEGIN","timestamp":"2026-08-12T09:26:57.552Z"}
{"level":"debug","message":"prisma query (304ms): BEGIN","timestamp":"2026-08-12T09:26:57.848Z"}
{"level":"debug","message":"prisma query (296ms): DEALLOCATE ALL","timestamp":"2026-08-12T09:26:57.848Z"}
{"level":"debug","message":"prisma query (305ms): DEALLOCATE ALL","timestamp":"2026-08-12T09:26:58.153Z"}
{"level":"debug","message":"prisma query (397ms): SELECT \"public\".\"jobs\".\"id\", \"public\".\"jobs\".\"type\"::text, \"public\".\"jobs\".\"status\"::text, \"public\".\"jobs\".\"payload\", \"public\".\"jobs\".\"result\", \"public\".\"jobs\".\"error\", \"public\".\"jobs\".\"attempts\", \"public\".\"jobs\".\"maxAttempts\", \"public\".\"jobs\".\"nextAttemptAt\", \"public\".\"jobs\".\"createdById\", \"public\".\"jobs\".\"createdAt\", \"public\".\"jobs\".\"updatedAt\", \"public\".\"jobs\".\"completedAt\" FROM \"public\".\"jobs\" WHERE (\"public\".\"jobs\".\"type\" = CAST($1::text AS \"public\".\"JobType\") AND \"public\".\"jobs\".\"status\" = CAST($2::text AS \"public\".\"JobStatus\") AND \"public\".\"jobs\".\"nextAttemptAt\" <= $3) ORDER BY \"public\".\"jobs\".\"createdAt\" ASC LIMIT $4 OFFSET $5","timestamp":"2026-08-12T09:26:58.246Z"}
{"level":"debug","message":"prisma query (155ms): COMMIT","timestamp":"2026-08-12T09:26:58.402Z"}
{"level":"debug","message":"prisma query (248ms): SELECT \"public\".\"jobs\".\"id\", \"public\".\"jobs\".\"type\"::text, \"public\".\"jobs\".\"status\"::text, \"public\".\"jobs\".\"payload\", \"public\".\"jobs\".\"result\", \"public\".\"jobs\".\"error\", \"public\".\"jobs\".\"attempts\", \"public\".\"jobs\".\"maxAttempts\", \"public\".\"jobs\".\"nextAttemptAt\", \"public\".\"jobs\".\"createdById\", \"public\".\"jobs\".\"createdAt\", \"public\".\"jobs\".\"updatedAt\", \"public\".\"jobs\".\"completedAt\" FROM \"public\".\"jobs\" WHERE (\"public\".\"jobs\".\"type\" = CAST($1::text AS \"public\".\"JobType\") AND \"public\".\"jobs\".\"status\" = CAST($2::text AS \"public\".\"JobStatus\") AND \"public\".\"jobs\".\"nextAttemptAt\" <= $3) ORDER BY \"public\".\"jobs\".\"createdAt\" ASC LIMIT $4 OFFSET $5","timestamp":"2026-08-12T09:26:58.403Z"}
{"level":"debug","message":"prisma query (83ms): COMMIT","timestamp":"2026-08-12T09:26:58.486Z"}
{"level":"debug","message":"prisma query (80ms): SELECT 1","timestamp":"2026-08-12T09:26:59.586Z"}
{"level":"debug","message":"prisma query (38ms): SELECT 1","timestamp":"2026-08-12T09:26:59.592Z"}
{"level":"debug","message":"prisma query (40ms): BEGIN","timestamp":"2026-08-12T09:26:59.633Z"}
{"level":"debug","message":"prisma query (59ms): BEGIN","timestamp":"2026-08-12T09:26:59.646Z"}
{"level":"debug","message":"prisma query (38ms): DEALLOCATE ALL","timestamp":"2026-08-12T09:26:59.672Z"}
{"level":"debug","message":"prisma query (66ms): DEALLOCATE ALL","timestamp":"2026-08-12T09:26:59.712Z"}
{"level":"debug","message":"prisma query (88ms): SELECT \"public\".\"jobs\".\"id\", \"public\".\"jobs\".\"type\"::text, \"public\".\"jobs\".\"status\"::text, \"public\".\"jobs\".\"payload\", \"public\".\"jobs\".\"result\", \"public\".\"jobs\".\"error\", \"public\".\"jobs\".\"attempts\", \"public\".\"jobs\".\"maxAttempts\", \"public\".\"jobs\".\"nextAttemptAt\", \"public\".\"jobs\".\"createdById\", \"public\".\"jobs\".\"createdAt\", \"public\".\"jobs\".\"updatedAt\", \"public\".\"jobs\".\"completedAt\" FROM \"public\".\"jobs\" WHERE (\"public\".\"jobs\".\"type\" = CAST($1::text AS \"public\".\"JobType\") AND \"public\".\"jobs\".\"status\" = CAST($2::text AS \"public\".\"JobStatus\") AND \"public\".\"jobs\".\"nextAttemptAt\" <= $3) ORDER BY \"public\".\"jobs\".\"createdAt\" ASC LIMIT $4 OFFSET $5","timestamp":"2026-08-12T09:26:59.762Z"}
{"level":"debug","message":"prisma query (124ms): SELECT \"public\".\"jobs\".\"id\", \"public\".\"jobs\".\"type\"::text, \"public\".\"jobs\".\"status\"::text, \"public\".\"jobs\".\"payload\", \"public\".\"jobs\".\"result\", \"public\".\"jobs\".\"error\", \"public\".\"jobs\".\"attempts\", \"public\".\"jobs\".\"maxAttempts\", \"public\".\"jobs\".\"nextAttemptAt\", \"public\".\"jobs\".\"createdById\", \"public\".\"jobs\".\"createdAt\", \"public\".\"jobs\".\"updatedAt\", \"public\".\"jobs\".\"completedAt\" FROM \"public\".\"jobs\" WHERE (\"public\".\"jobs\".\"type\" = CAST($1::text AS \"public\".\"JobType\") AND \"public\".\"jobs\".\"status\" = CAST($2::text AS \"public\".\"JobStatus\") AND \"public\".\"jobs\".\"nextAttemptAt\" <= $3) ORDER BY \"public\".\"jobs\".\"createdAt\" ASC LIMIT $4 OFFSET $5","timestamp":"2026-08-12T09:26:59.837Z"}
{"level":"debug","message":"prisma query (75ms): COMMIT","timestamp":"2026-08-12T09:26:59.838Z"}
{"level":"debug","message":"prisma query (79ms): COMMIT","timestamp":"2026-08-12T09:26:59.917Z"}
{"level":"debug","message":"prisma query (331ms): BEGIN","timestamp":"2026-08-12T09:27:01.896Z"}
{"level":"debug","message":"prisma query (380ms): BEGIN","timestamp":"2026-08-12T09:27:01.897Z"}
{"level":"debug","message":"prisma query (373ms): DEALLOCATE ALL","timestamp":"2026-08-12T09:27:02.268Z"}
{"level":"debug","message":"prisma query (373ms): DEALLOCATE ALL","timestamp":"2026-08-12T09:27:02.268Z"}
{"level":"debug","message":"prisma query (562ms): SELECT \"public\".\"jobs\".\"id\", \"public\".\"jobs\".\"type\"::text, \"public\".\"jobs\".\"status\"::text, \"public\".\"jobs\".\"payload\", \"public\".\"jobs\".\"result\", \"public\".\"jobs\".\"error\", \"public\".\"jobs\".\"attempts\", \"public\".\"jobs\".\"maxAttempts\", \"public\".\"jobs\".\"nextAttemptAt\", \"public\".\"jobs\".\"createdById\", \"public\".\"jobs\".\"createdAt\", \"public\".\"jobs\".\"updatedAt\", \"public\".\"jobs\".\"completedAt\" FROM \"public\".\"jobs\" WHERE (\"public\".\"jobs\".\"type\" = CAST($1::text AS \"public\".\"JobType\") AND \"public\".\"jobs\".\"status\" = CAST($2::text AS \"public\".\"JobStatus\") AND \"public\".\"jobs\".\"nextAttemptAt\" <= $3) ORDER BY \"public\".\"jobs\".\"createdAt\" ASC LIMIT $4 OFFSET $5","timestamp":"2026-08-12T09:27:02.830Z"}
{"level":"debug","message":"prisma query (561ms): SELECT \"public\".\"jobs\".\"id\", \"public\".\"jobs\".\"type\"::text, \"public\".\"jobs\".\"status\"::text, \"public\".\"jobs\".\"payload\", \"public\".\"jobs\".\"result\", \"public\".\"jobs\".\"error\", \"public\".\"jobs\".\"attempts\", \"public\".\"jobs\".\"maxAttempts\", \"public\".\"jobs\".\"nextAttemptAt\", \"public\".\"jobs\".\"createdById\", \"public\".\"jobs\".\"createdAt\", \"public\".\"jobs\".\"updatedAt\", \"public\".\"jobs\".\"completedAt\" FROM \"public\".\"jobs\" WHERE (\"public\".\"jobs\".\"type\" = CAST($1::text AS \"public\".\"JobType\") AND \"public\".\"jobs\".\"status\" = CAST($2::text AS \"public\".\"JobStatus\") AND \"public\".\"jobs\".\"nextAttemptAt\" <= $3) ORDER BY \"public\".\"jobs\".\"createdAt\" ASC LIMIT $4 OFFSET $5","timestamp":"2026-08-12T09:27:02.831Z"}
{"level":"debug","message":"prisma query (382ms): COMMIT","timestamp":"2026-08-12T09:27:03.216Z"}
{"level":"debug","message":"prisma query (382ms): COMMIT","timestamp":"2026-08-12T09:27:03.217Z"}
{"level":"debug","message":"prisma query (53ms): BEGIN","timestamp":"2026-08-12T09:27:03.569Z"}
{"level":"debug","message":"prisma query (300ms): BEGIN","timestamp":"2026-08-12T09:27:03.864Z"}
{"level":"debug","message":"prisma query (295ms): DEALLOCATE ALL","timestamp":"2026-08-12T09:27:03.865Z"}
{"level":"debug","message":"prisma query (101ms): DEALLOCATE ALL","timestamp":"2026-08-12T09:27:03.966Z"}
{"level":"debug","message":"prisma query (244ms): SELECT \"public\".\"jobs\".\"id\", \"public\".\"jobs\".\"type\"::text, \"public\".\"jobs\".\"status\"::text, \"public\".\"jobs\".\"payload\", \"public\".\"jobs\".\"result\", \"public\".\"jobs\".\"error\", \"public\".\"jobs\".\"attempts\", \"public\".\"jobs\".\"maxAttempts\", \"public\".\"jobs\".\"nextAttemptAt\", \"public\".\"jobs\".\"createdById\", \"public\".\"jobs\".\"createdAt\", \"public\".\"jobs\".\"updatedAt\", \"public\".\"jobs\".\"completedAt\" FROM \"public\".\"jobs\" WHERE (\"public\".\"jobs\".\"type\" = CAST($1::text AS \"public\".\"JobType\") AND \"public\".\"jobs\".\"status\" = CAST($2::text AS \"public\".\"JobStatus\") AND \"public\".\"jobs\".\"nextAttemptAt\" <= $3) ORDER BY \"public\".\"jobs\".\"createdAt\" ASC LIMIT $4 OFFSET $5","timestamp":"2026-08-12T09:27:04.113Z"}
{"level":"debug","message":"prisma query (285ms): SELECT \"public\".\"jobs\".\"id\", \"public\".\"jobs\".\"type\"::text, \"public\".\"jobs\".\"status\"::text, \"public\".\"jobs\".\"payload\", \"public\".\"jobs\".\"result\", \"public\".\"jobs\".\"error\", \"public\".\"jobs\".\"attempts\", \"public\".\"jobs\".\"maxAttempts\", \"public\".\"jobs\".\"nextAttemptAt\", \"public\".\"jobs\".\"createdById\", \"public\".\"jobs\".\"createdAt\", \"public\".\"jobs\".\"updatedAt\", \"public\".\"jobs\".\"completedAt\" FROM \"public\".\"jobs\" WHERE (\"public\".\"jobs\".\"type\" = CAST($1::text AS \"public\".\"JobType\") AND \"public\".\"jobs\".\"status\" = CAST($2::text AS \"public\".\"JobStatus\") AND \"public\".\"jobs\".\"nextAttemptAt\" <= $3) ORDER BY \"public\".\"jobs\".\"createdAt\" ASC LIMIT $4 OFFSET $5","timestamp":"2026-08-12T09:27:04.253Z"}
{"level":"debug","message":"prisma query (141ms): COMMIT","timestamp":"2026-08-12T09:27:04.253Z"}
{"level":"debug","message":"prisma query (75ms): COMMIT","timestamp":"2026-08-12T09:27:04.329Z"}
{"level":"debug","message":"prisma query (308ms): BEGIN","timestamp":"2026-08-12T09:27:05.841Z"}
{"level":"debug","message":"prisma query (269ms): BEGIN","timestamp":"2026-08-12T09:27:05.847Z"}
{"level":"debug","message":"prisma query (484ms): DEALLOCATE ALL","timestamp":"2026-08-12T09:27:06.325Z"}
{"level":"debug","message":"prisma query (478ms): DEALLOCATE ALL","timestamp":"2026-08-12T09:27:06.326Z"}
{"level":"debug","message":"prisma query (275ms): SELECT \"public\".\"jobs\".\"id\", \"public\".\"jobs\".\"type\"::text, \"public\".\"jobs\".\"status\"::text, \"public\".\"jobs\".\"payload\", \"public\".\"jobs\".\"result\", \"public\".\"jobs\".\"error\", \"public\".\"jobs\".\"attempts\", \"public\".\"jobs\".\"maxAttempts\", \"public\".\"jobs\".\"nextAttemptAt\", \"public\".\"jobs\".\"createdById\", \"public\".\"jobs\".\"createdAt\", \"public\".\"jobs\".\"updatedAt\", \"public\".\"jobs\".\"completedAt\" FROM \"public\".\"jobs\" WHERE (\"public\".\"jobs\".\"type\" = CAST($1::text AS \"public\".\"JobType\") AND \"public\".\"jobs\".\"status\" = CAST($2::text AS \"public\".\"JobStatus\") AND \"public\".\"jobs\".\"nextAttemptAt\" <= $3) ORDER BY \"public\".\"jobs\".\"createdAt\" ASC LIMIT $4 OFFSET $5","timestamp":"2026-08-12T09:27:06.601Z"}
{"level":"debug","message":"prisma query (275ms): SELECT \"public\".\"jobs\".\"id\", \"public\".\"jobs\".\"type\"::text, \"public\".\"jobs\".\"status\"::text, \"public\".\"jobs\".\"payload\", \"public\".\"jobs\".\"result\", \"public\".\"jobs\".\"error\", \"public\".\"jobs\".\"attempts\", \"public\".\"jobs\".\"maxAttempts\", \"public\".\"jobs\".\"nextAttemptAt\", \"public\".\"jobs\".\"createdById\", \"public\".\"jobs\".\"createdAt\", \"public\".\"jobs\".\"updatedAt\", \"public\".\"jobs\".\"completedAt\" FROM \"public\".\"jobs\" WHERE (\"public\".\"jobs\".\"type\" = CAST($1::text AS \"public\".\"JobType\") AND \"public\".\"jobs\".\"status\" = CAST($2::text AS \"public\".\"JobStatus\") AND \"public\".\"jobs\".\"nextAttemptAt\" <= $3) ORDER BY \"public\".\"jobs\".\"createdAt\" ASC LIMIT $4 OFFSET $5","timestamp":"2026-08-12T09:27:06.602Z"}
{"level":"debug","message":"prisma query (178ms): COMMIT","timestamp":"2026-08-12T09:27:06.780Z"}
{"level":"debug","message":"prisma query (179ms): COMMIT","timestamp":"2026-08-12T09:27:06.781Z"}
{"level":"debug","message":"prisma query (57ms): BEGIN","timestamp":"2026-08-12T09:27:07.592Z"}
{"level":"debug","message":"prisma query (300ms): BEGIN","timestamp":"2026-08-12T09:27:07.882Z"}
{"level":"debug","message":"prisma query (290ms): DEALLOCATE ALL","timestamp":"2026-08-12T09:27:07.883Z"}
{"level":"debug","message":"prisma query (110ms): DEALLOCATE ALL","timestamp":"2026-08-12T09:27:07.993Z"}
{"level":"debug","message":"prisma query (317ms): SELECT \"public\".\"jobs\".\"id\", \"public\".\"jobs\".\"type\"::text, \"public\".\"jobs\".\"status\"::text, \"public\".\"jobs\".\"payload\", \"public\".\"jobs\".\"result\", \"public\".\"jobs\".\"error\", \"public\".\"jobs\".\"attempts\", \"public\".\"jobs\".\"maxAttempts\", \"public\".\"jobs\".\"nextAttemptAt\", \"public\".\"jobs\".\"createdById\", \"public\".\"jobs\".\"createdAt\", \"public\".\"jobs\".\"updatedAt\", \"public\".\"jobs\".\"completedAt\" FROM \"public\".\"jobs\" WHERE (\"public\".\"jobs\".\"type\" = CAST($1::text AS \"public\".\"JobType\") AND \"public\".\"jobs\".\"status\" = CAST($2::text AS \"public\".\"JobStatus\") AND \"public\".\"jobs\".\"nextAttemptAt\" <= $3) ORDER BY \"public\".\"jobs\".\"createdAt\" ASC LIMIT $4 OFFSET $5","timestamp":"2026-08-12T09:27:08.200Z"}
{"level":"debug","message":"prisma query (106ms): COMMIT","timestamp":"2026-08-12T09:27:08.308Z"}
{"level":"debug","message":"prisma query (314ms): SELECT \"public\".\"jobs\".\"id\", \"public\".\"jobs\".\"type\"::text, \"public\".\"jobs\".\"status\"::text, \"public\".\"jobs\".\"payload\", \"public\".\"jobs\".\"result\", \"public\".\"jobs\".\"error\", \"public\".\"jobs\".\"attempts\", \"public\".\"jobs\".\"maxAttempts\", \"public\".\"jobs\".\"nextAttemptAt\", \"public\".\"jobs\".\"createdById\", \"public\".\"jobs\".\"createdAt\", \"public\".\"jobs\".\"updatedAt\", \"public\".\"jobs\".\"completedAt\" FROM \"public\".\"jobs\" WHERE (\"public\".\"jobs\".\"type\" = CAST($1::text AS \"public\".\"JobType\") AND \"public\".\"jobs\".\"status\" = CAST($2::text AS \"public\".\"JobStatus\") AND \"public\".\"jobs\".\"nextAttemptAt\" <= $3) ORDER BY \"public\".\"jobs\".\"createdAt\" ASC LIMIT $4 OFFSET $5","timestamp":"2026-08-12T09:27:08.308Z"}
{"level":"debug","message":"prisma query (75ms): COMMIT","timestamp":"2026-08-12T09:27:08.383Z"}
{"level":"debug","message":"prisma query (97ms): BEGIN","timestamp":"2026-08-12T09:27:09.640Z"}
{"level":"debug","message":"prisma query (125ms): BEGIN","timestamp":"2026-08-12T09:27:09.717Z"}
{"level":"debug","message":"prisma query (77ms): DEALLOCATE ALL","timestamp":"2026-08-12T09:27:09.718Z"}
{"level":"debug","message":"prisma query (50ms): DEALLOCATE ALL","timestamp":"2026-08-12T09:27:09.767Z"}
{"level":"debug","message":"prisma query (132ms): SELECT \"public\".\"jobs\".\"id\", \"public\".\"jobs\".\"type\"::text, \"public\".\"jobs\".\"status\"::text, \"public\".\"jobs\".\"payload\", \"public\".\"jobs\".\"result\", \"public\".\"jobs\".\"error\", \"public\".\"jobs\".\"attempts\", \"public\".\"jobs\".\"maxAttempts\", \"public\".\"jobs\".\"nextAttemptAt\", \"public\".\"jobs\".\"createdById\", \"public\".\"jobs\".\"createdAt\", \"public\".\"jobs\".\"updatedAt\", \"public\".\"jobs\".\"completedAt\" FROM \"public\".\"jobs\" WHERE (\"public\".\"jobs\".\"type\" = CAST($1::text AS \"public\".\"JobType\") AND \"public\".\"jobs\".\"status\" = CAST($2::text AS \"public\".\"JobStatus\") AND \"public\".\"jobs\".\"nextAttemptAt\" <= $3) ORDER BY \"public\".\"jobs\".\"createdAt\" ASC LIMIT $4 OFFSET $5","timestamp":"2026-08-12T09:27:09.851Z"}
{"level":"debug","message":"prisma query (88ms): COMMIT","timestamp":"2026-08-12T09:27:09.940Z"}
{"level":"debug","message":"prisma query (172ms): SELECT \"public\".\"jobs\".\"id\", \"public\".\"jobs\".\"type\"::text, \"public\".\"jobs\".\"status\"::text, \"public\".\"jobs\".\"payload\", \"public\".\"jobs\".\"result\", \"public\".\"jobs\".\"error\", \"public\".\"jobs\".\"attempts\", \"public\".\"jobs\".\"maxAttempts\", \"public\".\"jobs\".\"nextAttemptAt\", \"public\".\"jobs\".\"createdById\", \"public\".\"jobs\".\"createdAt\", \"public\".\"jobs\".\"updatedAt\", \"public\".\"jobs\".\"completedAt\" FROM \"public\".\"jobs\" WHERE (\"public\".\"jobs\".\"type\" = CAST($1::text AS \"public\".\"JobType\") AND \"public\".\"jobs\".\"status\" = CAST($2::text AS \"public\".\"JobStatus\") AND \"public\".\"jobs\".\"nextAttemptAt\" <= $3) ORDER BY \"public\".\"jobs\".\"createdAt\" ASC LIMIT $4 OFFSET $5","timestamp":"2026-08-12T09:27:09.941Z"}
{"level":"debug","message":"prisma query (64ms): COMMIT","timestamp":"2026-08-12T09:27:10.004Z"}
{"level":"debug","message":"prisma query (84ms): BEGIN","timestamp":"2026-08-12T09:27:11.631Z"}
{"level":"debug","message":"prisma query (83ms): BEGIN","timestamp":"2026-08-12T09:27:11.677Z"}
{"level":"debug","message":"prisma query (80ms): DEALLOCATE ALL","timestamp":"2026-08-12T09:27:11.712Z"}
{"level":"debug","message":"prisma query (78ms): DEALLOCATE ALL","timestamp":"2026-08-12T09:27:11.755Z"}
{"level":"debug","message":"prisma query (99ms): SELECT \"public\".\"jobs\".\"id\", \"public\".\"jobs\".\"type\"::text, \"public\".\"jobs\".\"status\"::text, \"public\".\"jobs\".\"payload\", \"public\".\"jobs\".\"result\", \"public\".\"jobs\".\"error\", \"public\".\"jobs\".\"attempts\", \"public\".\"jobs\".\"maxAttempts\", \"public\".\"jobs\".\"nextAttemptAt\", \"public\".\"jobs\".\"createdById\", \"public\".\"jobs\".\"createdAt\", \"public\".\"jobs\".\"updatedAt\", \"public\".\"jobs\".\"completedAt\" FROM \"public\".\"jobs\" WHERE (\"public\".\"jobs\".\"type\" = CAST($1::text AS \"public\".\"JobType\") AND \"public\".\"jobs\".\"status\" = CAST($2::text AS \"public\".\"JobStatus\") AND \"public\".\"jobs\".\"nextAttemptAt\" <= $3) ORDER BY \"public\".\"jobs\".\"createdAt\" ASC LIMIT $4 OFFSET $5","timestamp":"2026-08-12T09:27:11.812Z"}
{"level":"debug","message":"prisma query (84ms): COMMIT","timestamp":"2026-08-12T09:27:11.897Z"}
{"level":"debug","message":"prisma query (141ms): SELECT \"public\".\"jobs\".\"id\", \"public\".\"jobs\".\"type\"::text, \"public\".\"jobs\".\"status\"::text, \"public\".\"jobs\".\"payload\", \"public\".\"jobs\".\"result\", \"public\".\"jobs\".\"error\", \"public\".\"jobs\".\"attempts\", \"public\".\"jobs\".\"maxAttempts\", \"public\".\"jobs\".\"nextAttemptAt\", \"public\".\"jobs\".\"createdById\", \"public\".\"jobs\".\"createdAt\", \"public\".\"jobs\".\"updatedAt\", \"public\".\"jobs\".\"completedAt\" FROM \"public\".\"jobs\" WHERE (\"public\".\"jobs\".\"type\" = CAST($1::text AS \"public\".\"JobType\") AND \"public\".\"jobs\".\"status\" = CAST($2::text AS \"public\".\"JobStatus\") AND \"public\".\"jobs\".\"nextAttemptAt\" <= $3) ORDER BY \"public\".\"jobs\".\"createdAt\" ASC LIMIT $4 OFFSET $5","timestamp":"2026-08-12T09:27:11.898Z"}
{"level":"debug","message":"prisma query (83ms): COMMIT","timestamp":"2026-08-12T09:27:11.985Z"}
{"level":"debug","message":"prisma query (89ms): BEGIN","timestamp":"2026-08-12T09:27:13.644Z"}
{"level":"debug","message":"prisma query (143ms): BEGIN","timestamp":"2026-08-12T09:27:13.745Z"}
{"level":"debug","message":"prisma query (103ms): DEALLOCATE ALL","timestamp":"2026-08-12T09:27:13.747Z"}
{"level":"debug","message":"prisma query (291ms): DEALLOCATE ALL","timestamp":"2026-08-12T09:27:14.037Z"}
{"level":"debug","message":"prisma query (522ms): SELECT \"public\".\"jobs\".\"id\", \"public\".\"jobs\".\"type\"::text, \"public\".\"jobs\".\"status\"::text, \"public\".\"jobs\".\"payload\", \"public\".\"jobs\".\"result\", \"public\".\"jobs\".\"error\", \"public\".\"jobs\".\"attempts\", \"public\".\"jobs\".\"maxAttempts\", \"public\".\"jobs\".\"nextAttemptAt\", \"public\".\"jobs\".\"createdById\", \"public\".\"jobs\".\"createdAt\", \"public\".\"jobs\".\"updatedAt\", \"public\".\"jobs\".\"completedAt\" FROM \"public\".\"jobs\" WHERE (\"public\".\"jobs\".\"type\" = CAST($1::text AS \"public\".\"JobType\") AND \"public\".\"jobs\".\"status\" = CAST($2::text AS \"public\".\"JobStatus\") AND \"public\".\"jobs\".\"nextAttemptAt\" <= $3) ORDER BY \"public\".\"jobs\".\"createdAt\" ASC LIMIT $4 OFFSET $5","timestamp":"2026-08-12T09:27:14.271Z"}
{"level":"debug","message":"prisma query (338ms): SELECT \"public\".\"jobs\".\"id\", \"public\".\"jobs\".\"type\"::text, \"public\".\"jobs\".\"status\"::text, \"public\".\"jobs\".\"payload\", \"public\".\"jobs\".\"result\", \"public\".\"jobs\".\"error\", \"public\".\"jobs\".\"attempts\", \"public\".\"jobs\".\"maxAttempts\", \"public\".\"jobs\".\"nextAttemptAt\", \"public\".\"jobs\".\"createdById\", \"public\".\"jobs\".\"createdAt\", \"public\".\"jobs\".\"updatedAt\", \"public\".\"jobs\".\"completedAt\" FROM \"public\".\"jobs\" WHERE (\"public\".\"jobs\".\"type\" = CAST($1::text AS \"public\".\"JobType\") AND \"public\".\"jobs\".\"status\" = CAST($2::text AS \"public\".\"JobStatus\") AND \"public\".\"jobs\".\"nextAttemptAt\" <= $3) ORDER BY \"public\".\"jobs\".\"createdAt\" ASC LIMIT $4 OFFSET $5","timestamp":"2026-08-12T09:27:14.380Z"}
{"level":"debug","message":"prisma query (105ms): COMMIT","timestamp":"2026-08-12T09:27:14.381Z"}
{"level":"debug","message":"prisma query (94ms): COMMIT","timestamp":"2026-08-12T09:27:14.470Z"}
{"level":"debug","message":"prisma query (41ms): SELECT 1","timestamp":"2026-08-12T09:27:15.599Z"}
{"level":"debug","message":"prisma query (72ms): BEGIN","timestamp":"2026-08-12T09:27:15.673Z"}
{"level":"debug","message":"prisma query (89ms): SELECT 1","timestamp":"2026-08-12T09:27:15.691Z"}
{"level":"debug","message":"prisma query (68ms): DEALLOCATE ALL","timestamp":"2026-08-12T09:27:15.741Z"}
{"level":"debug","message":"prisma query (60ms): BEGIN","timestamp":"2026-08-12T09:27:15.751Z"}
{"level":"debug","message":"prisma query (64ms): DEALLOCATE ALL","timestamp":"2026-08-12T09:27:15.816Z"}
{"level":"debug","message":"prisma query (135ms): SELECT \"public\".\"jobs\".\"id\", \"public\".\"jobs\".\"type\"::text, \"public\".\"jobs\".\"status\"::text, \"public\".\"jobs\".\"payload\", \"public\".\"jobs\".\"result\", \"public\".\"jobs\".\"error\", \"public\".\"jobs\".\"attempts\", \"public\".\"jobs\".\"maxAttempts\", \"public\".\"jobs\".\"nextAttemptAt\", \"public\".\"jobs\".\"createdById\", \"public\".\"jobs\".\"createdAt\", \"public\".\"jobs\".\"updatedAt\", \"public\".\"jobs\".\"completedAt\" FROM \"public\".\"jobs\" WHERE (\"public\".\"jobs\".\"type\" = CAST($1::text AS \"public\".\"JobType\") AND \"public\".\"jobs\".\"status\" = CAST($2::text AS \"public\".\"JobStatus\") AND \"public\".\"jobs\".\"nextAttemptAt\" <= $3) ORDER BY \"public\".\"jobs\".\"createdAt\" ASC LIMIT $4 OFFSET $5","timestamp":"2026-08-12T09:27:15.878Z"}
{"level":"debug","message":"prisma query (73ms): COMMIT","timestamp":"2026-08-12T09:27:15.952Z"}
{"level":"debug","message":"prisma query (140ms): SELECT \"public\".\"jobs\".\"id\", \"public\".\"jobs\".\"type\"::text, \"public\".\"jobs\".\"status\"::text, \"public\".\"jobs\".\"payload\", \"public\".\"jobs\".\"result\", \"public\".\"jobs\".\"error\", \"public\".\"jobs\".\"attempts\", \"public\".\"jobs\".\"maxAttempts\", \"public\".\"jobs\".\"nextAttemptAt\", \"public\".\"jobs\".\"createdById\", \"public\".\"jobs\".\"createdAt\", \"public\".\"jobs\".\"updatedAt\", \"public\".\"jobs\".\"completedAt\" FROM \"public\".\"jobs\" WHERE (\"public\".\"jobs\".\"type\" = CAST($1::text AS \"public\".\"JobType\") AND \"public\".\"jobs\".\"status\" = CAST($2::text AS \"public\".\"JobStatus\") AND \"public\".\"jobs\".\"nextAttemptAt\" <= $3) ORDER BY \"public\".\"jobs\".\"createdAt\" ASC LIMIT $4 OFFSET $5","timestamp":"2026-08-12T09:27:15.957Z"}
{"level":"debug","message":"prisma query (44ms): COMMIT","timestamp":"2026-08-12T09:27:16.002Z"}
{"level":"debug","message":"prisma query (77ms): BEGIN","timestamp":"2026-08-12T09:27:17.638Z"}
{"level":"debug","message":"prisma query (67ms): BEGIN","timestamp":"2026-08-12T09:27:17.672Z"}
{"level":"debug","message":"prisma query (52ms): DEALLOCATE ALL","timestamp":"2026-08-12T09:27:17.726Z"}
{"level":"debug","message":"prisma query (89ms): DEALLOCATE ALL","timestamp":"2026-08-12T09:27:17.727Z"}
{"level":"debug","message":"prisma query (126ms): SELECT \"public\".\"jobs\".\"id\", \"public\".\"jobs\".\"type\"::text, \"public\".\"jobs\".\"status\"::text, \"public\".\"jobs\".\"payload\", \"public\".\"jobs\".\"result\", \"public\".\"jobs\".\"error\", \"public\".\"jobs\".\"attempts\", \"public\".\"jobs\".\"maxAttempts\", \"public\".\"jobs\".\"nextAttemptAt\", \"public\".\"jobs\".\"createdById\", \"public\".\"jobs\".\"createdAt\", \"public\".\"jobs\".\"updatedAt\", \"public\".\"jobs\".\"completedAt\" FROM \"public\".\"jobs\" WHERE (\"public\".\"jobs\".\"type\" = CAST($1::text AS \"public\".\"JobType\") AND \"public\".\"jobs\".\"status\" = CAST($2::text AS \"public\".\"JobStatus\") AND \"public\".\"jobs\".\"nextAttemptAt\" <= $3) ORDER BY \"public\".\"jobs\".\"createdAt\" ASC LIMIT $4 OFFSET $5","timestamp":"2026-08-12T09:27:17.853Z"}
{"level":"debug","message":"prisma query (143ms): SELECT \"public\".\"jobs\".\"id\", \"public\".\"jobs\".\"type\"::text, \"public\".\"jobs\".\"status\"::text, \"public\".\"jobs\".\"payload\", \"public\".\"jobs\".\"result\", \"public\".\"jobs\".\"error\", \"public\".\"jobs\".\"attempts\", \"public\".\"jobs\".\"maxAttempts\", \"public\".\"jobs\".\"nextAttemptAt\", \"public\".\"jobs\".\"createdById\", \"public\".\"jobs\".\"createdAt\", \"public\".\"jobs\".\"updatedAt\", \"public\".\"jobs\".\"completedAt\" FROM \"public\".\"jobs\" WHERE (\"public\".\"jobs\".\"type\" = CAST($1::text AS \"public\".\"JobType\") AND \"public\".\"jobs\".\"status\" = CAST($2::text AS \"public\".\"JobStatus\") AND \"public\".\"jobs\".\"nextAttemptAt\" <= $3) ORDER BY \"public\".\"jobs\".\"createdAt\" ASC LIMIT $4 OFFSET $5","timestamp":"2026-08-12T09:27:17.871Z"}
{"level":"debug","message":"prisma query (51ms): COMMIT","timestamp":"2026-08-12T09:27:17.905Z"}
{"level":"debug","message":"prisma query (57ms): COMMIT","timestamp":"2026-08-12T09:27:17.931Z"}
{"level":"debug","message":"prisma query (116ms): BEGIN","timestamp":"2026-08-12T09:27:19.676Z"}
{"level":"debug","message":"prisma query (115ms): BEGIN","timestamp":"2026-08-12T09:27:19.722Z"}
{"level":"debug","message":"prisma query (48ms): DEALLOCATE ALL","timestamp":"2026-08-12T09:27:19.725Z"}
{"level":"debug","message":"prisma query (50ms): DEALLOCATE ALL","timestamp":"2026-08-12T09:27:19.773Z"}
{"level":"debug","message":"prisma query (126ms): SELECT \"public\".\"jobs\".\"id\", \"public\".\"jobs\".\"type\"::text, \"public\".\"jobs\".\"status\"::text, \"public\".\"jobs\".\"payload\", \"public\".\"jobs\".\"result\", \"public\".\"jobs\".\"error\", \"public\".\"jobs\".\"attempts\", \"public\".\"jobs\".\"maxAttempts\", \"public\".\"jobs\".\"nextAttemptAt\", \"public\".\"jobs\".\"createdById\", \"public\".\"jobs\".\"createdAt\", \"public\".\"jobs\".\"updatedAt\", \"public\".\"jobs\".\"completedAt\" FROM \"public\".\"jobs\" WHERE (\"public\".\"jobs\".\"type\" = CAST($1::text AS \"public\".\"JobType\") AND \"public\".\"jobs\".\"status\" = CAST($2::text AS \"public\".\"JobStatus\") AND \"public\".\"jobs\".\"nextAttemptAt\" <= $3) ORDER BY \"public\".\"jobs\".\"createdAt\" ASC LIMIT $4 OFFSET $5","timestamp":"2026-08-12T09:27:19.851Z"}
{"level":"debug","message":"prisma query (58ms): COMMIT","timestamp":"2026-08-12T09:27:19.910Z"}
{"level":"debug","message":"prisma query (137ms): SELECT \"public\".\"jobs\".\"id\", \"public\".\"jobs\".\"type\"::text, \"public\".\"jobs\".\"status\"::text, \"public\".\"jobs\".\"payload\", \"public\".\"jobs\".\"result\", \"public\".\"jobs\".\"error\", \"public\".\"jobs\".\"attempts\", \"public\".\"jobs\".\"maxAttempts\", \"public\".\"jobs\".\"nextAttemptAt\", \"public\".\"jobs\".\"createdById\", \"public\".\"jobs\".\"createdAt\", \"public\".\"jobs\".\"updatedAt\", \"public\".\"jobs\".\"completedAt\" FROM \"public\".\"jobs\" WHERE (\"public\".\"jobs\".\"type\" = CAST($1::text AS \"public\".\"JobType\") AND \"public\".\"jobs\".\"status\" = CAST($2::text AS \"public\".\"JobStatus\") AND \"public\".\"jobs\".\"nextAttemptAt\" <= $3) ORDER BY \"public\".\"jobs\".\"createdAt\" ASC LIMIT $4 OFFSET $5","timestamp":"2026-08-12T09:27:19.911Z"}
{"level":"debug","message":"prisma query (55ms): COMMIT","timestamp":"2026-08-12T09:27:19.966Z"}
{"level":"debug","message":"prisma query (124ms): BEGIN","timestamp":"2026-08-12T09:27:21.699Z"}
{"level":"debug","message":"prisma query (77ms): BEGIN","timestamp":"2026-08-12T09:27:21.699Z"}
{"level":"debug","message":"prisma query (33ms): DEALLOCATE ALL","timestamp":"2026-08-12T09:27:21.732Z"}
{"level":"debug","message":"prisma query (37ms): DEALLOCATE ALL","timestamp":"2026-08-12T09:27:21.736Z"}
{"level":"debug","message":"prisma query (128ms): SELECT \"public\".\"jobs\".\"id\", \"public\".\"jobs\".\"type\"::text, \"public\".\"jobs\".\"status\"::text, \"public\".\"jobs\".\"payload\", \"public\".\"jobs\".\"result\", \"public\".\"jobs\".\"error\", \"public\".\"jobs\".\"attempts\", \"public\".\"jobs\".\"maxAttempts\", \"public\".\"jobs\".\"nextAttemptAt\", \"public\".\"jobs\".\"createdById\", \"public\".\"jobs\".\"createdAt\", \"public\".\"jobs\".\"updatedAt\", \"public\".\"jobs\".\"completedAt\" FROM \"public\".\"jobs\" WHERE (\"public\".\"jobs\".\"type\" = CAST($1::text AS \"public\".\"JobType\") AND \"public\".\"jobs\".\"status\" = CAST($2::text AS \"public\".\"JobStatus\") AND \"public\".\"jobs\".\"nextAttemptAt\" <= $3) ORDER BY \"public\".\"jobs\".\"createdAt\" ASC LIMIT $4 OFFSET $5","timestamp":"2026-08-12T09:27:21.862Z"}
{"level":"debug","message":"prisma query (163ms): SELECT \"public\".\"jobs\".\"id\", \"public\".\"jobs\".\"type\"::text, \"public\".\"jobs\".\"status\"::text, \"public\".\"jobs\".\"payload\", \"public\".\"jobs\".\"result\", \"public\".\"jobs\".\"error\", \"public\".\"jobs\".\"attempts\", \"public\".\"jobs\".\"maxAttempts\", \"public\".\"jobs\".\"nextAttemptAt\", \"public\".\"jobs\".\"createdById\", \"public\".\"jobs\".\"createdAt\", \"public\".\"jobs\".\"updatedAt\", \"public\".\"jobs\".\"completedAt\" FROM \"public\".\"jobs\" WHERE (\"public\".\"jobs\".\"type\" = CAST($1::text AS \"public\".\"JobType\") AND \"public\".\"jobs\".\"status\" = CAST($2::text AS \"public\".\"JobStatus\") AND \"public\".\"jobs\".\"nextAttemptAt\" <= $3) ORDER BY \"public\".\"jobs\".\"createdAt\" ASC LIMIT $4 OFFSET $5","timestamp":"2026-08-12T09:27:21.900Z"}
{"level":"debug","message":"prisma query (91ms): COMMIT","timestamp":"2026-08-12T09:27:21.953Z"}
{"level":"debug","message":"prisma query (64ms): COMMIT","timestamp":"2026-08-12T09:27:21.965Z"}
{"level":"debug","message":"prisma query (46ms): BEGIN","timestamp":"2026-08-12T09:27:23.633Z"}
{"level":"debug","message":"prisma query (43ms): BEGIN","timestamp":"2026-08-12T09:27:23.678Z"}
{"level":"debug","message":"prisma query (53ms): DEALLOCATE ALL","timestamp":"2026-08-12T09:27:23.685Z"}
{"level":"debug","message":"prisma query (50ms): DEALLOCATE ALL","timestamp":"2026-08-12T09:27:23.727Z"}
{"level":"debug","message":"prisma query (108ms): SELECT \"public\".\"jobs\".\"id\", \"public\".\"jobs\".\"type\"::text, \"public\".\"jobs\".\"status\"::text, \"public\".\"jobs\".\"payload\", \"public\".\"jobs\".\"result\", \"public\".\"jobs\".\"error\", \"public\".\"jobs\".\"attempts\", \"public\".\"jobs\".\"maxAttempts\", \"public\".\"jobs\".\"nextAttemptAt\", \"public\".\"jobs\".\"createdById\", \"public\".\"jobs\".\"createdAt\", \"public\".\"jobs\".\"updatedAt\", \"public\".\"jobs\".\"completedAt\" FROM \"public\".\"jobs\" WHERE (\"public\".\"jobs\".\"type\" = CAST($1::text AS \"public\".\"JobType\") AND \"public\".\"jobs\".\"status\" = CAST($2::text AS \"public\".\"JobStatus\") AND \"public\".\"jobs\".\"nextAttemptAt\" <= $3) ORDER BY \"public\".\"jobs\".\"createdAt\" ASC LIMIT $4 OFFSET $5","timestamp":"2026-08-12T09:27:23.794Z"}
{"level":"debug","message":"prisma query (107ms): SELECT \"public\".\"jobs\".\"id\", \"public\".\"jobs\".\"type\"::text, \"public\".\"jobs\".\"status\"::text, \"public\".\"jobs\".\"payload\", \"public\".\"jobs\".\"result\", \"public\".\"jobs\".\"error\", \"public\".\"jobs\".\"attempts\", \"public\".\"jobs\".\"maxAttempts\", \"public\".\"jobs\".\"nextAttemptAt\", \"public\".\"jobs\".\"createdById\", \"public\".\"jobs\".\"createdAt\", \"public\".\"jobs\".\"updatedAt\", \"public\".\"jobs\".\"completedAt\" FROM \"public\".\"jobs\" WHERE (\"public\".\"jobs\".\"type\" = CAST($1::text AS \"public\".\"JobType\") AND \"public\".\"jobs\".\"status\" = CAST($2::text AS \"public\".\"JobStatus\") AND \"public\".\"jobs\".\"nextAttemptAt\" <= $3) ORDER BY \"public\".\"jobs\".\"createdAt\" ASC LIMIT $4 OFFSET $5","timestamp":"2026-08-12T09:27:23.835Z"}
{"level":"debug","message":"prisma query (51ms): COMMIT","timestamp":"2026-08-12T09:27:23.846Z"}
{"level":"debug","message":"prisma query (69ms): COMMIT","timestamp":"2026-08-12T09:27:23.905Z"}
{"level":"debug","message":"prisma query (36ms): BEGIN","timestamp":"2026-08-12T09:27:25.633Z"}
{"level":"debug","message":"prisma query (53ms): DEALLOCATE ALL","timestamp":"2026-08-12T09:27:25.688Z"}
{"level":"debug","message":"prisma query (50ms): BEGIN","timestamp":"2026-08-12T09:27:25.692Z"}
{"level":"debug","message":"prisma query (81ms): DEALLOCATE ALL","timestamp":"2026-08-12T09:27:25.769Z"}
{"level":"debug","message":"prisma query (156ms): SELECT \"public\".\"jobs\".\"id\", \"public\".\"jobs\".\"type\"::text, \"public\".\"jobs\".\"status\"::text, \"public\".\"jobs\".\"payload\", \"public\".\"jobs\".\"result\", \"public\".\"jobs\".\"error\", \"public\".\"jobs\".\"attempts\", \"public\".\"jobs\".\"maxAttempts\", \"public\".\"jobs\".\"nextAttemptAt\", \"public\".\"jobs\".\"createdById\", \"public\".\"jobs\".\"createdAt\", \"public\".\"jobs\".\"updatedAt\", \"public\".\"jobs\".\"completedAt\" FROM \"public\".\"jobs\" WHERE (\"public\".\"jobs\".\"type\" = CAST($1::text AS \"public\".\"JobType\") AND \"public\".\"jobs\".\"status\" = CAST($2::text AS \"public\".\"JobStatus\") AND \"public\".\"jobs\".\"nextAttemptAt\" <= $3) ORDER BY \"public\".\"jobs\".\"createdAt\" ASC LIMIT $4 OFFSET $5","timestamp":"2026-08-12T09:27:25.845Z"}
{"level":"debug","message":"prisma query (80ms): COMMIT","timestamp":"2026-08-12T09:27:25.922Z"}
{"level":"debug","message":"prisma query (246ms): SELECT \"public\".\"jobs\".\"id\", \"public\".\"jobs\".\"type\"::text, \"public\".\"jobs\".\"status\"::text, \"public\".\"jobs\".\"payload\", \"public\".\"jobs\".\"result\", \"public\".\"jobs\".\"error\", \"public\".\"jobs\".\"attempts\", \"public\".\"jobs\".\"maxAttempts\", \"public\".\"jobs\".\"nextAttemptAt\", \"public\".\"jobs\".\"createdById\", \"public\".\"jobs\".\"createdAt\", \"public\".\"jobs\".\"updatedAt\", \"public\".\"jobs\".\"completedAt\" FROM \"public\".\"jobs\" WHERE (\"public\".\"jobs\".\"type\" = CAST($1::text AS \"public\".\"JobType\") AND \"public\".\"jobs\".\"status\" = CAST($2::text AS \"public\".\"JobStatus\") AND \"public\".\"jobs\".\"nextAttemptAt\" <= $3) ORDER BY \"public\".\"jobs\".\"createdAt\" ASC LIMIT $4 OFFSET $5","timestamp":"2026-08-12T09:27:26.016Z"}
{"level":"debug","message":"prisma query (78ms): COMMIT","timestamp":"2026-08-12T09:27:26.094Z"}
{"level":"debug","message":"prisma query (119ms): BEGIN","timestamp":"2026-08-12T09:27:27.720Z"}
{"level":"debug","message":"prisma query (156ms): BEGIN","timestamp":"2026-08-12T09:27:27.804Z"}
{"level":"debug","message":"prisma query (87ms): DEALLOCATE ALL","timestamp":"2026-08-12T09:27:27.807Z"}
{"level":"debug","message":"prisma query (107ms): DEALLOCATE ALL","timestamp":"2026-08-12T09:27:27.913Z"}
{"level":"debug","message":"prisma query (222ms): SELECT \"public\".\"jobs\".\"id\", \"public\".\"jobs\".\"type\"::text, \"public\".\"jobs\".\"status\"::text, \"public\".\"jobs\".\"payload\", \"public\".\"jobs\".\"result\", \"public\".\"jobs\".\"error\", \"public\".\"jobs\".\"attempts\", \"public\".\"jobs\".\"maxAttempts\", \"public\".\"jobs\".\"nextAttemptAt\", \"public\".\"jobs\".\"createdById\", \"public\".\"jobs\".\"createdAt\", \"public\".\"jobs\".\"updatedAt\", \"public\".\"jobs\".\"completedAt\" FROM \"public\".\"jobs\" WHERE (\"public\".\"jobs\".\"type\" = CAST($1::text AS \"public\".\"JobType\") AND \"public\".\"jobs\".\"status\" = CAST($2::text AS \"public\".\"JobStatus\") AND \"public\".\"jobs\".\"nextAttemptAt\" <= $3) ORDER BY \"public\".\"jobs\".\"createdAt\" ASC LIMIT $4 OFFSET $5","timestamp":"2026-08-12T09:27:28.031Z"}
{"level":"debug","message":"prisma query (426ms): SELECT \"public\".\"jobs\".\"id\", \"public\".\"jobs\".\"type\"::text, \"public\".\"jobs\".\"status\"::text, \"public\".\"jobs\".\"payload\", \"public\".\"jobs\".\"result\", \"public\".\"jobs\".\"error\", \"public\".\"jobs\".\"attempts\", \"public\".\"jobs\".\"maxAttempts\", \"public\".\"jobs\".\"nextAttemptAt\", \"public\".\"jobs\".\"createdById\", \"public\".\"jobs\".\"createdAt\", \"public\".\"jobs\".\"updatedAt\", \"public\".\"jobs\".\"completedAt\" FROM \"public\".\"jobs\" WHERE (\"public\".\"jobs\".\"type\" = CAST($1::text AS \"public\".\"JobType\") AND \"public\".\"jobs\".\"status\" = CAST($2::text AS \"public\".\"JobStatus\") AND \"public\".\"jobs\".\"nextAttemptAt\" <= $3) ORDER BY \"public\".\"jobs\".\"createdAt\" ASC LIMIT $4 OFFSET $5","timestamp":"2026-08-12T09:27:28.339Z"}
{"level":"debug","message":"prisma query (309ms): COMMIT","timestamp":"2026-08-12T09:27:28.343Z"}
{"level":"debug","message":"prisma query (78ms): COMMIT","timestamp":"2026-08-12T09:27:28.418Z"}
{"level":"debug","message":"prisma query (72ms): BEGIN","timestamp":"2026-08-12T09:27:29.680Z"}
{"level":"debug","message":"prisma query (109ms): DEALLOCATE ALL","timestamp":"2026-08-12T09:27:29.789Z"}
{"level":"debug","message":"prisma query (135ms): BEGIN","timestamp":"2026-08-12T09:27:29.790Z"}
{"level":"debug","message":"prisma query (88ms): DEALLOCATE ALL","timestamp":"2026-08-12T09:27:29.878Z"}
{"level":"debug","message":"prisma query (199ms): SELECT \"public\".\"jobs\".\"id\", \"public\".\"jobs\".\"type\"::text, \"public\".\"jobs\".\"status\"::text, \"public\".\"jobs\".\"payload\", \"public\".\"jobs\".\"result\", \"public\".\"jobs\".\"error\", \"public\".\"jobs\".\"attempts\", \"public\".\"jobs\".\"maxAttempts\", \"public\".\"jobs\".\"nextAttemptAt\", \"public\".\"jobs\".\"createdById\", \"public\".\"jobs\".\"createdAt\", \"public\".\"jobs\".\"updatedAt\", \"public\".\"jobs\".\"completedAt\" FROM \"public\".\"jobs\" WHERE (\"public\".\"jobs\".\"type\" = CAST($1::text AS \"public\".\"JobType\") AND \"public\".\"jobs\".\"status\" = CAST($2::text AS \"public\".\"JobStatus\") AND \"public\".\"jobs\".\"nextAttemptAt\" <= $3) ORDER BY \"public\".\"jobs\".\"createdAt\" ASC LIMIT $4 OFFSET $5","timestamp":"2026-08-12T09:27:29.989Z"}
{"level":"debug","message":"prisma query (56ms): COMMIT","timestamp":"2026-08-12T09:27:30.046Z"}
{"level":"debug","message":"prisma query (167ms): SELECT \"public\".\"jobs\".\"id\", \"public\".\"jobs\".\"type\"::text, \"public\".\"jobs\".\"status\"::text, \"public\".\"jobs\".\"payload\", \"public\".\"jobs\".\"result\", \"public\".\"jobs\".\"error\", \"public\".\"jobs\".\"attempts\", \"public\".\"jobs\".\"maxAttempts\", \"public\".\"jobs\".\"nextAttemptAt\", \"public\".\"jobs\".\"createdById\", \"public\".\"jobs\".\"createdAt\", \"public\".\"jobs\".\"updatedAt\", \"public\".\"jobs\".\"completedAt\" FROM \"public\".\"jobs\" WHERE (\"public\".\"jobs\".\"type\" = CAST($1::text AS \"public\".\"JobType\") AND \"public\".\"jobs\".\"status\" = CAST($2::text AS \"public\".\"JobStatus\") AND \"public\".\"jobs\".\"nextAttemptAt\" <= $3) ORDER BY \"public\".\"jobs\".\"createdAt\" ASC LIMIT $4 OFFSET $5","timestamp":"2026-08-12T09:27:30.047Z"}
{"level":"debug","message":"prisma query (85ms): COMMIT","timestamp":"2026-08-12T09:27:30.131Z"}
{"level":"debug","message":"prisma query (53ms): SELECT 1","timestamp":"2026-08-12T09:27:31.675Z"}
{"level":"debug","message":"prisma query (58ms): SELECT 1","timestamp":"2026-08-12T09:27:31.725Z"}
{"level":"debug","message":"prisma query (50ms): BEGIN","timestamp":"2026-08-12T09:27:31.726Z"}
{"level":"debug","message":"prisma query (115ms): BEGIN","timestamp":"2026-08-12T09:27:31.842Z"}
{"level":"debug","message":"prisma query (115ms): DEALLOCATE ALL","timestamp":"2026-08-12T09:27:31.842Z"}
{"level":"debug","message":"prisma query (99ms): DEALLOCATE ALL","timestamp":"2026-08-12T09:27:31.941Z"}
{"level":"debug","message":"prisma query (178ms): SELECT \"public\".\"jobs\".\"id\", \"public\".\"jobs\".\"type\"::text, \"public\".\"jobs\".\"status\"::text, \"public\".\"jobs\".\"payload\", \"public\".\"jobs\".\"result\", \"public\".\"jobs\".\"error\", \"public\".\"jobs\".\"attempts\", \"public\".\"jobs\".\"maxAttempts\", \"public\".\"jobs\".\"nextAttemptAt\", \"public\".\"jobs\".\"createdById\", \"public\".\"jobs\".\"createdAt\", \"public\".\"jobs\".\"updatedAt\", \"public\".\"jobs\".\"completedAt\" FROM \"public\".\"jobs\" WHERE (\"public\".\"jobs\".\"type\" = CAST($1::text AS \"public\".\"JobType\") AND \"public\".\"jobs\".\"status\" = CAST($2::text AS \"public\".\"JobStatus\") AND \"public\".\"jobs\".\"nextAttemptAt\" <= $3) ORDER BY \"public\".\"jobs\".\"createdAt\" ASC LIMIT $4 OFFSET $5","timestamp":"2026-08-12T09:27:32.021Z"}
{"level":"debug","message":"prisma query (146ms): SELECT \"public\".\"jobs\".\"id\", \"public\".\"jobs\".\"type\"::text, \"public\".\"jobs\".\"status\"::text, \"public\".\"jobs\".\"payload\", \"public\".\"jobs\".\"result\", \"public\".\"jobs\".\"error\", \"public\".\"jobs\".\"attempts\", \"public\".\"jobs\".\"maxAttempts\", \"public\".\"jobs\".\"nextAttemptAt\", \"public\".\"jobs\".\"createdById\", \"public\".\"jobs\".\"createdAt\", \"public\".\"jobs\".\"updatedAt\", \"public\".\"jobs\".\"completedAt\" FROM \"public\".\"jobs\" WHERE (\"public\".\"jobs\".\"type\" = CAST($1::text AS \"public\".\"JobType\") AND \"public\".\"jobs\".\"status\" = CAST($2::text AS \"public\".\"JobStatus\") AND \"public\".\"jobs\".\"nextAttemptAt\" <= $3) ORDER BY \"public\".\"jobs\".\"createdAt\" ASC LIMIT $4 OFFSET $5","timestamp":"2026-08-12T09:27:32.088Z"}
{"level":"debug","message":"prisma query (67ms): COMMIT","timestamp":"2026-08-12T09:27:32.088Z"}
{"level":"debug","message":"prisma query (70ms): COMMIT","timestamp":"2026-08-12T09:27:32.159Z"}
{"level":"debug","message":"prisma query (76ms): BEGIN","timestamp":"2026-08-12T09:27:33.715Z"}
{"level":"debug","message":"prisma query (65ms): BEGIN","timestamp":"2026-08-12T09:27:33.734Z"}
{"level":"debug","message":"prisma query (104ms): DEALLOCATE ALL","timestamp":"2026-08-12T09:27:33.818Z"}
{"level":"debug","message":"prisma query (85ms): DEALLOCATE ALL","timestamp":"2026-08-12T09:27:33.833Z"}
{"level":"debug","message":"prisma query (184ms): SELECT \"public\".\"jobs\".\"id\", \"public\".\"jobs\".\"type\"::text, \"public\".\"jobs\".\"status\"::text, \"public\".\"jobs\".\"payload\", \"public\".\"jobs\".\"result\", \"public\".\"jobs\".\"error\", \"public\".\"jobs\".\"attempts\", \"public\".\"jobs\".\"maxAttempts\", \"public\".\"jobs\".\"nextAttemptAt\", \"public\".\"jobs\".\"createdById\", \"public\".\"jobs\".\"createdAt\", \"public\".\"jobs\".\"updatedAt\", \"public\".\"jobs\".\"completedAt\" FROM \"public\".\"jobs\" WHERE (\"public\".\"jobs\".\"type\" = CAST($1::text AS \"public\".\"JobType\") AND \"public\".\"jobs\".\"status\" = CAST($2::text AS \"public\".\"JobStatus\") AND \"public\".\"jobs\".\"nextAttemptAt\" <= $3) ORDER BY \"public\".\"jobs\".\"createdAt\" ASC LIMIT $4 OFFSET $5","timestamp":"2026-08-12T09:27:34.003Z"}
{"level":"debug","message":"prisma query (189ms): SELECT \"public\".\"jobs\".\"id\", \"public\".\"jobs\".\"type\"::text, \"public\".\"jobs\".\"status\"::text, \"public\".\"jobs\".\"payload\", \"public\".\"jobs\".\"result\", \"public\".\"jobs\".\"error\", \"public\".\"jobs\".\"attempts\", \"public\".\"jobs\".\"maxAttempts\", \"public\".\"jobs\".\"nextAttemptAt\", \"public\".\"jobs\".\"createdById\", \"public\".\"jobs\".\"createdAt\", \"public\".\"jobs\".\"updatedAt\", \"public\".\"jobs\".\"completedAt\" FROM \"public\".\"jobs\" WHERE (\"public\".\"jobs\".\"type\" = CAST($1::text AS \"public\".\"JobType\") AND \"public\".\"jobs\".\"status\" = CAST($2::text AS \"public\".\"JobStatus\") AND \"public\".\"jobs\".\"nextAttemptAt\" <= $3) ORDER BY \"public\".\"jobs\".\"createdAt\" ASC LIMIT $4 OFFSET $5","timestamp":"2026-08-12T09:27:34.010Z"}
{"level":"debug","message":"prisma query (74ms): COMMIT","timestamp":"2026-08-12T09:27:34.078Z"}
{"level":"debug","message":"prisma query (68ms): COMMIT","timestamp":"2026-08-12T09:27:34.079Z"}
{"level":"debug","message":"prisma query (77ms): BEGIN","timestamp":"2026-08-12T09:27:35.718Z"}
{"level":"debug","message":"prisma query (83ms): BEGIN","timestamp":"2026-08-12T09:27:35.757Z"}
{"level":"debug","message":"prisma query (56ms): DEALLOCATE ALL","timestamp":"2026-08-12T09:27:35.775Z"}
{"level":"debug","message":"prisma query (94ms): DEALLOCATE ALL","timestamp":"2026-08-12T09:27:35.851Z"}
{"level":"debug","message":"prisma query (163ms): SELECT \"public\".\"jobs\".\"id\", \"public\".\"jobs\".\"type\"::text, \"public\".\"jobs\".\"status\"::text, \"public\".\"jobs\".\"payload\", \"public\".\"jobs\".\"result\", \"public\".\"jobs\".\"error\", \"public\".\"jobs\".\"attempts\", \"public\".\"jobs\".\"maxAttempts\", \"public\".\"jobs\".\"nextAttemptAt\", \"public\".\"jobs\".\"createdById\", \"public\".\"jobs\".\"createdAt\", \"public\".\"jobs\".\"updatedAt\", \"public\".\"jobs\".\"completedAt\" FROM \"public\".\"jobs\" WHERE (\"public\".\"jobs\".\"type\" = CAST($1::text AS \"public\".\"JobType\") AND \"public\".\"jobs\".\"status\" = CAST($2::text AS \"public\".\"JobStatus\") AND \"public\".\"jobs\".\"nextAttemptAt\" <= $3) ORDER BY \"public\".\"jobs\".\"createdAt\" ASC LIMIT $4 OFFSET $5","timestamp":"2026-08-12T09:27:35.938Z"}
{"level":"debug","message":"prisma query (111ms): SELECT \"public\".\"jobs\".\"id\", \"public\".\"jobs\".\"type\"::text, \"public\".\"jobs\".\"status\"::text, \"public\".\"jobs\".\"payload\", \"public\".\"jobs\".\"result\", \"public\".\"jobs\".\"error\", \"public\".\"jobs\".\"attempts\", \"public\".\"jobs\".\"maxAttempts\", \"public\".\"jobs\".\"nextAttemptAt\", \"public\".\"jobs\".\"createdById\", \"public\".\"jobs\".\"createdAt\", \"public\".\"jobs\".\"updatedAt\", \"public\".\"jobs\".\"completedAt\" FROM \"public\".\"jobs\" WHERE (\"public\".\"jobs\".\"type\" = CAST($1::text AS \"public\".\"JobType\") AND \"public\".\"jobs\".\"status\" = CAST($2::text AS \"public\".\"JobStatus\") AND \"public\".\"jobs\".\"nextAttemptAt\" <= $3) ORDER BY \"public\".\"jobs\".\"createdAt\" ASC LIMIT $4 OFFSET $5","timestamp":"2026-08-12T09:27:35.964Z"}
{"level":"debug","message":"prisma query (71ms): COMMIT","timestamp":"2026-08-12T09:27:36.035Z"}
{"level":"debug","message":"prisma query (97ms): COMMIT","timestamp":"2026-08-12T09:27:36.036Z"}
{"level":"debug","message":"prisma query (67ms): BEGIN","timestamp":"2026-08-12T09:27:37.715Z"}
{"level":"debug","message":"prisma query (66ms): BEGIN","timestamp":"2026-08-12T09:27:37.746Z"}
{"level":"debug","message":"prisma query (92ms): DEALLOCATE ALL","timestamp":"2026-08-12T09:27:37.807Z"}
{"level":"debug","message":"prisma query (62ms): DEALLOCATE ALL","timestamp":"2026-08-12T09:27:37.808Z"}
{"level":"debug","message":"prisma query (142ms): SELECT \"public\".\"jobs\".\"id\", \"public\".\"jobs\".\"type\"::text, \"public\".\"jobs\".\"status\"::text, \"public\".\"jobs\".\"payload\", \"public\".\"jobs\".\"result\", \"public\".\"jobs\".\"error\", \"public\".\"jobs\".\"attempts\", \"public\".\"jobs\".\"maxAttempts\", \"public\".\"jobs\".\"nextAttemptAt\", \"public\".\"jobs\".\"createdById\", \"public\".\"jobs\".\"createdAt\", \"public\".\"jobs\".\"updatedAt\", \"public\".\"jobs\".\"completedAt\" FROM \"public\".\"jobs\" WHERE (\"public\".\"jobs\".\"type\" = CAST($1::text AS \"public\".\"JobType\") AND \"public\".\"jobs\".\"status\" = CAST($2::text AS \"public\".\"JobStatus\") AND \"public\".\"jobs\".\"nextAttemptAt\" <= $3) ORDER BY \"public\".\"jobs\".\"createdAt\" ASC LIMIT $4 OFFSET $5","timestamp":"2026-08-12T09:27:37.951Z"}
{"level":"debug","message":"prisma query (155ms): SELECT \"public\".\"jobs\".\"id\", \"public\".\"jobs\".\"type\"::text, \"public\".\"jobs\".\"status\"::text, \"public\".\"jobs\".\"payload\", \"public\".\"jobs\".\"result\", \"public\".\"jobs\".\"error\", \"public\".\"jobs\".\"attempts\", \"public\".\"jobs\".\"maxAttempts\", \"public\".\"jobs\".\"nextAttemptAt\", \"public\".\"jobs\".\"createdById\", \"public\".\"jobs\".\"createdAt\", \"public\".\"jobs\".\"updatedAt\", \"public\".\"jobs\".\"completedAt\" FROM \"public\".\"jobs\" WHERE (\"public\".\"jobs\".\"type\" = CAST($1::text AS \"public\".\"JobType\") AND \"public\".\"jobs\".\"status\" = CAST($2::text AS \"public\".\"JobStatus\") AND \"public\".\"jobs\".\"nextAttemptAt\" <= $3) ORDER BY \"public\".\"jobs\".\"createdAt\" ASC LIMIT $4 OFFSET $5","timestamp":"2026-08-12T09:27:37.963Z"}
{"level":"debug","message":"prisma query (48ms): COMMIT","timestamp":"2026-08-12T09:27:38.000Z"}
{"level":"debug","message":"prisma query (90ms): COMMIT","timestamp":"2026-08-12T09:27:38.054Z"}
{"level":"debug","message":"prisma query (67ms): BEGIN","timestamp":"2026-08-12T09:27:39.727Z"}
{"level":"debug","message":"prisma query (101ms): BEGIN","timestamp":"2026-08-12T09:27:39.791Z"}
{"level":"debug","message":"prisma query (74ms): DEALLOCATE ALL","timestamp":"2026-08-12T09:27:39.801Z"}
{"level":"debug","message":"prisma query (98ms): DEALLOCATE ALL","timestamp":"2026-08-12T09:27:39.890Z"}
{"level":"debug","message":"prisma query (146ms): SELECT \"public\".\"jobs\".\"id\", \"public\".\"jobs\".\"type\"::text, \"public\".\"jobs\".\"status\"::text, \"public\".\"jobs\".\"payload\", \"public\".\"jobs\".\"result\", \"public\".\"jobs\".\"error\", \"public\".\"jobs\".\"attempts\", \"public\".\"jobs\".\"maxAttempts\", \"public\".\"jobs\".\"nextAttemptAt\", \"public\".\"jobs\".\"createdById\", \"public\".\"jobs\".\"createdAt\", \"public\".\"jobs\".\"updatedAt\", \"public\".\"jobs\".\"completedAt\" FROM \"public\".\"jobs\" WHERE (\"public\".\"jobs\".\"type\" = CAST($1::text AS \"public\".\"JobType\") AND \"public\".\"jobs\".\"status\" = CAST($2::text AS \"public\".\"JobStatus\") AND \"public\".\"jobs\".\"nextAttemptAt\" <= $3) ORDER BY \"public\".\"jobs\".\"createdAt\" ASC LIMIT $4 OFFSET $5","timestamp":"2026-08-12T09:27:39.948Z"}
{"level":"debug","message":"prisma query (104ms): SELECT \"public\".\"jobs\".\"id\", \"public\".\"jobs\".\"type\"::text, \"public\".\"jobs\".\"status\"::text, \"public\".\"jobs\".\"payload\", \"public\".\"jobs\".\"result\", \"public\".\"jobs\".\"error\", \"public\".\"jobs\".\"attempts\", \"public\".\"jobs\".\"maxAttempts\", \"public\".\"jobs\".\"nextAttemptAt\", \"public\".\"jobs\".\"createdById\", \"public\".\"jobs\".\"createdAt\", \"public\".\"jobs\".\"updatedAt\", \"public\".\"jobs\".\"completedAt\" FROM \"public\".\"jobs\" WHERE (\"public\".\"jobs\".\"type\" = CAST($1::text AS \"public\".\"JobType\") AND \"public\".\"jobs\".\"status\" = CAST($2::text AS \"public\".\"JobStatus\") AND \"public\".\"jobs\".\"nextAttemptAt\" <= $3) ORDER BY \"public\".\"jobs\".\"createdAt\" ASC LIMIT $4 OFFSET $5","timestamp":"2026-08-12T09:27:39.995Z"}
{"level":"debug","message":"prisma query (46ms): COMMIT","timestamp":"2026-08-12T09:27:39.996Z"}
{"level":"debug","message":"prisma query (50ms): COMMIT","timestamp":"2026-08-12T09:27:40.045Z"}
{"level":"debug","message":"prisma query (83ms): BEGIN","timestamp":"2026-08-12T09:27:41.755Z"}
{"level":"debug","message":"prisma query (52ms): BEGIN","timestamp":"2026-08-12T09:27:41.756Z"}
{"level":"debug","message":"prisma query (143ms): DEALLOCATE ALL","timestamp":"2026-08-12T09:27:41.899Z"}
{"level":"debug","message":"prisma query (144ms): DEALLOCATE ALL","timestamp":"2026-08-12T09:27:41.900Z"}
{"level":"debug","message":"prisma query (404ms): SELECT \"public\".\"jobs\".\"id\", \"public\".\"jobs\".\"type\"::text, \"public\".\"jobs\".\"status\"::text, \"public\".\"jobs\".\"payload\", \"public\".\"jobs\".\"result\", \"public\".\"jobs\".\"error\", \"public\".\"jobs\".\"attempts\", \"public\".\"jobs\".\"maxAttempts\", \"public\".\"jobs\".\"nextAttemptAt\", \"public\".\"jobs\".\"createdById\", \"public\".\"jobs\".\"createdAt\", \"public\".\"jobs\".\"updatedAt\", \"public\".\"jobs\".\"completedAt\" FROM \"public\".\"jobs\" WHERE (\"public\".\"jobs\".\"type\" = CAST($1::text AS \"public\".\"JobType\") AND \"public\".\"jobs\".\"status\" = CAST($2::text AS \"public\".\"JobStatus\") AND \"public\".\"jobs\".\"nextAttemptAt\" <= $3) ORDER BY \"public\".\"jobs\".\"createdAt\" ASC LIMIT $4 OFFSET $5","timestamp":"2026-08-12T09:27:42.304Z"}
{"level":"debug","message":"prisma query (403ms): SELECT \"public\".\"jobs\".\"id\", \"public\".\"jobs\".\"type\"::text, \"public\".\"jobs\".\"status\"::text, \"public\".\"jobs\".\"payload\", \"public\".\"jobs\".\"result\", \"public\".\"jobs\".\"error\", \"public\".\"jobs\".\"attempts\", \"public\".\"jobs\".\"maxAttempts\", \"public\".\"jobs\".\"nextAttemptAt\", \"public\".\"jobs\".\"createdById\", \"public\".\"jobs\".\"createdAt\", \"public\".\"jobs\".\"updatedAt\", \"public\".\"jobs\".\"completedAt\" FROM \"public\".\"jobs\" WHERE (\"public\".\"jobs\".\"type\" = CAST($1::text AS \"public\".\"JobType\") AND \"public\".\"jobs\".\"status\" = CAST($2::text AS \"public\".\"JobStatus\") AND \"public\".\"jobs\".\"nextAttemptAt\" <= $3) ORDER BY \"public\".\"jobs\".\"createdAt\" ASC LIMIT $4 OFFSET $5","timestamp":"2026-08-12T09:27:42.304Z"}
{"level":"debug","message":"prisma query (161ms): COMMIT","timestamp":"2026-08-12T09:27:42.465Z"}
{"level":"debug","message":"prisma query (160ms): COMMIT","timestamp":"2026-08-12T09:27:42.466Z"}
{"level":"debug","message":"prisma query (45ms): BEGIN","timestamp":"2026-08-12T09:27:43.722Z"}
{"level":"debug","message":"prisma query (45ms): BEGIN","timestamp":"2026-08-12T09:27:43.753Z"}
{"level":"debug","message":"prisma query (69ms): DEALLOCATE ALL","timestamp":"2026-08-12T09:27:43.792Z"}
{"level":"debug","message":"prisma query (47ms): DEALLOCATE ALL","timestamp":"2026-08-12T09:27:43.802Z"}
{"level":"debug","message":"prisma query (159ms): SELECT \"public\".\"jobs\".\"id\", \"public\".\"jobs\".\"type\"::text, \"public\".\"jobs\".\"status\"::text, \"public\".\"jobs\".\"payload\", \"public\".\"jobs\".\"result\", \"public\".\"jobs\".\"error\", \"public\".\"jobs\".\"attempts\", \"public\".\"jobs\".\"maxAttempts\", \"public\".\"jobs\".\"nextAttemptAt\", \"public\".\"jobs\".\"createdById\", \"public\".\"jobs\".\"createdAt\", \"public\".\"jobs\".\"updatedAt\", \"public\".\"jobs\".\"completedAt\" FROM \"public\".\"jobs\" WHERE (\"public\".\"jobs\".\"type\" = CAST($1::text AS \"public\".\"JobType\") AND \"public\".\"jobs\".\"status\" = CAST($2::text AS \"public\".\"JobStatus\") AND \"public\".\"jobs\".\"nextAttemptAt\" <= $3) ORDER BY \"public\".\"jobs\".\"createdAt\" ASC LIMIT $4 OFFSET $5","timestamp":"2026-08-12T09:27:43.952Z"}
{"level":"debug","message":"prisma query (156ms): SELECT \"public\".\"jobs\".\"id\", \"public\".\"jobs\".\"type\"::text, \"public\".\"jobs\".\"status\"::text, \"public\".\"jobs\".\"payload\", \"public\".\"jobs\".\"result\", \"public\".\"jobs\".\"error\", \"public\".\"jobs\".\"attempts\", \"public\".\"jobs\".\"maxAttempts\", \"public\".\"jobs\".\"nextAttemptAt\", \"public\".\"jobs\".\"createdById\", \"public\".\"jobs\".\"createdAt\", \"public\".\"jobs\".\"updatedAt\", \"public\".\"jobs\".\"completedAt\" FROM \"public\".\"jobs\" WHERE (\"public\".\"jobs\".\"type\" = CAST($1::text AS \"public\".\"JobType\") AND \"public\".\"jobs\".\"status\" = CAST($2::text AS \"public\".\"JobStatus\") AND \"public\".\"jobs\".\"nextAttemptAt\" <= $3) ORDER BY \"public\".\"jobs\".\"createdAt\" ASC LIMIT $4 OFFSET $5","timestamp":"2026-08-12T09:27:43.959Z"}
{"level":"debug","message":"prisma query (48ms): COMMIT","timestamp":"2026-08-12T09:27:44.000Z"}
{"level":"debug","message":"prisma query (41ms): COMMIT","timestamp":"2026-08-12T09:27:44.002Z"}
{"level":"debug","message":"prisma query (141ms): BEGIN","timestamp":"2026-08-12T09:27:45.831Z"}
{"level":"debug","message":"prisma query (120ms): BEGIN","timestamp":"2026-08-12T09:27:45.843Z"}
{"level":"debug","message":"prisma query (113ms): DEALLOCATE ALL","timestamp":"2026-08-12T09:27:45.944Z"}
{"level":"debug","message":"prisma query (100ms): DEALLOCATE ALL","timestamp":"2026-08-12T09:27:45.945Z"}
{"level":"debug","message":"prisma query (268ms): SELECT \"public\".\"jobs\".\"id\", \"public\".\"jobs\".\"type\"::text, \"public\".\"jobs\".\"status\"::text, \"public\".\"jobs\".\"payload\", \"public\".\"jobs\".\"result\", \"public\".\"jobs\".\"error\", \"public\".\"jobs\".\"attempts\", \"public\".\"jobs\".\"maxAttempts\", \"public\".\"jobs\".\"nextAttemptAt\", \"public\".\"jobs\".\"createdById\", \"public\".\"jobs\".\"createdAt\", \"public\".\"jobs\".\"updatedAt\", \"public\".\"jobs\".\"completedAt\" FROM \"public\".\"jobs\" WHERE (\"public\".\"jobs\".\"type\" = CAST($1::text AS \"public\".\"JobType\") AND \"public\".\"jobs\".\"status\" = CAST($2::text AS \"public\".\"JobStatus\") AND \"public\".\"jobs\".\"nextAttemptAt\" <= $3) ORDER BY \"public\".\"jobs\".\"createdAt\" ASC LIMIT $4 OFFSET $5","timestamp":"2026-08-12T09:27:46.214Z"}
{"level":"debug","message":"prisma query (269ms): SELECT \"public\".\"jobs\".\"id\", \"public\".\"jobs\".\"type\"::text, \"public\".\"jobs\".\"status\"::text, \"public\".\"jobs\".\"payload\", \"public\".\"jobs\".\"result\", \"public\".\"jobs\".\"error\", \"public\".\"jobs\".\"attempts\", \"public\".\"jobs\".\"maxAttempts\", \"public\".\"jobs\".\"nextAttemptAt\", \"public\".\"jobs\".\"createdById\", \"public\".\"jobs\".\"createdAt\", \"public\".\"jobs\".\"updatedAt\", \"public\".\"jobs\".\"completedAt\" FROM \"public\".\"jobs\" WHERE (\"public\".\"jobs\".\"type\" = CAST($1::text AS \"public\".\"JobType\") AND \"public\".\"jobs\".\"status\" = CAST($2::text AS \"public\".\"JobStatus\") AND \"public\".\"jobs\".\"nextAttemptAt\" <= $3) ORDER BY \"public\".\"jobs\".\"createdAt\" ASC LIMIT $4 OFFSET $5","timestamp":"2026-08-12T09:27:46.215Z"}
{"level":"debug","message":"prisma query (194ms): COMMIT","timestamp":"2026-08-12T09:27:46.411Z"}
{"level":"debug","message":"prisma query (195ms): COMMIT","timestamp":"2026-08-12T09:27:46.412Z"}
{"level":"debug","message":"prisma query (98ms): SELECT 1","timestamp":"2026-08-12T09:27:47.791Z"}
{"level":"debug","message":"prisma query (120ms): SELECT 1","timestamp":"2026-08-12T09:27:47.845Z"}
{"level":"debug","message":"prisma query (90ms): BEGIN","timestamp":"2026-08-12T09:27:47.882Z"}
{"level":"debug","message":"prisma query (69ms): BEGIN","timestamp":"2026-08-12T09:27:47.916Z"}
{"level":"debug","message":"prisma query (67ms): DEALLOCATE ALL","timestamp":"2026-08-12T09:27:47.949Z"}
{"level":"debug","message":"prisma query (35ms): DEALLOCATE ALL","timestamp":"2026-08-12T09:27:47.951Z"}
{"level":"debug","message":"prisma query (114ms): SELECT \"public\".\"jobs\".\"id\", \"public\".\"jobs\".\"type\"::text, \"public\".\"jobs\".\"status\"::text, \"public\".\"jobs\".\"payload\", \"public\".\"jobs\".\"result\", \"public\".\"jobs\".\"error\", \"public\".\"jobs\".\"attempts\", \"public\".\"jobs\".\"maxAttempts\", \"public\".\"jobs\".\"nextAttemptAt\", \"public\".\"jobs\".\"createdById\", \"public\".\"jobs\".\"createdAt\", \"public\".\"jobs\".\"updatedAt\", \"public\".\"jobs\".\"completedAt\" FROM \"public\".\"jobs\" WHERE (\"public\".\"jobs\".\"type\" = CAST($1::text AS \"public\".\"JobType\") AND \"public\".\"jobs\".\"status\" = CAST($2::text AS \"public\".\"JobStatus\") AND \"public\".\"jobs\".\"nextAttemptAt\" <= $3) ORDER BY \"public\".\"jobs\".\"createdAt\" ASC LIMIT $4 OFFSET $5","timestamp":"2026-08-12T09:27:48.067Z"}
{"level":"debug","message":"prisma query (116ms): SELECT \"public\".\"jobs\".\"id\", \"public\".\"jobs\".\"type\"::text, \"public\".\"jobs\".\"status\"::text, \"public\".\"jobs\".\"payload\", \"public\".\"jobs\".\"result\", \"public\".\"jobs\".\"error\", \"public\".\"jobs\".\"attempts\", \"public\".\"jobs\".\"maxAttempts\", \"public\".\"jobs\".\"nextAttemptAt\", \"public\".\"jobs\".\"createdById\", \"public\".\"jobs\".\"createdAt\", \"public\".\"jobs\".\"updatedAt\", \"public\".\"jobs\".\"completedAt\" FROM \"public\".\"jobs\" WHERE (\"public\".\"jobs\".\"type\" = CAST($1::text AS \"public\".\"JobType\") AND \"public\".\"jobs\".\"status\" = CAST($2::text AS \"public\".\"JobStatus\") AND \"public\".\"jobs\".\"nextAttemptAt\" <= $3) ORDER BY \"public\".\"jobs\".\"createdAt\" ASC LIMIT $4 OFFSET $5","timestamp":"2026-08-12T09:27:48.068Z"}
{"level":"debug","message":"prisma query (112ms): COMMIT","timestamp":"2026-08-12T09:27:48.179Z"}
{"level":"debug","message":"prisma query (112ms): COMMIT","timestamp":"2026-08-12T09:27:48.179Z"}
{"level":"debug","message":"prisma query (92ms): BEGIN","timestamp":"2026-08-12T09:27:49.795Z"}
{"level":"debug","message":"prisma query (75ms): BEGIN","timestamp":"2026-08-12T09:27:49.810Z"}
{"level":"debug","message":"prisma query (79ms): DEALLOCATE ALL","timestamp":"2026-08-12T09:27:49.890Z"}
{"level":"debug","message":"prisma query (94ms): DEALLOCATE ALL","timestamp":"2026-08-12T09:27:49.891Z"}
{"level":"debug","message":"prisma query (181ms): SELECT \"public\".\"jobs\".\"id\", \"public\".\"jobs\".\"type\"::text, \"public\".\"jobs\".\"status\"::text, \"public\".\"jobs\".\"payload\", \"public\".\"jobs\".\"result\", \"public\".\"jobs\".\"error\", \"public\".\"jobs\".\"attempts\", \"public\".\"jobs\".\"maxAttempts\", \"public\".\"jobs\".\"nextAttemptAt\", \"public\".\"jobs\".\"createdById\", \"public\".\"jobs\".\"createdAt\", \"public\".\"jobs\".\"updatedAt\", \"public\".\"jobs\".\"completedAt\" FROM \"public\".\"jobs\" WHERE (\"public\".\"jobs\".\"type\" = CAST($1::text AS \"public\".\"JobType\") AND \"public\".\"jobs\".\"status\" = CAST($2::text AS \"public\".\"JobStatus\") AND \"public\".\"jobs\".\"nextAttemptAt\" <= $3) ORDER BY \"public\".\"jobs\".\"createdAt\" ASC LIMIT $4 OFFSET $5","timestamp":"2026-08-12T09:27:50.072Z"}
{"level":"debug","message":"prisma query (181ms): SELECT \"public\".\"jobs\".\"id\", \"public\".\"jobs\".\"type\"::text, \"public\".\"jobs\".\"status\"::text, \"public\".\"jobs\".\"payload\", \"public\".\"jobs\".\"result\", \"public\".\"jobs\".\"error\", \"public\".\"jobs\".\"attempts\", \"public\".\"jobs\".\"maxAttempts\", \"public\".\"jobs\".\"nextAttemptAt\", \"public\".\"jobs\".\"createdById\", \"public\".\"jobs\".\"createdAt\", \"public\".\"jobs\".\"updatedAt\", \"public\".\"jobs\".\"completedAt\" FROM \"public\".\"jobs\" WHERE (\"public\".\"jobs\".\"type\" = CAST($1::text AS \"public\".\"JobType\") AND \"public\".\"jobs\".\"status\" = CAST($2::text AS \"public\".\"JobStatus\") AND \"public\".\"jobs\".\"nextAttemptAt\" <= $3) ORDER BY \"public\".\"jobs\".\"createdAt\" ASC LIMIT $4 OFFSET $5","timestamp":"2026-08-12T09:27:50.072Z"}
{"level":"debug","message":"prisma query (48ms): COMMIT","timestamp":"2026-08-12T09:27:50.120Z"}
{"level":"debug","message":"prisma query (48ms): COMMIT","timestamp":"2026-08-12T09:27:50.121Z"}
{"level":"debug","message":"prisma query (108ms): BEGIN","timestamp":"2026-08-12T09:27:51.826Z"}
{"level":"debug","message":"prisma query (92ms): BEGIN","timestamp":"2026-08-12T09:27:51.840Z"}
{"level":"debug","message":"prisma query (60ms): DEALLOCATE ALL","timestamp":"2026-08-12T09:27:51.887Z"}
{"level":"debug","message":"prisma query (72ms): DEALLOCATE ALL","timestamp":"2026-08-12T09:27:51.912Z"}
{"level":"debug","message":"prisma query (127ms): SELECT \"public\".\"jobs\".\"id\", \"public\".\"jobs\".\"type\"::text, \"public\".\"jobs\".\"status\"::text, \"public\".\"jobs\".\"payload\", \"public\".\"jobs\".\"result\", \"public\".\"jobs\".\"error\", \"public\".\"jobs\".\"attempts\", \"public\".\"jobs\".\"maxAttempts\", \"public\".\"jobs\".\"nextAttemptAt\", \"public\".\"jobs\".\"createdById\", \"public\".\"jobs\".\"createdAt\", \"public\".\"jobs\".\"updatedAt\", \"public\".\"jobs\".\"completedAt\" FROM \"public\".\"jobs\" WHERE (\"public\".\"jobs\".\"type\" = CAST($1::text AS \"public\".\"JobType\") AND \"public\".\"jobs\".\"status\" = CAST($2::text AS \"public\".\"JobStatus\") AND \"public\".\"jobs\".\"nextAttemptAt\" <= $3) ORDER BY \"public\".\"jobs\".\"createdAt\" ASC LIMIT $4 OFFSET $5","timestamp":"2026-08-12T09:27:52.015Z"}
{"level":"debug","message":"prisma query (74ms): COMMIT","timestamp":"2026-08-12T09:27:52.090Z"}
{"level":"debug","message":"prisma query (177ms): SELECT \"public\".\"jobs\".\"id\", \"public\".\"jobs\".\"type\"::text, \"public\".\"jobs\".\"status\"::text, \"public\".\"jobs\".\"payload\", \"public\".\"jobs\".\"result\", \"public\".\"jobs\".\"error\", \"public\".\"jobs\".\"attempts\", \"public\".\"jobs\".\"maxAttempts\", \"public\".\"jobs\".\"nextAttemptAt\", \"public\".\"jobs\".\"createdById\", \"public\".\"jobs\".\"createdAt\", \"public\".\"jobs\".\"updatedAt\", \"public\".\"jobs\".\"completedAt\" FROM \"public\".\"jobs\" WHERE (\"public\".\"jobs\".\"type\" = CAST($1::text AS \"public\".\"JobType\") AND \"public\".\"jobs\".\"status\" = CAST($2::text AS \"public\".\"JobStatus\") AND \"public\".\"jobs\".\"nextAttemptAt\" <= $3) ORDER BY \"public\".\"jobs\".\"createdAt\" ASC LIMIT $4 OFFSET $5","timestamp":"2026-08-12T09:27:52.091Z"}
{"level":"debug","message":"prisma query (110ms): COMMIT","timestamp":"2026-08-12T09:27:52.201Z"}
{"level":"debug","message":"prisma query (73ms): BEGIN","timestamp":"2026-08-12T09:27:53.832Z"}
{"level":"debug","message":"prisma query (106ms): BEGIN","timestamp":"2026-08-12T09:27:53.833Z"}
{"level":"debug","message":"prisma query (51ms): DEALLOCATE ALL","timestamp":"2026-08-12T09:27:53.883Z"}
{"level":"debug","message":"prisma query (51ms): DEALLOCATE ALL","timestamp":"2026-08-12T09:27:53.884Z"}
{"level":"debug","message":"prisma query (226ms): SELECT \"public\".\"jobs\".\"id\", \"public\".\"jobs\".\"type\"::text, \"public\".\"jobs\".\"status\"::text, \"public\".\"jobs\".\"payload\", \"public\".\"jobs\".\"result\", \"public\".\"jobs\".\"error\", \"public\".\"jobs\".\"attempts\", \"public\".\"jobs\".\"maxAttempts\", \"public\".\"jobs\".\"nextAttemptAt\", \"public\".\"jobs\".\"createdById\", \"public\".\"jobs\".\"createdAt\", \"public\".\"jobs\".\"updatedAt\", \"public\".\"jobs\".\"completedAt\" FROM \"public\".\"jobs\" WHERE (\"public\".\"jobs\".\"type\" = CAST($1::text AS \"public\".\"JobType\") AND \"public\".\"jobs\".\"status\" = CAST($2::text AS \"public\".\"JobStatus\") AND \"public\".\"jobs\".\"nextAttemptAt\" <= $3) ORDER BY \"public\".\"jobs\".\"createdAt\" ASC LIMIT $4 OFFSET $5","timestamp":"2026-08-12T09:27:54.110Z"}
{"level":"debug","message":"prisma query (233ms): SELECT \"public\".\"jobs\".\"id\", \"public\".\"jobs\".\"type\"::text, \"public\".\"jobs\".\"status\"::text, \"public\".\"jobs\".\"payload\", \"public\".\"jobs\".\"result\", \"public\".\"jobs\".\"error\", \"public\".\"jobs\".\"attempts\", \"public\".\"jobs\".\"maxAttempts\", \"public\".\"jobs\".\"nextAttemptAt\", \"public\".\"jobs\".\"createdById\", \"public\".\"jobs\".\"createdAt\", \"public\".\"jobs\".\"updatedAt\", \"public\".\"jobs\".\"completedAt\" FROM \"public\".\"jobs\" WHERE (\"public\".\"jobs\".\"type\" = CAST($1::text AS \"public\".\"JobType\") AND \"public\".\"jobs\".\"status\" = CAST($2::text AS \"public\".\"JobStatus\") AND \"public\".\"jobs\".\"nextAttemptAt\" <= $3) ORDER BY \"public\".\"jobs\".\"createdAt\" ASC LIMIT $4 OFFSET $5","timestamp":"2026-08-12T09:27:54.118Z"}
{"level":"debug","message":"prisma query (49ms): COMMIT","timestamp":"2026-08-12T09:27:54.160Z"}
{"level":"debug","message":"prisma query (58ms): COMMIT","timestamp":"2026-08-12T09:27:54.177Z"}
{"level":"debug","message":"prisma query (65ms): BEGIN","timestamp":"2026-08-12T09:27:55.801Z"}
{"level":"debug","message":"prisma query (121ms): BEGIN","timestamp":"2026-08-12T09:27:55.889Z"}
{"level":"debug","message":"prisma query (88ms): DEALLOCATE ALL","timestamp":"2026-08-12T09:27:55.889Z"}
{"level":"debug","message":"prisma query (77ms): DEALLOCATE ALL","timestamp":"2026-08-12T09:27:55.966Z"}
{"level":"debug","message":"prisma query (174ms): SELECT \"public\".\"jobs\".\"id\", \"public\".\"jobs\".\"type\"::text, \"public\".\"jobs\".\"status\"::text, \"public\".\"jobs\".\"payload\", \"public\".\"jobs\".\"result\", \"public\".\"jobs\".\"error\", \"public\".\"jobs\".\"attempts\", \"public\".\"jobs\".\"maxAttempts\", \"public\".\"jobs\".\"nextAttemptAt\", \"public\".\"jobs\".\"createdById\", \"public\".\"jobs\".\"createdAt\", \"public\".\"jobs\".\"updatedAt\", \"public\".\"jobs\".\"completedAt\" FROM \"public\".\"jobs\" WHERE (\"public\".\"jobs\".\"type\" = CAST($1::text AS \"public\".\"JobType\") AND \"public\".\"jobs\".\"status\" = CAST($2::text AS \"public\".\"JobStatus\") AND \"public\".\"jobs\".\"nextAttemptAt\" <= $3) ORDER BY \"public\".\"jobs\".\"createdAt\" ASC LIMIT $4 OFFSET $5","timestamp":"2026-08-12T09:27:56.064Z"}
{"level":"debug","message":"prisma query (147ms): SELECT \"public\".\"jobs\".\"id\", \"public\".\"jobs\".\"type\"::text, \"public\".\"jobs\".\"status\"::text, \"public\".\"jobs\".\"payload\", \"public\".\"jobs\".\"result\", \"public\".\"jobs\".\"error\", \"public\".\"jobs\".\"attempts\", \"public\".\"jobs\".\"maxAttempts\", \"public\".\"jobs\".\"nextAttemptAt\", \"public\".\"jobs\".\"createdById\", \"public\".\"jobs\".\"createdAt\", \"public\".\"jobs\".\"updatedAt\", \"public\".\"jobs\".\"completedAt\" FROM \"public\".\"jobs\" WHERE (\"public\".\"jobs\".\"type\" = CAST($1::text AS \"public\".\"JobType\") AND \"public\".\"jobs\".\"status\" = CAST($2::text AS \"public\".\"JobStatus\") AND \"public\".\"jobs\".\"nextAttemptAt\" <= $3) ORDER BY \"public\".\"jobs\".\"createdAt\" ASC LIMIT $4 OFFSET $5","timestamp":"2026-08-12T09:27:56.114Z"}
{"level":"debug","message":"prisma query (81ms): COMMIT","timestamp":"2026-08-12T09:27:56.146Z"}
{"level":"debug","message":"prisma query (92ms): COMMIT","timestamp":"2026-08-12T09:27:56.207Z"}
{"level":"debug","message":"prisma query (325ms): BEGIN","timestamp":"2026-08-12T09:27:58.075Z"}
{"level":"debug","message":"prisma query (293ms): BEGIN","timestamp":"2026-08-12T09:27:58.076Z"}
{"level":"debug","message":"prisma query (285ms): DEALLOCATE ALL","timestamp":"2026-08-12T09:27:58.360Z"}
{"level":"debug","message":"prisma query (285ms): DEALLOCATE ALL","timestamp":"2026-08-12T09:27:58.361Z"}
{"level":"debug","message":"prisma query (339ms): SELECT \"public\".\"jobs\".\"id\", \"public\".\"jobs\".\"type\"::text, \"public\".\"jobs\".\"status\"::text, \"public\".\"jobs\".\"payload\", \"public\".\"jobs\".\"result\", \"public\".\"jobs\".\"error\", \"public\".\"jobs\".\"attempts\", \"public\".\"jobs\".\"maxAttempts\", \"public\".\"jobs\".\"nextAttemptAt\", \"public\".\"jobs\".\"createdById\", \"public\".\"jobs\".\"createdAt\", \"public\".\"jobs\".\"updatedAt\", \"public\".\"jobs\".\"completedAt\" FROM \"public\".\"jobs\" WHERE (\"public\".\"jobs\".\"type\" = CAST($1::text AS \"public\".\"JobType\") AND \"public\".\"jobs\".\"status\" = CAST($2::text AS \"public\".\"JobStatus\") AND \"public\".\"jobs\".\"nextAttemptAt\" <= $3) ORDER BY \"public\".\"jobs\".\"createdAt\" ASC LIMIT $4 OFFSET $5","timestamp":"2026-08-12T09:27:58.701Z"}
{"level":"debug","message":"prisma query (339ms): SELECT \"public\".\"jobs\".\"id\", \"public\".\"jobs\".\"type\"::text, \"public\".\"jobs\".\"status\"::text, \"public\".\"jobs\".\"payload\", \"public\".\"jobs\".\"result\", \"public\".\"jobs\".\"error\", \"public\".\"jobs\".\"attempts\", \"public\".\"jobs\".\"maxAttempts\", \"public\".\"jobs\".\"nextAttemptAt\", \"public\".\"jobs\".\"createdById\", \"public\".\"jobs\".\"createdAt\", \"public\".\"jobs\".\"updatedAt\", \"public\".\"jobs\".\"completedAt\" FROM \"public\".\"jobs\" WHERE (\"public\".\"jobs\".\"type\" = CAST($1::text AS \"public\".\"JobType\") AND \"public\".\"jobs\".\"status\" = CAST($2::text AS \"public\".\"JobStatus\") AND \"public\".\"jobs\".\"nextAttemptAt\" <= $3) ORDER BY \"public\".\"jobs\".\"createdAt\" ASC LIMIT $4 OFFSET $5","timestamp":"2026-08-12T09:27:58.702Z"}
{"level":"debug","message":"prisma query (78ms): COMMIT","timestamp":"2026-08-12T09:27:58.779Z"}
{"level":"debug","message":"prisma query (81ms): COMMIT","timestamp":"2026-08-12T09:27:58.782Z"}
{"level":"debug","message":"prisma query (66ms): BEGIN","timestamp":"2026-08-12T09:27:59.827Z"}
{"level":"debug","message":"prisma query (93ms): BEGIN","timestamp":"2026-08-12T09:27:59.882Z"}
{"level":"debug","message":"prisma query (59ms): DEALLOCATE ALL","timestamp":"2026-08-12T09:27:59.883Z"}
{"level":"debug","message":"prisma query (66ms): DEALLOCATE ALL","timestamp":"2026-08-12T09:27:59.948Z"}
{"level":"debug","message":"prisma query (122ms): SELECT \"public\".\"jobs\".\"id\", \"public\".\"jobs\".\"type\"::text, \"public\".\"jobs\".\"status\"::text, \"public\".\"jobs\".\"payload\", \"public\".\"jobs\".\"result\", \"public\".\"jobs\".\"error\", \"public\".\"jobs\".\"attempts\", \"public\".\"jobs\".\"maxAttempts\", \"public\".\"jobs\".\"nextAttemptAt\", \"public\".\"jobs\".\"createdById\", \"public\".\"jobs\".\"createdAt\", \"public\".\"jobs\".\"updatedAt\", \"public\".\"jobs\".\"completedAt\" FROM \"public\".\"jobs\" WHERE (\"public\".\"jobs\".\"type\" = CAST($1::text AS \"public\".\"JobType\") AND \"public\".\"jobs\".\"status\" = CAST($2::text AS \"public\".\"JobStatus\") AND \"public\".\"jobs\".\"nextAttemptAt\" <= $3) ORDER BY \"public\".\"jobs\".\"createdAt\" ASC LIMIT $4 OFFSET $5","timestamp":"2026-08-12T09:28:00.006Z"}
{"level":"debug","message":"prisma query (95ms): SELECT \"public\".\"jobs\".\"id\", \"public\".\"jobs\".\"type\"::text, \"public\".\"jobs\".\"status\"::text, \"public\".\"jobs\".\"payload\", \"public\".\"jobs\".\"result\", \"public\".\"jobs\".\"error\", \"public\".\"jobs\".\"attempts\", \"public\".\"jobs\".\"maxAttempts\", \"public\".\"jobs\".\"nextAttemptAt\", \"public\".\"jobs\".\"createdById\", \"public\".\"jobs\".\"createdAt\", \"public\".\"jobs\".\"updatedAt\", \"public\".\"jobs\".\"completedAt\" FROM \"public\".\"jobs\" WHERE (\"public\".\"jobs\".\"type\" = CAST($1::text AS \"public\".\"JobType\") AND \"public\".\"jobs\".\"status\" = CAST($2::text AS \"public\".\"JobStatus\") AND \"public\".\"jobs\".\"nextAttemptAt\" <= $3) ORDER BY \"public\".\"jobs\".\"createdAt\" ASC LIMIT $4 OFFSET $5","timestamp":"2026-08-12T09:28:00.045Z"}
{"level":"debug","message":"prisma query (72ms): COMMIT","timestamp":"2026-08-12T09:28:00.079Z"}
{"level":"debug","message":"prisma query (49ms): COMMIT","timestamp":"2026-08-12T09:28:00.098Z"}
{"level":"debug","message":"prisma query (36ms): BEGIN","timestamp":"2026-08-12T09:28:01.797Z"}
{"level":"debug","message":"prisma query (56ms): DEALLOCATE ALL","timestamp":"2026-08-12T09:28:01.851Z"}
{"level":"debug","message":"prisma query (62ms): BEGIN","timestamp":"2026-08-12T09:28:01.852Z"}
{"level":"debug","message":"prisma query (79ms): DEALLOCATE ALL","timestamp":"2026-08-12T09:28:01.934Z"}
{"level":"debug","message":"prisma query (229ms): SELECT \"public\".\"jobs\".\"id\", \"public\".\"jobs\".\"type\"::text, \"public\".\"jobs\".\"status\"::text, \"public\".\"jobs\".\"payload\", \"public\".\"jobs\".\"result\", \"public\".\"jobs\".\"error\", \"public\".\"jobs\".\"attempts\", \"public\".\"jobs\".\"maxAttempts\", \"public\".\"jobs\".\"nextAttemptAt\", \"public\".\"jobs\".\"createdById\", \"public\".\"jobs\".\"createdAt\", \"public\".\"jobs\".\"updatedAt\", \"public\".\"jobs\".\"completedAt\" FROM \"public\".\"jobs\" WHERE (\"public\".\"jobs\".\"type\" = CAST($1::text AS \"public\".\"JobType\") AND \"public\".\"jobs\".\"status\" = CAST($2::text AS \"public\".\"JobStatus\") AND \"public\".\"jobs\".\"nextAttemptAt\" <= $3) ORDER BY \"public\".\"jobs\".\"createdAt\" ASC LIMIT $4 OFFSET $5","timestamp":"2026-08-12T09:28:02.081Z"}
{"level":"debug","message":"prisma query (117ms): COMMIT","timestamp":"2026-08-12T09:28:02.198Z"}
{"level":"debug","message":"prisma query (267ms): SELECT \"public\".\"jobs\".\"id\", \"public\".\"jobs\".\"type\"::text, \"public\".\"jobs\".\"status\"::text, \"public\".\"jobs\".\"payload\", \"public\".\"jobs\".\"result\", \"public\".\"jobs\".\"error\", \"public\".\"jobs\".\"attempts\", \"public\".\"jobs\".\"maxAttempts\", \"public\".\"jobs\".\"nextAttemptAt\", \"public\".\"jobs\".\"createdById\", \"public\".\"jobs\".\"createdAt\", \"public\".\"jobs\".\"updatedAt\", \"public\".\"jobs\".\"completedAt\" FROM \"public\".\"jobs\" WHERE (\"public\".\"jobs\".\"type\" = CAST($1::text AS \"public\".\"JobType\") AND \"public\".\"jobs\".\"status\" = CAST($2::text AS \"public\".\"JobStatus\") AND \"public\".\"jobs\".\"nextAttemptAt\" <= $3) ORDER BY \"public\".\"jobs\".\"createdAt\" ASC LIMIT $4 OFFSET $5","timestamp":"2026-08-12T09:28:02.199Z"}
{"level":"debug","message":"prisma query (191ms): COMMIT","timestamp":"2026-08-12T09:28:02.390Z"}
{"level":"debug","message":"prisma query (52ms): SELECT 1","timestamp":"2026-08-12T09:28:03.819Z"}
{"level":"debug","message":"prisma query (77ms): SELECT 1","timestamp":"2026-08-12T09:28:03.997Z"}
{"level":"debug","message":"prisma query (63ms): BEGIN","timestamp":"2026-08-12T09:28:04.021Z"}
{"level":"debug","message":"prisma query (78ms): BEGIN","timestamp":"2026-08-12T09:28:04.047Z"}
{"level":"debug","message":"prisma query (81ms): DEALLOCATE ALL","timestamp":"2026-08-12T09:28:04.048Z"}
{"level":"debug","message":"prisma query (38ms): DEALLOCATE ALL","timestamp":"2026-08-12T09:28:04.048Z"}
{"level":"debug","message":"prisma query (125ms): SELECT \"public\".\"jobs\".\"id\", \"public\".\"jobs\".\"type\"::text, \"public\".\"jobs\".\"status\"::text, \"public\".\"jobs\".\"payload\", \"public\".\"jobs\".\"result\", \"public\".\"jobs\".\"error\", \"public\".\"jobs\".\"attempts\", \"public\".\"jobs\".\"maxAttempts\", \"public\".\"jobs\".\"nextAttemptAt\", \"public\".\"jobs\".\"createdById\", \"public\".\"jobs\".\"createdAt\", \"public\".\"jobs\".\"updatedAt\", \"public\".\"jobs\".\"completedAt\" FROM \"public\".\"jobs\" WHERE (\"public\".\"jobs\".\"type\" = CAST($1::text AS \"public\".\"JobType\") AND \"public\".\"jobs\".\"status\" = CAST($2::text AS \"public\".\"JobStatus\") AND \"public\".\"jobs\".\"nextAttemptAt\" <= $3) ORDER BY \"public\".\"jobs\".\"createdAt\" ASC LIMIT $4 OFFSET $5","timestamp":"2026-08-12T09:28:04.123Z"}
{"level":"debug","message":"prisma query (157ms): SELECT \"public\".\"jobs\".\"id\", \"public\".\"jobs\".\"type\"::text, \"public\".\"jobs\".\"status\"::text, \"public\".\"jobs\".\"payload\", \"public\".\"jobs\".\"result\", \"public\".\"jobs\".\"error\", \"public\".\"jobs\".\"attempts\", \"public\".\"jobs\".\"maxAttempts\", \"public\".\"jobs\".\"nextAttemptAt\", \"public\".\"jobs\".\"createdById\", \"public\".\"jobs\".\"createdAt\", \"public\".\"jobs\".\"updatedAt\", \"public\".\"jobs\".\"completedAt\" FROM \"public\".\"jobs\" WHERE (\"public\".\"jobs\".\"type\" = CAST($1::text AS \"public\".\"JobType\") AND \"public\".\"jobs\".\"status\" = CAST($2::text AS \"public\".\"JobStatus\") AND \"public\".\"jobs\".\"nextAttemptAt\" <= $3) ORDER BY \"public\".\"jobs\".\"createdAt\" ASC LIMIT $4 OFFSET $5","timestamp":"2026-08-12T09:28:04.123Z"}
{"level":"debug","message":"prisma query (100ms): COMMIT","timestamp":"2026-08-12T09:28:04.223Z"}
{"level":"debug","message":"prisma query (101ms): COMMIT","timestamp":"2026-08-12T09:28:04.224Z"}
{"level":"debug","message":"prisma query (157ms): BEGIN","timestamp":"2026-08-12T09:28:05.929Z"}
{"level":"debug","message":"prisma query (126ms): BEGIN","timestamp":"2026-08-12T09:28:05.930Z"}
{"level":"debug","message":"prisma query (61ms): DEALLOCATE ALL","timestamp":"2026-08-12T09:28:05.991Z"}
{"level":"debug","message":"prisma query (66ms): DEALLOCATE ALL","timestamp":"2026-08-12T09:28:05.996Z"}
{"level":"debug","message":"prisma query (241ms): SELECT \"public\".\"jobs\".\"id\", \"public\".\"jobs\".\"type\"::text, \"public\".\"jobs\".\"status\"::text, \"public\".\"jobs\".\"payload\", \"public\".\"jobs\".\"result\", \"public\".\"jobs\".\"error\", \"public\".\"jobs\".\"attempts\", \"public\".\"jobs\".\"maxAttempts\", \"public\".\"jobs\".\"nextAttemptAt\", \"public\".\"jobs\".\"createdById\", \"public\".\"jobs\".\"createdAt\", \"public\".\"jobs\".\"updatedAt\", \"public\".\"jobs\".\"completedAt\" FROM \"public\".\"jobs\" WHERE (\"public\".\"jobs\".\"type\" = CAST($1::text AS \"public\".\"JobType\") AND \"public\".\"jobs\".\"status\" = CAST($2::text AS \"public\".\"JobStatus\") AND \"public\".\"jobs\".\"nextAttemptAt\" <= $3) ORDER BY \"public\".\"jobs\".\"createdAt\" ASC LIMIT $4 OFFSET $5","timestamp":"2026-08-12T09:28:06.238Z"}
{"level":"debug","message":"prisma query (246ms): SELECT \"public\".\"jobs\".\"id\", \"public\".\"jobs\".\"type\"::text, \"public\".\"jobs\".\"status\"::text, \"public\".\"jobs\".\"payload\", \"public\".\"jobs\".\"result\", \"public\".\"jobs\".\"error\", \"public\".\"jobs\".\"attempts\", \"public\".\"jobs\".\"maxAttempts\", \"public\".\"jobs\".\"nextAttemptAt\", \"public\".\"jobs\".\"createdById\", \"public\".\"jobs\".\"createdAt\", \"public\".\"jobs\".\"updatedAt\", \"public\".\"jobs\".\"completedAt\" FROM \"public\".\"jobs\" WHERE (\"public\".\"jobs\".\"type\" = CAST($1::text AS \"public\".\"JobType\") AND \"public\".\"jobs\".\"status\" = CAST($2::text AS \"public\".\"JobStatus\") AND \"public\".\"jobs\".\"nextAttemptAt\" <= $3) ORDER BY \"public\".\"jobs\".\"createdAt\" ASC LIMIT $4 OFFSET $5","timestamp":"2026-08-12T09:28:06.238Z"}
{"level":"debug","message":"prisma query (87ms): COMMIT","timestamp":"2026-08-12T09:28:06.325Z"}
{"level":"debug","message":"prisma query (87ms): COMMIT","timestamp":"2026-08-12T09:28:06.326Z"}
{"level":"debug","message":"prisma query (59ms): BEGIN","timestamp":"2026-08-12T09:28:07.836Z"}
{"level":"debug","message":"prisma query (62ms): BEGIN","timestamp":"2026-08-12T09:28:07.874Z"}
{"level":"debug","message":"prisma query (60ms): DEALLOCATE ALL","timestamp":"2026-08-12T09:28:07.897Z"}
{"level":"debug","message":"prisma query (44ms): DEALLOCATE ALL","timestamp":"2026-08-12T09:28:07.919Z"}
{"level":"debug","message":"prisma query (148ms): SELECT \"public\".\"jobs\".\"id\", \"public\".\"jobs\".\"type\"::text, \"public\".\"jobs\".\"status\"::text, \"public\".\"jobs\".\"payload\", \"public\".\"jobs\".\"result\", \"public\".\"jobs\".\"error\", \"public\".\"jobs\".\"attempts\", \"public\".\"jobs\".\"maxAttempts\", \"public\".\"jobs\".\"nextAttemptAt\", \"public\".\"jobs\".\"createdById\", \"public\".\"jobs\".\"createdAt\", \"public\".\"jobs\".\"updatedAt\", \"public\".\"jobs\".\"completedAt\" FROM \"public\".\"jobs\" WHERE (\"public\".\"jobs\".\"type\" = CAST($1::text AS \"public\".\"JobType\") AND \"public\".\"jobs\".\"status\" = CAST($2::text AS \"public\".\"JobStatus\") AND \"public\".\"jobs\".\"nextAttemptAt\" <= $3) ORDER BY \"public\".\"jobs\".\"createdAt\" ASC LIMIT $4 OFFSET $5","timestamp":"2026-08-12T09:28:08.064Z"}
{"level":"debug","message":"prisma query (166ms): SELECT \"public\".\"jobs\".\"id\", \"public\".\"jobs\".\"type\"::text, \"public\".\"jobs\".\"status\"::text, \"public\".\"jobs\".\"payload\", \"public\".\"jobs\".\"result\", \"public\".\"jobs\".\"error\", \"public\".\"jobs\".\"attempts\", \"public\".\"jobs\".\"maxAttempts\", \"public\".\"jobs\".\"nextAttemptAt\", \"public\".\"jobs\".\"createdById\", \"public\".\"jobs\".\"createdAt\", \"public\".\"jobs\".\"updatedAt\", \"public\".\"jobs\".\"completedAt\" FROM \"public\".\"jobs\" WHERE (\"public\".\"jobs\".\"type\" = CAST($1::text AS \"public\".\"JobType\") AND \"public\".\"jobs\".\"status\" = CAST($2::text AS \"public\".\"JobStatus\") AND \"public\".\"jobs\".\"nextAttemptAt\" <= $3) ORDER BY \"public\".\"jobs\".\"createdAt\" ASC LIMIT $4 OFFSET $5","timestamp":"2026-08-12T09:28:08.064Z"}
{"level":"debug","message":"prisma query (70ms): COMMIT","timestamp":"2026-08-12T09:28:08.135Z"}
{"level":"debug","message":"prisma query (70ms): COMMIT","timestamp":"2026-08-12T09:28:08.135Z"}
{"ip":"::1","level":"warn","message":"No refresh token provided","method":"POST","path":"/api/v1/auth/refresh","statusCode":401,"timestamp":"2026-08-12T09:28:09.976Z"}
{"level":"http","message":"\u001b[0mPOST /api/v1/auth/refresh \u001b[33m401\u001b[0m 75.876 ms - -\u001b[0m","timestamp":"2026-08-12T09:28:10.044Z"}
{"level":"debug","message":"prisma query (59ms): BEGIN","timestamp":"2026-08-12T09:28:10.090Z"}
{"level":"debug","message":"prisma query (59ms): BEGIN","timestamp":"2026-08-12T09:28:10.092Z"}
{"ip":"::1","level":"warn","message":"No refresh token provided","method":"POST","path":"/api/v1/auth/refresh","statusCode":401,"timestamp":"2026-08-12T09:28:10.170Z"}
{"level":"debug","message":"prisma query (82ms): DEALLOCATE ALL","timestamp":"2026-08-12T09:28:10.177Z"}
{"level":"debug","message":"prisma query (81ms): DEALLOCATE ALL","timestamp":"2026-08-12T09:28:10.178Z"}
{"level":"http","message":"\u001b[0mPOST /api/v1/auth/refresh \u001b[33m401\u001b[0m 4.367 ms - -\u001b[0m","timestamp":"2026-08-12T09:28:10.180Z"}
{"level":"debug","message":"prisma query (167ms): SELECT \"public\".\"jobs\".\"id\", \"public\".\"jobs\".\"type\"::text, \"public\".\"jobs\".\"status\"::text, \"public\".\"jobs\".\"payload\", \"public\".\"jobs\".\"result\", \"public\".\"jobs\".\"error\", \"public\".\"jobs\".\"attempts\", \"public\".\"jobs\".\"maxAttempts\", \"public\".\"jobs\".\"nextAttemptAt\", \"public\".\"jobs\".\"createdById\", \"public\".\"jobs\".\"createdAt\", \"public\".\"jobs\".\"updatedAt\", \"public\".\"jobs\".\"completedAt\" FROM \"public\".\"jobs\" WHERE (\"public\".\"jobs\".\"type\" = CAST($1::text AS \"public\".\"JobType\") AND \"public\".\"jobs\".\"status\" = CAST($2::text AS \"public\".\"JobStatus\") AND \"public\".\"jobs\".\"nextAttemptAt\" <= $3) ORDER BY \"public\".\"jobs\".\"createdAt\" ASC LIMIT $4 OFFSET $5","timestamp":"2026-08-12T09:28:10.341Z"}
{"level":"debug","message":"prisma query (167ms): SELECT \"public\".\"jobs\".\"id\", \"public\".\"jobs\".\"type\"::text, \"public\".\"jobs\".\"status\"::text, \"public\".\"jobs\".\"payload\", \"public\".\"jobs\".\"result\", \"public\".\"jobs\".\"error\", \"public\".\"jobs\".\"attempts\", \"public\".\"jobs\".\"maxAttempts\", \"public\".\"jobs\".\"nextAttemptAt\", \"public\".\"jobs\".\"createdById\", \"public\".\"jobs\".\"createdAt\", \"public\".\"jobs\".\"updatedAt\", \"public\".\"jobs\".\"completedAt\" FROM \"public\".\"jobs\" WHERE (\"public\".\"jobs\".\"type\" = CAST($1::text AS \"public\".\"JobType\") AND \"public\".\"jobs\".\"status\" = CAST($2::text AS \"public\".\"JobStatus\") AND \"public\".\"jobs\".\"nextAttemptAt\" <= $3) ORDER BY \"public\".\"jobs\".\"createdAt\" ASC LIMIT $4 OFFSET $5","timestamp":"2026-08-12T09:28:10.342Z"}
{"level":"debug","message":"prisma query (63ms): COMMIT","timestamp":"2026-08-12T09:28:10.405Z"}
{"level":"debug","message":"prisma query (63ms): COMMIT","timestamp":"2026-08-12T09:28:10.405Z"}
{"level":"debug","message":"prisma query (60ms): BEGIN","timestamp":"2026-08-12T09:28:12.100Z"}
{"level":"debug","message":"prisma query (60ms): BEGIN","timestamp":"2026-08-12T09:28:12.100Z"}
{"level":"debug","message":"prisma query (51ms): DEALLOCATE ALL","timestamp":"2026-08-12T09:28:12.152Z"}
{"level":"debug","message":"prisma query (68ms): DEALLOCATE ALL","timestamp":"2026-08-12T09:28:12.169Z"}
{"level":"debug","message":"prisma query (89ms): SELECT \"public\".\"jobs\".\"id\", \"public\".\"jobs\".\"type\"::text, \"public\".\"jobs\".\"status\"::text, \"public\".\"jobs\".\"payload\", \"public\".\"jobs\".\"result\", \"public\".\"jobs\".\"error\", \"public\".\"jobs\".\"attempts\", \"public\".\"jobs\".\"maxAttempts\", \"public\".\"jobs\".\"nextAttemptAt\", \"public\".\"jobs\".\"createdById\", \"public\".\"jobs\".\"createdAt\", \"public\".\"jobs\".\"updatedAt\", \"public\".\"jobs\".\"completedAt\" FROM \"public\".\"jobs\" WHERE (\"public\".\"jobs\".\"type\" = CAST($1::text AS \"public\".\"JobType\") AND \"public\".\"jobs\".\"status\" = CAST($2::text AS \"public\".\"JobStatus\") AND \"public\".\"jobs\".\"nextAttemptAt\" <= $3) ORDER BY \"public\".\"jobs\".\"createdAt\" ASC LIMIT $4 OFFSET $5","timestamp":"2026-08-12T09:28:12.241Z"}
{"level":"debug","message":"prisma query (43ms): COMMIT","timestamp":"2026-08-12T09:28:12.285Z"}
{"level":"debug","message":"prisma query (150ms): SELECT \"public\".\"jobs\".\"id\", \"public\".\"jobs\".\"type\"::text, \"public\".\"jobs\".\"status\"::text, \"public\".\"jobs\".\"payload\", \"public\".\"jobs\".\"result\", \"public\".\"jobs\".\"error\", \"public\".\"jobs\".\"attempts\", \"public\".\"jobs\".\"maxAttempts\", \"public\".\"jobs\".\"nextAttemptAt\", \"public\".\"jobs\".\"createdById\", \"public\".\"jobs\".\"createdAt\", \"public\".\"jobs\".\"updatedAt\", \"public\".\"jobs\".\"completedAt\" FROM \"public\".\"jobs\" WHERE (\"public\".\"jobs\".\"type\" = CAST($1::text AS \"public\".\"JobType\") AND \"public\".\"jobs\".\"status\" = CAST($2::text AS \"public\".\"JobStatus\") AND \"public\".\"jobs\".\"nextAttemptAt\" <= $3) ORDER BY \"public\".\"jobs\".\"createdAt\" ASC LIMIT $4 OFFSET $5","timestamp":"2026-08-12T09:28:12.320Z"}
{"level":"debug","message":"prisma query (93ms): COMMIT","timestamp":"2026-08-12T09:28:12.415Z"}
{"level":"debug","message":"prisma query (220ms): BEGIN","timestamp":"2026-08-12T09:28:14.260Z"}
{"level":"debug","message":"prisma query (221ms): BEGIN","timestamp":"2026-08-12T09:28:14.261Z"}
{"level":"debug","message":"prisma query (202ms): DEALLOCATE ALL","timestamp":"2026-08-12T09:28:14.464Z"}
{"level":"debug","message":"prisma query (204ms): DEALLOCATE ALL","timestamp":"2026-08-12T09:28:14.464Z"}
{"level":"debug","message":"prisma query (264ms): SELECT \"public\".\"jobs\".\"id\", \"public\".\"jobs\".\"type\"::text, \"public\".\"jobs\".\"status\"::text, \"public\".\"jobs\".\"payload\", \"public\".\"jobs\".\"result\", \"public\".\"jobs\".\"error\", \"public\".\"jobs\".\"attempts\", \"public\".\"jobs\".\"maxAttempts\", \"public\".\"jobs\".\"nextAttemptAt\", \"public\".\"jobs\".\"createdById\", \"public\".\"jobs\".\"createdAt\", \"public\".\"jobs\".\"updatedAt\", \"public\".\"jobs\".\"completedAt\" FROM \"public\".\"jobs\" WHERE (\"public\".\"jobs\".\"type\" = CAST($1::text AS \"public\".\"JobType\") AND \"public\".\"jobs\".\"status\" = CAST($2::text AS \"public\".\"JobStatus\") AND \"public\".\"jobs\".\"nextAttemptAt\" <= $3) ORDER BY \"public\".\"jobs\".\"createdAt\" ASC LIMIT $4 OFFSET $5","timestamp":"2026-08-12T09:28:14.730Z"}
{"level":"debug","message":"prisma query (265ms): SELECT \"public\".\"jobs\".\"id\", \"public\".\"jobs\".\"type\"::text, \"public\".\"jobs\".\"status\"::text, \"public\".\"jobs\".\"payload\", \"public\".\"jobs\".\"result\", \"public\".\"jobs\".\"error\", \"public\".\"jobs\".\"attempts\", \"public\".\"jobs\".\"maxAttempts\", \"public\".\"jobs\".\"nextAttemptAt\", \"public\".\"jobs\".\"createdById\", \"public\".\"jobs\".\"createdAt\", \"public\".\"jobs\".\"updatedAt\", \"public\".\"jobs\".\"completedAt\" FROM \"public\".\"jobs\" WHERE (\"public\".\"jobs\".\"type\" = CAST($1::text AS \"public\".\"JobType\") AND \"public\".\"jobs\".\"status\" = CAST($2::text AS \"public\".\"JobStatus\") AND \"public\".\"jobs\".\"nextAttemptAt\" <= $3) ORDER BY \"public\".\"jobs\".\"createdAt\" ASC LIMIT $4 OFFSET $5","timestamp":"2026-08-12T09:28:14.731Z"}
{"level":"debug","message":"prisma query (65ms): COMMIT","timestamp":"2026-08-12T09:28:14.795Z"}
{"level":"debug","message":"prisma query (66ms): COMMIT","timestamp":"2026-08-12T09:28:14.796Z"}
{"level":"debug","message":"prisma query (59ms): BEGIN","timestamp":"2026-08-12T09:28:16.101Z"}
{"level":"debug","message":"prisma query (114ms): BEGIN","timestamp":"2026-08-12T09:28:16.155Z"}
{"level":"debug","message":"prisma query (224ms): DEALLOCATE ALL","timestamp":"2026-08-12T09:28:16.350Z"}
{"level":"debug","message":"prisma query (171ms): DEALLOCATE ALL","timestamp":"2026-08-12T09:28:16.356Z"}
{"level":"debug","message":"prisma query (148ms): SELECT \"public\".\"jobs\".\"id\", \"public\".\"jobs\".\"type\"::text, \"public\".\"jobs\".\"status\"::text, \"public\".\"jobs\".\"payload\", \"public\".\"jobs\".\"result\", \"public\".\"jobs\".\"error\", \"public\".\"jobs\".\"attempts\", \"public\".\"jobs\".\"maxAttempts\", \"public\".\"jobs\".\"nextAttemptAt\", \"public\".\"jobs\".\"createdById\", \"public\".\"jobs\".\"createdAt\", \"public\".\"jobs\".\"updatedAt\", \"public\".\"jobs\".\"completedAt\" FROM \"public\".\"jobs\" WHERE (\"public\".\"jobs\".\"type\" = CAST($1::text AS \"public\".\"JobType\") AND \"public\".\"jobs\".\"status\" = CAST($2::text AS \"public\".\"JobStatus\") AND \"public\".\"jobs\".\"nextAttemptAt\" <= $3) ORDER BY \"public\".\"jobs\".\"createdAt\" ASC LIMIT $4 OFFSET $5","timestamp":"2026-08-12T09:28:16.474Z"}
{"level":"debug","message":"prisma query (163ms): SELECT \"public\".\"jobs\".\"id\", \"public\".\"jobs\".\"type\"::text, \"public\".\"jobs\".\"status\"::text, \"public\".\"jobs\".\"payload\", \"public\".\"jobs\".\"result\", \"public\".\"jobs\".\"error\", \"public\".\"jobs\".\"attempts\", \"public\".\"jobs\".\"maxAttempts\", \"public\".\"jobs\".\"nextAttemptAt\", \"public\".\"jobs\".\"createdById\", \"public\".\"jobs\".\"createdAt\", \"public\".\"jobs\".\"updatedAt\", \"public\".\"jobs\".\"completedAt\" FROM \"public\".\"jobs\" WHERE (\"public\".\"jobs\".\"type\" = CAST($1::text AS \"public\".\"JobType\") AND \"public\".\"jobs\".\"status\" = CAST($2::text AS \"public\".\"JobStatus\") AND \"public\".\"jobs\".\"nextAttemptAt\" <= $3) ORDER BY \"public\".\"jobs\".\"createdAt\" ASC LIMIT $4 OFFSET $5","timestamp":"2026-08-12T09:28:16.490Z"}
{"level":"debug","message":"prisma query (40ms): COMMIT","timestamp":"2026-08-12T09:28:16.515Z"}
{"level":"debug","message":"prisma query (74ms): COMMIT","timestamp":"2026-08-12T09:28:16.565Z"}
{"level":"debug","message":"prisma query (183ms): BEGIN","timestamp":"2026-08-12T09:28:18.238Z"}
{"level":"debug","message":"prisma query (184ms): BEGIN","timestamp":"2026-08-12T09:28:18.239Z"}
{"level":"debug","message":"prisma query (217ms): DEALLOCATE ALL","timestamp":"2026-08-12T09:28:18.452Z"}
{"level":"debug","message":"prisma query (216ms): DEALLOCATE ALL","timestamp":"2026-08-12T09:28:18.452Z"}
{"level":"debug","message":"prisma query (179ms): SELECT \"public\".\"jobs\".\"id\", \"public\".\"jobs\".\"type\"::text, \"public\".\"jobs\".\"status\"::text, \"public\".\"jobs\".\"payload\", \"public\".\"jobs\".\"result\", \"public\".\"jobs\".\"error\", \"public\".\"jobs\".\"attempts\", \"public\".\"jobs\".\"maxAttempts\", \"public\".\"jobs\".\"nextAttemptAt\", \"public\".\"jobs\".\"createdById\", \"public\".\"jobs\".\"createdAt\", \"public\".\"jobs\".\"updatedAt\", \"public\".\"jobs\".\"completedAt\" FROM \"public\".\"jobs\" WHERE (\"public\".\"jobs\".\"type\" = CAST($1::text AS \"public\".\"JobType\") AND \"public\".\"jobs\".\"status\" = CAST($2::text AS \"public\".\"JobStatus\") AND \"public\".\"jobs\".\"nextAttemptAt\" <= $3) ORDER BY \"public\".\"jobs\".\"createdAt\" ASC LIMIT $4 OFFSET $5","timestamp":"2026-08-12T09:28:18.632Z"}
{"level":"debug","message":"prisma query (261ms): SELECT \"public\".\"jobs\".\"id\", \"public\".\"jobs\".\"type\"::text, \"public\".\"jobs\".\"status\"::text, \"public\".\"jobs\".\"payload\", \"public\".\"jobs\".\"result\", \"public\".\"jobs\".\"error\", \"public\".\"jobs\".\"attempts\", \"public\".\"jobs\".\"maxAttempts\", \"public\".\"jobs\".\"nextAttemptAt\", \"public\".\"jobs\".\"createdById\", \"public\".\"jobs\".\"createdAt\", \"public\".\"jobs\".\"updatedAt\", \"public\".\"jobs\".\"completedAt\" FROM \"public\".\"jobs\" WHERE (\"public\".\"jobs\".\"type\" = CAST($1::text AS \"public\".\"JobType\") AND \"public\".\"jobs\".\"status\" = CAST($2::text AS \"public\".\"JobStatus\") AND \"public\".\"jobs\".\"nextAttemptAt\" <= $3) ORDER BY \"public\".\"jobs\".\"createdAt\" ASC LIMIT $4 OFFSET $5","timestamp":"2026-08-12T09:28:18.715Z"}
{"level":"debug","message":"prisma query (82ms): COMMIT","timestamp":"2026-08-12T09:28:18.715Z"}
{"level":"debug","message":"prisma query (59ms): COMMIT","timestamp":"2026-08-12T09:28:18.775Z"}
{"level":"debug","message":"prisma query (58ms): SELECT 1","timestamp":"2026-08-12T09:28:20.122Z"}
{"level":"debug","message":"prisma query (64ms): SELECT 1","timestamp":"2026-08-12T09:28:20.128Z"}
{"level":"debug","message":"prisma query (79ms): BEGIN","timestamp":"2026-08-12T09:28:20.202Z"}
{"level":"debug","message":"prisma query (78ms): BEGIN","timestamp":"2026-08-12T09:28:20.207Z"}
{"level":"debug","message":"prisma query (47ms): DEALLOCATE ALL","timestamp":"2026-08-12T09:28:20.254Z"}
{"level":"debug","message":"prisma query (53ms): DEALLOCATE ALL","timestamp":"2026-08-12T09:28:20.255Z"}
{"level":"debug","message":"prisma query (139ms): SELECT \"public\".\"jobs\".\"id\", \"public\".\"jobs\".\"type\"::text, \"public\".\"jobs\".\"status\"::text, \"public\".\"jobs\".\"payload\", \"public\".\"jobs\".\"result\", \"public\".\"jobs\".\"error\", \"public\".\"jobs\".\"attempts\", \"public\".\"jobs\".\"maxAttempts\", \"public\".\"jobs\".\"nextAttemptAt\", \"public\".\"jobs\".\"createdById\", \"public\".\"jobs\".\"createdAt\", \"public\".\"jobs\".\"updatedAt\", \"public\".\"jobs\".\"completedAt\" FROM \"public\".\"jobs\" WHERE (\"public\".\"jobs\".\"type\" = CAST($1::text AS \"public\".\"JobType\") AND \"public\".\"jobs\".\"status\" = CAST($2::text AS \"public\".\"JobStatus\") AND \"public\".\"jobs\".\"nextAttemptAt\" <= $3) ORDER BY \"public\".\"jobs\".\"createdAt\" ASC LIMIT $4 OFFSET $5","timestamp":"2026-08-12T09:28:20.395Z"}
{"level":"debug","message":"prisma query (176ms): SELECT \"public\".\"jobs\".\"id\", \"public\".\"jobs\".\"type\"::text, \"public\".\"jobs\".\"status\"::text, \"public\".\"jobs\".\"payload\", \"public\".\"jobs\".\"result\", \"public\".\"jobs\".\"error\", \"public\".\"jobs\".\"attempts\", \"public\".\"jobs\".\"maxAttempts\", \"public\".\"jobs\".\"nextAttemptAt\", \"public\".\"jobs\".\"createdById\", \"public\".\"jobs\".\"createdAt\", \"public\".\"jobs\".\"updatedAt\", \"public\".\"jobs\".\"completedAt\" FROM \"public\".\"jobs\" WHERE (\"public\".\"jobs\".\"type\" = CAST($1::text AS \"public\".\"JobType\") AND \"public\".\"jobs\".\"status\" = CAST($2::text AS \"public\".\"JobStatus\") AND \"public\".\"jobs\".\"nextAttemptAt\" <= $3) ORDER BY \"public\".\"jobs\".\"createdAt\" ASC LIMIT $4 OFFSET $5","timestamp":"2026-08-12T09:28:20.432Z"}
{"level":"debug","message":"prisma query (119ms): COMMIT","timestamp":"2026-08-12T09:28:20.514Z"}
{"level":"debug","message":"prisma query (82ms): COMMIT","timestamp":"2026-08-12T09:28:20.515Z"}
{"level":"debug","message":"prisma query (158ms): BEGIN","timestamp":"2026-08-12T09:28:22.227Z"}
{"level":"debug","message":"prisma query (158ms): BEGIN","timestamp":"2026-08-12T09:28:22.227Z"}
{"level":"debug","message":"prisma query (220ms): DEALLOCATE ALL","timestamp":"2026-08-12T09:28:22.448Z"}
{"level":"debug","message":"prisma query (221ms): DEALLOCATE ALL","timestamp":"2026-08-12T09:28:22.449Z"}
{"level":"debug","message":"prisma query (212ms): SELECT \"public\".\"jobs\".\"id\", \"public\".\"jobs\".\"type\"::text, \"public\".\"jobs\".\"status\"::text, \"public\".\"jobs\".\"payload\", \"public\".\"jobs\".\"result\", \"public\".\"jobs\".\"error\", \"public\".\"jobs\".\"attempts\", \"public\".\"jobs\".\"maxAttempts\", \"public\".\"jobs\".\"nextAttemptAt\", \"public\".\"jobs\".\"createdById\", \"public\".\"jobs\".\"createdAt\", \"public\".\"jobs\".\"updatedAt\", \"public\".\"jobs\".\"completedAt\" FROM \"public\".\"jobs\" WHERE (\"public\".\"jobs\".\"type\" = CAST($1::text AS \"public\".\"JobType\") AND \"public\".\"jobs\".\"status\" = CAST($2::text AS \"public\".\"JobStatus\") AND \"public\".\"jobs\".\"nextAttemptAt\" <= $3) ORDER BY \"public\".\"jobs\".\"createdAt\" ASC LIMIT $4 OFFSET $5","timestamp":"2026-08-12T09:28:22.662Z"}
{"level":"debug","message":"prisma query (213ms): SELECT \"public\".\"jobs\".\"id\", \"public\".\"jobs\".\"type\"::text, \"public\".\"jobs\".\"status\"::text, \"public\".\"jobs\".\"payload\", \"public\".\"jobs\".\"result\", \"public\".\"jobs\".\"error\", \"public\".\"jobs\".\"attempts\", \"public\".\"jobs\".\"maxAttempts\", \"public\".\"jobs\".\"nextAttemptAt\", \"public\".\"jobs\".\"createdById\", \"public\".\"jobs\".\"createdAt\", \"public\".\"jobs\".\"updatedAt\", \"public\".\"jobs\".\"completedAt\" FROM \"public\".\"jobs\" WHERE (\"public\".\"jobs\".\"type\" = CAST($1::text AS \"public\".\"JobType\") AND \"public\".\"jobs\".\"status\" = CAST($2::text AS \"public\".\"JobStatus\") AND \"public\".\"jobs\".\"nextAttemptAt\" <= $3) ORDER BY \"public\".\"jobs\".\"createdAt\" ASC LIMIT $4 OFFSET $5","timestamp":"2026-08-12T09:28:22.662Z"}
{"level":"debug","message":"prisma query (59ms): COMMIT","timestamp":"2026-08-12T09:28:22.722Z"}
{"level":"debug","message":"prisma query (60ms): COMMIT","timestamp":"2026-08-12T09:28:22.723Z"}
{"level":"debug","message":"prisma query (112ms): BEGIN","timestamp":"2026-08-12T09:28:24.189Z"}
{"level":"debug","message":"prisma query (113ms): BEGIN","timestamp":"2026-08-12T09:28:24.190Z"}
{"level":"debug","message":"prisma query (69ms): DEALLOCATE ALL","timestamp":"2026-08-12T09:28:24.258Z"}
{"level":"debug","message":"prisma query (68ms): DEALLOCATE ALL","timestamp":"2026-08-12T09:28:24.259Z"}
{"level":"debug","message":"prisma query (110ms): SELECT \"public\".\"jobs\".\"id\", \"public\".\"jobs\".\"type\"::text, \"public\".\"jobs\".\"status\"::text, \"public\".\"jobs\".\"payload\", \"public\".\"jobs\".\"result\", \"public\".\"jobs\".\"error\", \"public\".\"jobs\".\"attempts\", \"public\".\"jobs\".\"maxAttempts\", \"public\".\"jobs\".\"nextAttemptAt\", \"public\".\"jobs\".\"createdById\", \"public\".\"jobs\".\"createdAt\", \"public\".\"jobs\".\"updatedAt\", \"public\".\"jobs\".\"completedAt\" FROM \"public\".\"jobs\" WHERE (\"public\".\"jobs\".\"type\" = CAST($1::text AS \"public\".\"JobType\") AND \"public\".\"jobs\".\"status\" = CAST($2::text AS \"public\".\"JobStatus\") AND \"public\".\"jobs\".\"nextAttemptAt\" <= $3) ORDER BY \"public\".\"jobs\".\"createdAt\" ASC LIMIT $4 OFFSET $5","timestamp":"2026-08-12T09:28:24.369Z"}
{"level":"debug","message":"prisma query (110ms): SELECT \"public\".\"jobs\".\"id\", \"public\".\"jobs\".\"type\"::text, \"public\".\"jobs\".\"status\"::text, \"public\".\"jobs\".\"payload\", \"public\".\"jobs\".\"result\", \"public\".\"jobs\".\"error\", \"public\".\"jobs\".\"attempts\", \"public\".\"jobs\".\"maxAttempts\", \"public\".\"jobs\".\"nextAttemptAt\", \"public\".\"jobs\".\"createdById\", \"public\".\"jobs\".\"createdAt\", \"public\".\"jobs\".\"updatedAt\", \"public\".\"jobs\".\"completedAt\" FROM \"public\".\"jobs\" WHERE (\"public\".\"jobs\".\"type\" = CAST($1::text AS \"public\".\"JobType\") AND \"public\".\"jobs\".\"status\" = CAST($2::text AS \"public\".\"JobStatus\") AND \"public\".\"jobs\".\"nextAttemptAt\" <= $3) ORDER BY \"public\".\"jobs\".\"createdAt\" ASC LIMIT $4 OFFSET $5","timestamp":"2026-08-12T09:28:24.370Z"}
{"level":"debug","message":"prisma query (72ms): COMMIT","timestamp":"2026-08-12T09:28:24.441Z"}
{"level":"debug","message":"prisma query (75ms): COMMIT","timestamp":"2026-08-12T09:28:24.445Z"}
{"level":"debug","message":"prisma query (87ms): BEGIN","timestamp":"2026-08-12T09:28:26.168Z"}
{"level":"debug","message":"prisma query (87ms): BEGIN","timestamp":"2026-08-12T09:28:26.169Z"}
{"level":"debug","message":"prisma query (68ms): DEALLOCATE ALL","timestamp":"2026-08-12T09:28:26.237Z"}
{"level":"debug","message":"prisma query (68ms): DEALLOCATE ALL","timestamp":"2026-08-12T09:28:26.238Z"}
{"level":"debug","message":"prisma query (116ms): SELECT \"public\".\"jobs\".\"id\", \"public\".\"jobs\".\"type\"::text, \"public\".\"jobs\".\"status\"::text, \"public\".\"jobs\".\"payload\", \"public\".\"jobs\".\"result\", \"public\".\"jobs\".\"error\", \"public\".\"jobs\".\"attempts\", \"public\".\"jobs\".\"maxAttempts\", \"public\".\"jobs\".\"nextAttemptAt\", \"public\".\"jobs\".\"createdById\", \"public\".\"jobs\".\"createdAt\", \"public\".\"jobs\".\"updatedAt\", \"public\".\"jobs\".\"completedAt\" FROM \"public\".\"jobs\" WHERE (\"public\".\"jobs\".\"type\" = CAST($1::text AS \"public\".\"JobType\") AND \"public\".\"jobs\".\"status\" = CAST($2::text AS \"public\".\"JobStatus\") AND \"public\".\"jobs\".\"nextAttemptAt\" <= $3) ORDER BY \"public\".\"jobs\".\"createdAt\" ASC LIMIT $4 OFFSET $5","timestamp":"2026-08-12T09:28:26.355Z"}
{"level":"debug","message":"prisma query (137ms): SELECT \"public\".\"jobs\".\"id\", \"public\".\"jobs\".\"type\"::text, \"public\".\"jobs\".\"status\"::text, \"public\".\"jobs\".\"payload\", \"public\".\"jobs\".\"result\", \"public\".\"jobs\".\"error\", \"public\".\"jobs\".\"attempts\", \"public\".\"jobs\".\"maxAttempts\", \"public\".\"jobs\".\"nextAttemptAt\", \"public\".\"jobs\".\"createdById\", \"public\".\"jobs\".\"createdAt\", \"public\".\"jobs\".\"updatedAt\", \"public\".\"jobs\".\"completedAt\" FROM \"public\".\"jobs\" WHERE (\"public\".\"jobs\".\"type\" = CAST($1::text AS \"public\".\"JobType\") AND \"public\".\"jobs\".\"status\" = CAST($2::text AS \"public\".\"JobStatus\") AND \"public\".\"jobs\".\"nextAttemptAt\" <= $3) ORDER BY \"public\".\"jobs\".\"createdAt\" ASC LIMIT $4 OFFSET $5","timestamp":"2026-08-12T09:28:26.378Z"}
{"level":"debug","message":"prisma query (40ms): COMMIT","timestamp":"2026-08-12T09:28:26.399Z"}
{"level":"debug","message":"prisma query (64ms): COMMIT","timestamp":"2026-08-12T09:28:26.444Z"}
{"level":"debug","message":"prisma query (286ms): BEGIN","timestamp":"2026-08-12T09:28:28.370Z"}
{"level":"debug","message":"prisma query (286ms): BEGIN","timestamp":"2026-08-12T09:28:28.371Z"}
{"level":"debug","message":"prisma query (285ms): DEALLOCATE ALL","timestamp":"2026-08-12T09:28:28.656Z"}
{"level":"debug","message":"prisma query (286ms): DEALLOCATE ALL","timestamp":"2026-08-12T09:28:28.657Z"}
{"level":"debug","message":"prisma query (175ms): SELECT \"public\".\"jobs\".\"id\", \"public\".\"jobs\".\"type\"::text, \"public\".\"jobs\".\"status\"::text, \"public\".\"jobs\".\"payload\", \"public\".\"jobs\".\"result\", \"public\".\"jobs\".\"error\", \"public\".\"jobs\".\"attempts\", \"public\".\"jobs\".\"maxAttempts\", \"public\".\"jobs\".\"nextAttemptAt\", \"public\".\"jobs\".\"createdById\", \"public\".\"jobs\".\"createdAt\", \"public\".\"jobs\".\"updatedAt\", \"public\".\"jobs\".\"completedAt\" FROM \"public\".\"jobs\" WHERE (\"public\".\"jobs\".\"type\" = CAST($1::text AS \"public\".\"JobType\") AND \"public\".\"jobs\".\"status\" = CAST($2::text AS \"public\".\"JobStatus\") AND \"public\".\"jobs\".\"nextAttemptAt\" <= $3) ORDER BY \"public\".\"jobs\".\"createdAt\" ASC LIMIT $4 OFFSET $5","timestamp":"2026-08-12T09:28:28.833Z"}
{"level":"debug","message":"prisma query (184ms): SELECT \"public\".\"jobs\".\"id\", \"public\".\"jobs\".\"type\"::text, \"public\".\"jobs\".\"status\"::text, \"public\".\"jobs\".\"payload\", \"public\".\"jobs\".\"result\", \"public\".\"jobs\".\"error\", \"public\".\"jobs\".\"attempts\", \"public\".\"jobs\".\"maxAttempts\", \"public\".\"jobs\".\"nextAttemptAt\", \"public\".\"jobs\".\"createdById\", \"public\".\"jobs\".\"createdAt\", \"public\".\"jobs\".\"updatedAt\", \"public\".\"jobs\".\"completedAt\" FROM \"public\".\"jobs\" WHERE (\"public\".\"jobs\".\"type\" = CAST($1::text AS \"public\".\"JobType\") AND \"public\".\"jobs\".\"status\" = CAST($2::text AS \"public\".\"JobStatus\") AND \"public\".\"jobs\".\"nextAttemptAt\" <= $3) ORDER BY \"public\".\"jobs\".\"createdAt\" ASC LIMIT $4 OFFSET $5","timestamp":"2026-08-12T09:28:28.841Z"}
{"level":"debug","message":"prisma query (71ms): COMMIT","timestamp":"2026-08-12T09:28:28.905Z"}
{"level":"debug","message":"prisma query (109ms): COMMIT","timestamp":"2026-08-12T09:28:28.951Z"}
{"level":"debug","message":"prisma query (121ms): BEGIN","timestamp":"2026-08-12T09:28:30.222Z"}
{"level":"debug","message":"prisma query (121ms): BEGIN","timestamp":"2026-08-12T09:28:30.223Z"}
{"level":"debug","message":"prisma query (75ms): DEALLOCATE ALL","timestamp":"2026-08-12T09:28:30.296Z"}
{"level":"debug","message":"prisma query (75ms): DEALLOCATE ALL","timestamp":"2026-08-12T09:28:30.297Z"}
{"level":"debug","message":"prisma query (110ms): SELECT \"public\".\"jobs\".\"id\", \"public\".\"jobs\".\"type\"::text, \"public\".\"jobs\".\"status\"::text, \"public\".\"jobs\".\"payload\", \"public\".\"jobs\".\"result\", \"public\".\"jobs\".\"error\", \"public\".\"jobs\".\"attempts\", \"public\".\"jobs\".\"maxAttempts\", \"public\".\"jobs\".\"nextAttemptAt\", \"public\".\"jobs\".\"createdById\", \"public\".\"jobs\".\"createdAt\", \"public\".\"jobs\".\"updatedAt\", \"public\".\"jobs\".\"completedAt\" FROM \"public\".\"jobs\" WHERE (\"public\".\"jobs\".\"type\" = CAST($1::text AS \"public\".\"JobType\") AND \"public\".\"jobs\".\"status\" = CAST($2::text AS \"public\".\"JobStatus\") AND \"public\".\"jobs\".\"nextAttemptAt\" <= $3) ORDER BY \"public\".\"jobs\".\"createdAt\" ASC LIMIT $4 OFFSET $5","timestamp":"2026-08-12T09:28:30.408Z"}
{"level":"debug","message":"prisma query (111ms): SELECT \"public\".\"jobs\".\"id\", \"public\".\"jobs\".\"type\"::text, \"public\".\"jobs\".\"status\"::text, \"public\".\"jobs\".\"payload\", \"public\".\"jobs\".\"result\", \"public\".\"jobs\".\"error\", \"public\".\"jobs\".\"attempts\", \"public\".\"jobs\".\"maxAttempts\", \"public\".\"jobs\".\"nextAttemptAt\", \"public\".\"jobs\".\"createdById\", \"public\".\"jobs\".\"createdAt\", \"public\".\"jobs\".\"updatedAt\", \"public\".\"jobs\".\"completedAt\" FROM \"public\".\"jobs\" WHERE (\"public\".\"jobs\".\"type\" = CAST($1::text AS \"public\".\"JobType\") AND \"public\".\"jobs\".\"status\" = CAST($2::text AS \"public\".\"JobStatus\") AND \"public\".\"jobs\".\"nextAttemptAt\" <= $3) ORDER BY \"public\".\"jobs\".\"createdAt\" ASC LIMIT $4 OFFSET $5","timestamp":"2026-08-12T09:28:30.409Z"}
{"level":"debug","message":"prisma query (75ms): COMMIT","timestamp":"2026-08-12T09:28:30.484Z"}
{"level":"debug","message":"prisma query (78ms): COMMIT","timestamp":"2026-08-12T09:28:30.487Z"}
{"level":"debug","message":"prisma query (61ms): BEGIN","timestamp":"2026-08-12T09:28:32.171Z"}
{"level":"debug","message":"prisma query (62ms): BEGIN","timestamp":"2026-08-12T09:28:32.172Z"}
{"level":"debug","message":"prisma query (112ms): DEALLOCATE ALL","timestamp":"2026-08-12T09:28:32.283Z"}
{"level":"debug","message":"prisma query (112ms): DEALLOCATE ALL","timestamp":"2026-08-12T09:28:32.284Z"}
{"level":"debug","message":"prisma query (398ms): SELECT \"public\".\"jobs\".\"id\", \"public\".\"jobs\".\"type\"::text, \"public\".\"jobs\".\"status\"::text, \"public\".\"jobs\".\"payload\", \"public\".\"jobs\".\"result\", \"public\".\"jobs\".\"error\", \"public\".\"jobs\".\"attempts\", \"public\".\"jobs\".\"maxAttempts\", \"public\".\"jobs\".\"nextAttemptAt\", \"public\".\"jobs\".\"createdById\", \"public\".\"jobs\".\"createdAt\", \"public\".\"jobs\".\"updatedAt\", \"public\".\"jobs\".\"completedAt\" FROM \"public\".\"jobs\" WHERE (\"public\".\"jobs\".\"type\" = CAST($1::text AS \"public\".\"JobType\") AND \"public\".\"jobs\".\"status\" = CAST($2::text AS \"public\".\"JobStatus\") AND \"public\".\"jobs\".\"nextAttemptAt\" <= $3) ORDER BY \"public\".\"jobs\".\"createdAt\" ASC LIMIT $4 OFFSET $5","timestamp":"2026-08-12T09:28:32.682Z"}
{"level":"debug","message":"prisma query (397ms): SELECT \"public\".\"jobs\".\"id\", \"public\".\"jobs\".\"type\"::text, \"public\".\"jobs\".\"status\"::text, \"public\".\"jobs\".\"payload\", \"public\".\"jobs\".\"result\", \"public\".\"jobs\".\"error\", \"public\".\"jobs\".\"attempts\", \"public\".\"jobs\".\"maxAttempts\", \"public\".\"jobs\".\"nextAttemptAt\", \"public\".\"jobs\".\"createdById\", \"public\".\"jobs\".\"createdAt\", \"public\".\"jobs\".\"updatedAt\", \"public\".\"jobs\".\"completedAt\" FROM \"public\".\"jobs\" WHERE (\"public\".\"jobs\".\"type\" = CAST($1::text AS \"public\".\"JobType\") AND \"public\".\"jobs\".\"status\" = CAST($2::text AS \"public\".\"JobStatus\") AND \"public\".\"jobs\".\"nextAttemptAt\" <= $3) ORDER BY \"public\".\"jobs\".\"createdAt\" ASC LIMIT $4 OFFSET $5","timestamp":"2026-08-12T09:28:32.684Z"}
{"level":"debug","message":"prisma query (88ms): COMMIT","timestamp":"2026-08-12T09:28:32.771Z"}
{"level":"debug","message":"prisma query (88ms): COMMIT","timestamp":"2026-08-12T09:28:32.772Z"}
{"level":"debug","message":"prisma query (113ms): BEGIN","timestamp":"2026-08-12T09:28:34.235Z"}
{"level":"debug","message":"prisma query (112ms): BEGIN","timestamp":"2026-08-12T09:28:34.235Z"}
{"level":"debug","message":"prisma query (36ms): DEALLOCATE ALL","timestamp":"2026-08-12T09:28:34.271Z"}
{"level":"debug","message":"prisma query (67ms): DEALLOCATE ALL","timestamp":"2026-08-12T09:28:34.302Z"}
{"level":"debug","message":"prisma query (168ms): SELECT \"public\".\"jobs\".\"id\", \"public\".\"jobs\".\"type\"::text, \"public\".\"jobs\".\"status\"::text, \"public\".\"jobs\".\"payload\", \"public\".\"jobs\".\"result\", \"public\".\"jobs\".\"error\", \"public\".\"jobs\".\"attempts\", \"public\".\"jobs\".\"maxAttempts\", \"public\".\"jobs\".\"nextAttemptAt\", \"public\".\"jobs\".\"createdById\", \"public\".\"jobs\".\"createdAt\", \"public\".\"jobs\".\"updatedAt\", \"public\".\"jobs\".\"completedAt\" FROM \"public\".\"jobs\" WHERE (\"public\".\"jobs\".\"type\" = CAST($1::text AS \"public\".\"JobType\") AND \"public\".\"jobs\".\"status\" = CAST($2::text AS \"public\".\"JobStatus\") AND \"public\".\"jobs\".\"nextAttemptAt\" <= $3) ORDER BY \"public\".\"jobs\".\"createdAt\" ASC LIMIT $4 OFFSET $5","timestamp":"2026-08-12T09:28:34.440Z"}
{"level":"debug","message":"prisma query (140ms): SELECT \"public\".\"jobs\".\"id\", \"public\".\"jobs\".\"type\"::text, \"public\".\"jobs\".\"status\"::text, \"public\".\"jobs\".\"payload\", \"public\".\"jobs\".\"result\", \"public\".\"jobs\".\"error\", \"public\".\"jobs\".\"attempts\", \"public\".\"jobs\".\"maxAttempts\", \"public\".\"jobs\".\"nextAttemptAt\", \"public\".\"jobs\".\"createdById\", \"public\".\"jobs\".\"createdAt\", \"public\".\"jobs\".\"updatedAt\", \"public\".\"jobs\".\"completedAt\" FROM \"public\".\"jobs\" WHERE (\"public\".\"jobs\".\"type\" = CAST($1::text AS \"public\".\"JobType\") AND \"public\".\"jobs\".\"status\" = CAST($2::text AS \"public\".\"JobStatus\") AND \"public\".\"jobs\".\"nextAttemptAt\" <= $3) ORDER BY \"public\".\"jobs\".\"createdAt\" ASC LIMIT $4 OFFSET $5","timestamp":"2026-08-12T09:28:34.444Z"}
{"level":"debug","message":"prisma query (96ms): COMMIT","timestamp":"2026-08-12T09:28:34.537Z"}
{"level":"debug","message":"prisma query (97ms): COMMIT","timestamp":"2026-08-12T09:28:34.541Z"}
{"level":"debug","message":"prisma query (139ms): SELECT 1","timestamp":"2026-08-12T09:28:36.265Z"}
{"level":"debug","message":"prisma query (139ms): SELECT 1","timestamp":"2026-08-12T09:28:36.266Z"}
{"level":"debug","message":"prisma query (149ms): BEGIN","timestamp":"2026-08-12T09:28:36.417Z"}
{"level":"debug","message":"prisma query (151ms): BEGIN","timestamp":"2026-08-12T09:28:36.417Z"}
{"level":"debug","message":"prisma query (58ms): DEALLOCATE ALL","timestamp":"2026-08-12T09:28:36.475Z"}
{"level":"debug","message":"prisma query (95ms): DEALLOCATE ALL","timestamp":"2026-08-12T09:28:36.513Z"}
{"level":"debug","message":"prisma query (276ms): SELECT \"public\".\"jobs\".\"id\", \"public\".\"jobs\".\"type\"::text, \"public\".\"jobs\".\"status\"::text, \"public\".\"jobs\".\"payload\", \"public\".\"jobs\".\"result\", \"public\".\"jobs\".\"error\", \"public\".\"jobs\".\"attempts\", \"public\".\"jobs\".\"maxAttempts\", \"public\".\"jobs\".\"nextAttemptAt\", \"public\".\"jobs\".\"createdById\", \"public\".\"jobs\".\"createdAt\", \"public\".\"jobs\".\"updatedAt\", \"public\".\"jobs\".\"completedAt\" FROM \"public\".\"jobs\" WHERE (\"public\".\"jobs\".\"type\" = CAST($1::text AS \"public\".\"JobType\") AND \"public\".\"jobs\".\"status\" = CAST($2::text AS \"public\".\"JobStatus\") AND \"public\".\"jobs\".\"nextAttemptAt\" <= $3) ORDER BY \"public\".\"jobs\".\"createdAt\" ASC LIMIT $4 OFFSET $5","timestamp":"2026-08-12T09:28:36.753Z"}
{"level":"debug","message":"prisma query (239ms): SELECT \"public\".\"jobs\".\"id\", \"public\".\"jobs\".\"type\"::text, \"public\".\"jobs\".\"status\"::text, \"public\".\"jobs\".\"payload\", \"public\".\"jobs\".\"result\", \"public\".\"jobs\".\"error\", \"public\".\"jobs\".\"attempts\", \"public\".\"jobs\".\"maxAttempts\", \"public\".\"jobs\".\"nextAttemptAt\", \"public\".\"jobs\".\"createdById\", \"public\".\"jobs\".\"createdAt\", \"public\".\"jobs\".\"updatedAt\", \"public\".\"jobs\".\"completedAt\" FROM \"public\".\"jobs\" WHERE (\"public\".\"jobs\".\"type\" = CAST($1::text AS \"public\".\"JobType\") AND \"public\".\"jobs\".\"status\" = CAST($2::text AS \"public\".\"JobStatus\") AND \"public\".\"jobs\".\"nextAttemptAt\" <= $3) ORDER BY \"public\".\"jobs\".\"createdAt\" ASC LIMIT $4 OFFSET $5","timestamp":"2026-08-12T09:28:36.753Z"}
{"level":"debug","message":"prisma query (127ms): COMMIT","timestamp":"2026-08-12T09:28:36.880Z"}
{"level":"debug","message":"prisma query (131ms): COMMIT","timestamp":"2026-08-12T09:28:36.884Z"}
{"level":"debug","message":"prisma query (58ms): BEGIN","timestamp":"2026-08-12T09:28:37.905Z"}
{"level":"debug","message":"prisma query (51ms): DEALLOCATE ALL","timestamp":"2026-08-12T09:28:37.956Z"}
{"level":"debug","message":"prisma query (173ms): SELECT \"public\".\"users\".\"id\", \"public\".\"users\".\"name\", \"public\".\"users\".\"email\", \"public\".\"users\".\"passwordHash\", \"public\".\"users\".\"roleId\", \"public\".\"users\".\"isActive\", \"public\".\"users\".\"lastLoginAt\", \"public\".\"users\".\"createdAt\", \"public\".\"users\".\"updatedAt\" FROM \"public\".\"users\" WHERE (\"public\".\"users\".\"email\" = $1 AND 1=1) LIMIT $2 OFFSET $3","timestamp":"2026-08-12T09:28:38.132Z"}
{"level":"debug","message":"prisma query (62ms): COMMIT","timestamp":"2026-08-12T09:28:38.195Z"}
{"level":"debug","message":"prisma query (82ms): BEGIN","timestamp":"2026-08-12T09:28:38.216Z"}
{"level":"debug","message":"prisma query (82ms): SELECT 1","timestamp":"2026-08-12T09:28:38.217Z"}
{"level":"debug","message":"prisma query (58ms): DEALLOCATE ALL","timestamp":"2026-08-12T09:28:38.275Z"}
{"level":"debug","message":"prisma query (68ms): BEGIN","timestamp":"2026-08-12T09:28:38.275Z"}
{"level":"debug","message":"prisma query (92ms): BEGIN","timestamp":"2026-08-12T09:28:38.310Z"}
{"level":"debug","message":"prisma query (49ms): DEALLOCATE ALL","timestamp":"2026-08-12T09:28:38.325Z"}
{"level":"debug","message":"prisma query (54ms): DEALLOCATE ALL","timestamp":"2026-08-12T09:28:38.365Z"}
{"level":"debug","message":"prisma query (126ms): SELECT \"public\".\"jobs\".\"id\", \"public\".\"jobs\".\"type\"::text, \"public\".\"jobs\".\"status\"::text, \"public\".\"jobs\".\"payload\", \"public\".\"jobs\".\"result\", \"public\".\"jobs\".\"error\", \"public\".\"jobs\".\"attempts\", \"public\".\"jobs\".\"maxAttempts\", \"public\".\"jobs\".\"nextAttemptAt\", \"public\".\"jobs\".\"createdById\", \"public\".\"jobs\".\"createdAt\", \"public\".\"jobs\".\"updatedAt\", \"public\".\"jobs\".\"completedAt\" FROM \"public\".\"jobs\" WHERE (\"public\".\"jobs\".\"type\" = CAST($1::text AS \"public\".\"JobType\") AND \"public\".\"jobs\".\"status\" = CAST($2::text AS \"public\".\"JobStatus\") AND \"public\".\"jobs\".\"nextAttemptAt\" <= $3) ORDER BY \"public\".\"jobs\".\"createdAt\" ASC LIMIT $4 OFFSET $5","timestamp":"2026-08-12T09:28:38.401Z"}
{"level":"debug","message":"prisma query (97ms): COMMIT","timestamp":"2026-08-12T09:28:38.499Z"}
{"level":"debug","message":"prisma query (181ms): INSERT INTO \"public\".\"login_attempts\" (\"id\",\"email\",\"success\",\"failureReason\",\"ipAddress\",\"userAgent\",\"createdAt\") VALUES ($1,$2,$3,$4,$5,$6,$7) RETURNING \"public\".\"login_attempts\".\"id\", \"public\".\"login_attempts\".\"email\", \"public\".\"login_attempts\".\"userId\", \"public\".\"login_attempts\".\"success\", \"public\".\"login_attempts\".\"failureReason\", \"public\".\"login_attempts\".\"ipAddress\", \"public\".\"login_attempts\".\"userAgent\", \"public\".\"login_attempts\".\"createdAt\"","timestamp":"2026-08-12T09:28:38.514Z"}
{"level":"debug","message":"prisma query (153ms): SELECT \"public\".\"jobs\".\"id\", \"public\".\"jobs\".\"type\"::text, \"public\".\"jobs\".\"status\"::text, \"public\".\"jobs\".\"payload\", \"public\".\"jobs\".\"result\", \"public\".\"jobs\".\"error\", \"public\".\"jobs\".\"attempts\", \"public\".\"jobs\".\"maxAttempts\", \"public\".\"jobs\".\"nextAttemptAt\", \"public\".\"jobs\".\"createdById\", \"public\".\"jobs\".\"createdAt\", \"public\".\"jobs\".\"updatedAt\", \"public\".\"jobs\".\"completedAt\" FROM \"public\".\"jobs\" WHERE (\"public\".\"jobs\".\"type\" = CAST($1::text AS \"public\".\"JobType\") AND \"public\".\"jobs\".\"status\" = CAST($2::text AS \"public\".\"JobStatus\") AND \"public\".\"jobs\".\"nextAttemptAt\" <= $3) ORDER BY \"public\".\"jobs\".\"createdAt\" ASC LIMIT $4 OFFSET $5","timestamp":"2026-08-12T09:28:38.519Z"}
{"level":"debug","message":"prisma query (105ms): COMMIT","timestamp":"2026-08-12T09:28:38.624Z"}
{"level":"debug","message":"prisma query (105ms): COMMIT","timestamp":"2026-08-12T09:28:38.625Z"}
{"ip":"::1","level":"warn","message":"Invalid email or password","method":"POST","path":"/api/v1/auth/login","statusCode":401,"timestamp":"2026-08-12T09:28:38.626Z"}
{"level":"http","message":"\u001b[0mPOST /api/v1/auth/login \u001b[33m401\u001b[0m 807.013 ms - 571\u001b[0m","timestamp":"2026-08-12T09:28:38.628Z"}
{"level":"debug","message":"prisma query (120ms): BEGIN","timestamp":"2026-08-12T09:28:40.261Z"}
{"level":"debug","message":"prisma query (122ms): BEGIN","timestamp":"2026-08-12T09:28:40.263Z"}
{"level":"debug","message":"prisma query (314ms): DEALLOCATE ALL","timestamp":"2026-08-12T09:28:40.576Z"}
{"level":"debug","message":"prisma query (314ms): DEALLOCATE ALL","timestamp":"2026-08-12T09:28:40.577Z"}
{"level":"debug","message":"prisma query (207ms): SELECT \"public\".\"jobs\".\"id\", \"public\".\"jobs\".\"type\"::text, \"public\".\"jobs\".\"status\"::text, \"public\".\"jobs\".\"payload\", \"public\".\"jobs\".\"result\", \"public\".\"jobs\".\"error\", \"public\".\"jobs\".\"attempts\", \"public\".\"jobs\".\"maxAttempts\", \"public\".\"jobs\".\"nextAttemptAt\", \"public\".\"jobs\".\"createdById\", \"public\".\"jobs\".\"createdAt\", \"public\".\"jobs\".\"updatedAt\", \"public\".\"jobs\".\"completedAt\" FROM \"public\".\"jobs\" WHERE (\"public\".\"jobs\".\"type\" = CAST($1::text AS \"public\".\"JobType\") AND \"public\".\"jobs\".\"status\" = CAST($2::text AS \"public\".\"JobStatus\") AND \"public\".\"jobs\".\"nextAttemptAt\" <= $3) ORDER BY \"public\".\"jobs\".\"createdAt\" ASC LIMIT $4 OFFSET $5","timestamp":"2026-08-12T09:28:40.784Z"}
{"level":"debug","message":"prisma query (207ms): SELECT \"public\".\"jobs\".\"id\", \"public\".\"jobs\".\"type\"::text, \"public\".\"jobs\".\"status\"::text, \"public\".\"jobs\".\"payload\", \"public\".\"jobs\".\"result\", \"public\".\"jobs\".\"error\", \"public\".\"jobs\".\"attempts\", \"public\".\"jobs\".\"maxAttempts\", \"public\".\"jobs\".\"nextAttemptAt\", \"public\".\"jobs\".\"createdById\", \"public\".\"jobs\".\"createdAt\", \"public\".\"jobs\".\"updatedAt\", \"public\".\"jobs\".\"completedAt\" FROM \"public\".\"jobs\" WHERE (\"public\".\"jobs\".\"type\" = CAST($1::text AS \"public\".\"JobType\") AND \"public\".\"jobs\".\"status\" = CAST($2::text AS \"public\".\"JobStatus\") AND \"public\".\"jobs\".\"nextAttemptAt\" <= $3) ORDER BY \"public\".\"jobs\".\"createdAt\" ASC LIMIT $4 OFFSET $5","timestamp":"2026-08-12T09:28:40.785Z"}
{"level":"debug","message":"prisma query (51ms): COMMIT","timestamp":"2026-08-12T09:28:40.836Z"}
{"level":"debug","message":"prisma query (51ms): COMMIT","timestamp":"2026-08-12T09:28:40.837Z"}
{"level":"debug","message":"prisma query (67ms): BEGIN","timestamp":"2026-08-12T09:28:42.221Z"}
{"level":"debug","message":"prisma query (83ms): BEGIN","timestamp":"2026-08-12T09:28:42.249Z"}
{"level":"debug","message":"prisma query (48ms): DEALLOCATE ALL","timestamp":"2026-08-12T09:28:42.286Z"}
{"level":"debug","message":"prisma query (64ms): DEALLOCATE ALL","timestamp":"2026-08-12T09:28:42.287Z"}
{"level":"debug","message":"prisma query (204ms): SELECT \"public\".\"jobs\".\"id\", \"public\".\"jobs\".\"type\"::text, \"public\".\"jobs\".\"status\"::text, \"public\".\"jobs\".\"payload\", \"public\".\"jobs\".\"result\", \"public\".\"jobs\".\"error\", \"public\".\"jobs\".\"attempts\", \"public\".\"jobs\".\"maxAttempts\", \"public\".\"jobs\".\"nextAttemptAt\", \"public\".\"jobs\".\"createdById\", \"public\".\"jobs\".\"createdAt\", \"public\".\"jobs\".\"updatedAt\", \"public\".\"jobs\".\"completedAt\" FROM \"public\".\"jobs\" WHERE (\"public\".\"jobs\".\"type\" = CAST($1::text AS \"public\".\"JobType\") AND \"public\".\"jobs\".\"status\" = CAST($2::text AS \"public\".\"JobStatus\") AND \"public\".\"jobs\".\"nextAttemptAt\" <= $3) ORDER BY \"public\".\"jobs\".\"createdAt\" ASC LIMIT $4 OFFSET $5","timestamp":"2026-08-12T09:28:42.492Z"}
{"level":"debug","message":"prisma query (204ms): SELECT \"public\".\"jobs\".\"id\", \"public\".\"jobs\".\"type\"::text, \"public\".\"jobs\".\"status\"::text, \"public\".\"jobs\".\"payload\", \"public\".\"jobs\".\"result\", \"public\".\"jobs\".\"error\", \"public\".\"jobs\".\"attempts\", \"public\".\"jobs\".\"maxAttempts\", \"public\".\"jobs\".\"nextAttemptAt\", \"public\".\"jobs\".\"createdById\", \"public\".\"jobs\".\"createdAt\", \"public\".\"jobs\".\"updatedAt\", \"public\".\"jobs\".\"completedAt\" FROM \"public\".\"jobs\" WHERE (\"public\".\"jobs\".\"type\" = CAST($1::text AS \"public\".\"JobType\") AND \"public\".\"jobs\".\"status\" = CAST($2::text AS \"public\".\"JobStatus\") AND \"public\".\"jobs\".\"nextAttemptAt\" <= $3) ORDER BY \"public\".\"jobs\".\"createdAt\" ASC LIMIT $4 OFFSET $5","timestamp":"2026-08-12T09:28:42.493Z"}
{"level":"debug","message":"prisma query (86ms): COMMIT","timestamp":"2026-08-12T09:28:42.578Z"}
{"level":"debug","message":"prisma query (86ms): COMMIT","timestamp":"2026-08-12T09:28:42.579Z"}
{"level":"debug","message":"prisma query (306ms): BEGIN","timestamp":"2026-08-12T09:28:44.544Z"}
{"level":"debug","message":"prisma query (308ms): BEGIN","timestamp":"2026-08-12T09:28:44.545Z"}
{"level":"debug","message":"prisma query (114ms): DEALLOCATE ALL","timestamp":"2026-08-12T09:28:44.659Z"}
{"level":"debug","message":"prisma query (115ms): DEALLOCATE ALL","timestamp":"2026-08-12T09:28:44.659Z"}
{"level":"debug","message":"prisma query (177ms): SELECT \"public\".\"jobs\".\"id\", \"public\".\"jobs\".\"type\"::text, \"public\".\"jobs\".\"status\"::text, \"public\".\"jobs\".\"payload\", \"public\".\"jobs\".\"result\", \"public\".\"jobs\".\"error\", \"public\".\"jobs\".\"attempts\", \"public\".\"jobs\".\"maxAttempts\", \"public\".\"jobs\".\"nextAttemptAt\", \"public\".\"jobs\".\"createdById\", \"public\".\"jobs\".\"createdAt\", \"public\".\"jobs\".\"updatedAt\", \"public\".\"jobs\".\"completedAt\" FROM \"public\".\"jobs\" WHERE (\"public\".\"jobs\".\"type\" = CAST($1::text AS \"public\".\"JobType\") AND \"public\".\"jobs\".\"status\" = CAST($2::text AS \"public\".\"JobStatus\") AND \"public\".\"jobs\".\"nextAttemptAt\" <= $3) ORDER BY \"public\".\"jobs\".\"createdAt\" ASC LIMIT $4 OFFSET $5","timestamp":"2026-08-12T09:28:44.837Z"}
{"level":"debug","message":"prisma query (188ms): SELECT \"public\".\"jobs\".\"id\", \"public\".\"jobs\".\"type\"::text, \"public\".\"jobs\".\"status\"::text, \"public\".\"jobs\".\"payload\", \"public\".\"jobs\".\"result\", \"public\".\"jobs\".\"error\", \"public\".\"jobs\".\"attempts\", \"public\".\"jobs\".\"maxAttempts\", \"public\".\"jobs\".\"nextAttemptAt\", \"public\".\"jobs\".\"createdById\", \"public\".\"jobs\".\"createdAt\", \"public\".\"jobs\".\"updatedAt\", \"public\".\"jobs\".\"completedAt\" FROM \"public\".\"jobs\" WHERE (\"public\".\"jobs\".\"type\" = CAST($1::text AS \"public\".\"JobType\") AND \"public\".\"jobs\".\"status\" = CAST($2::text AS \"public\".\"JobStatus\") AND \"public\".\"jobs\".\"nextAttemptAt\" <= $3) ORDER BY \"public\".\"jobs\".\"createdAt\" ASC LIMIT $4 OFFSET $5","timestamp":"2026-08-12T09:28:44.849Z"}
{"level":"debug","message":"prisma query (77ms): COMMIT","timestamp":"2026-08-12T09:28:44.915Z"}
{"level":"debug","message":"prisma query (66ms): COMMIT","timestamp":"2026-08-12T09:28:44.916Z"}
{"level":"debug","message":"prisma query (59ms): BEGIN","timestamp":"2026-08-12T09:28:46.227Z"}
{"level":"debug","message":"prisma query (68ms): DEALLOCATE ALL","timestamp":"2026-08-12T09:28:46.295Z"}
{"level":"debug","message":"prisma query (81ms): BEGIN","timestamp":"2026-08-12T09:28:46.327Z"}
{"level":"debug","message":"prisma query (84ms): DEALLOCATE ALL","timestamp":"2026-08-12T09:28:46.411Z"}
{"level":"debug","message":"prisma query (159ms): SELECT \"public\".\"jobs\".\"id\", \"public\".\"jobs\".\"type\"::text, \"public\".\"jobs\".\"status\"::text, \"public\".\"jobs\".\"payload\", \"public\".\"jobs\".\"result\", \"public\".\"jobs\".\"error\", \"public\".\"jobs\".\"attempts\", \"public\".\"jobs\".\"maxAttempts\", \"public\".\"jobs\".\"nextAttemptAt\", \"public\".\"jobs\".\"createdById\", \"public\".\"jobs\".\"createdAt\", \"public\".\"jobs\".\"updatedAt\", \"public\".\"jobs\".\"completedAt\" FROM \"public\".\"jobs\" WHERE (\"public\".\"jobs\".\"type\" = CAST($1::text AS \"public\".\"JobType\") AND \"public\".\"jobs\".\"status\" = CAST($2::text AS \"public\".\"JobStatus\") AND \"public\".\"jobs\".\"nextAttemptAt\" <= $3) ORDER BY \"public\".\"jobs\".\"createdAt\" ASC LIMIT $4 OFFSET $5","timestamp":"2026-08-12T09:28:46.455Z"}
{"level":"debug","message":"prisma query (54ms): COMMIT","timestamp":"2026-08-12T09:28:46.509Z"}
{"level":"debug","message":"prisma query (152ms): SELECT \"public\".\"jobs\".\"id\", \"public\".\"jobs\".\"type\"::text, \"public\".\"jobs\".\"status\"::text, \"public\".\"jobs\".\"payload\", \"public\".\"jobs\".\"result\", \"public\".\"jobs\".\"error\", \"public\".\"jobs\".\"attempts\", \"public\".\"jobs\".\"maxAttempts\", \"public\".\"jobs\".\"nextAttemptAt\", \"public\".\"jobs\".\"createdById\", \"public\".\"jobs\".\"createdAt\", \"public\".\"jobs\".\"updatedAt\", \"public\".\"jobs\".\"completedAt\" FROM \"public\".\"jobs\" WHERE (\"public\".\"jobs\".\"type\" = CAST($1::text AS \"public\".\"JobType\") AND \"public\".\"jobs\".\"status\" = CAST($2::text AS \"public\".\"JobStatus\") AND \"public\".\"jobs\".\"nextAttemptAt\" <= $3) ORDER BY \"public\".\"jobs\".\"createdAt\" ASC LIMIT $4 OFFSET $5","timestamp":"2026-08-12T09:28:46.564Z"}
{"level":"debug","message":"prisma query (76ms): COMMIT","timestamp":"2026-08-12T09:28:46.641Z"}
{"level":"debug","message":"prisma query (219ms): BEGIN","timestamp":"2026-08-12T09:28:48.392Z"}
{"level":"debug","message":"prisma query (141ms): BEGIN","timestamp":"2026-08-12T09:28:48.392Z"}
{"level":"debug","message":"prisma query (268ms): DEALLOCATE ALL","timestamp":"2026-08-12T09:28:48.659Z"}
{"level":"debug","message":"prisma query (269ms): DEALLOCATE ALL","timestamp":"2026-08-12T09:28:48.662Z"}
{"level":"debug","message":"prisma query (449ms): SELECT \"public\".\"jobs\".\"id\", \"public\".\"jobs\".\"type\"::text, \"public\".\"jobs\".\"status\"::text, \"public\".\"jobs\".\"payload\", \"public\".\"jobs\".\"result\", \"public\".\"jobs\".\"error\", \"public\".\"jobs\".\"attempts\", \"public\".\"jobs\".\"maxAttempts\", \"public\".\"jobs\".\"nextAttemptAt\", \"public\".\"jobs\".\"createdById\", \"public\".\"jobs\".\"createdAt\", \"public\".\"jobs\".\"updatedAt\", \"public\".\"jobs\".\"completedAt\" FROM \"public\".\"jobs\" WHERE (\"public\".\"jobs\".\"type\" = CAST($1::text AS \"public\".\"JobType\") AND \"public\".\"jobs\".\"status\" = CAST($2::text AS \"public\".\"JobStatus\") AND \"public\".\"jobs\".\"nextAttemptAt\" <= $3) ORDER BY \"public\".\"jobs\".\"createdAt\" ASC LIMIT $4 OFFSET $5","timestamp":"2026-08-12T09:28:49.111Z"}
{"level":"debug","message":"prisma query (451ms): SELECT \"public\".\"jobs\".\"id\", \"public\".\"jobs\".\"type\"::text, \"public\".\"jobs\".\"status\"::text, \"public\".\"jobs\".\"payload\", \"public\".\"jobs\".\"result\", \"public\".\"jobs\".\"error\", \"public\".\"jobs\".\"attempts\", \"public\".\"jobs\".\"maxAttempts\", \"public\".\"jobs\".\"nextAttemptAt\", \"public\".\"jobs\".\"createdById\", \"public\".\"jobs\".\"createdAt\", \"public\".\"jobs\".\"updatedAt\", \"public\".\"jobs\".\"completedAt\" FROM \"public\".\"jobs\" WHERE (\"public\".\"jobs\".\"type\" = CAST($1::text AS \"public\".\"JobType\") AND \"public\".\"jobs\".\"status\" = CAST($2::text AS \"public\".\"JobStatus\") AND \"public\".\"jobs\".\"nextAttemptAt\" <= $3) ORDER BY \"public\".\"jobs\".\"createdAt\" ASC LIMIT $4 OFFSET $5","timestamp":"2026-08-12T09:28:49.111Z"}
{"level":"debug","message":"prisma query (54ms): COMMIT","timestamp":"2026-08-12T09:28:49.172Z"}
{"level":"debug","message":"prisma query (54ms): COMMIT","timestamp":"2026-08-12T09:28:49.173Z"}
{"level":"debug","message":"prisma query (58ms): BEGIN","timestamp":"2026-08-12T09:28:50.232Z"}
{"level":"debug","message":"prisma query (45ms): DEALLOCATE ALL","timestamp":"2026-08-12T09:28:50.277Z"}
{"level":"debug","message":"prisma query (41ms): BEGIN","timestamp":"2026-08-12T09:28:50.292Z"}
{"level":"debug","message":"prisma query (38ms): DEALLOCATE ALL","timestamp":"2026-08-12T09:28:50.330Z"}
{"level":"debug","message":"prisma query (93ms): SELECT \"public\".\"jobs\".\"id\", \"public\".\"jobs\".\"type\"::text, \"public\".\"jobs\".\"status\"::text, \"public\".\"jobs\".\"payload\", \"public\".\"jobs\".\"result\", \"public\".\"jobs\".\"error\", \"public\".\"jobs\".\"attempts\", \"public\".\"jobs\".\"maxAttempts\", \"public\".\"jobs\".\"nextAttemptAt\", \"public\".\"jobs\".\"createdById\", \"public\".\"jobs\".\"createdAt\", \"public\".\"jobs\".\"updatedAt\", \"public\".\"jobs\".\"completedAt\" FROM \"public\".\"jobs\" WHERE (\"public\".\"jobs\".\"type\" = CAST($1::text AS \"public\".\"JobType\") AND \"public\".\"jobs\".\"status\" = CAST($2::text AS \"public\".\"JobStatus\") AND \"public\".\"jobs\".\"nextAttemptAt\" <= $3) ORDER BY \"public\".\"jobs\".\"createdAt\" ASC LIMIT $4 OFFSET $5","timestamp":"2026-08-12T09:28:50.372Z"}
{"level":"debug","message":"prisma query (44ms): COMMIT","timestamp":"2026-08-12T09:28:50.416Z"}
{"level":"debug","message":"prisma query (85ms): SELECT \"public\".\"jobs\".\"id\", \"public\".\"jobs\".\"type\"::text, \"public\".\"jobs\".\"status\"::text, \"public\".\"jobs\".\"payload\", \"public\".\"jobs\".\"result\", \"public\".\"jobs\".\"error\", \"public\".\"jobs\".\"attempts\", \"public\".\"jobs\".\"maxAttempts\", \"public\".\"jobs\".\"nextAttemptAt\", \"public\".\"jobs\".\"createdById\", \"public\".\"jobs\".\"createdAt\", \"public\".\"jobs\".\"updatedAt\", \"public\".\"jobs\".\"completedAt\" FROM \"public\".\"jobs\" WHERE (\"public\".\"jobs\".\"type\" = CAST($1::text AS \"public\".\"JobType\") AND \"public\".\"jobs\".\"status\" = CAST($2::text AS \"public\".\"JobStatus\") AND \"public\".\"jobs\".\"nextAttemptAt\" <= $3) ORDER BY \"public\".\"jobs\".\"createdAt\" ASC LIMIT $4 OFFSET $5","timestamp":"2026-08-12T09:28:50.417Z"}
{"level":"debug","message":"prisma query (56ms): COMMIT","timestamp":"2026-08-12T09:28:50.473Z"}
{"level":"debug","message":"prisma query (73ms): BEGIN","timestamp":"2026-08-12T09:28:52.257Z"}
{"level":"debug","message":"prisma query (186ms): DEALLOCATE ALL","timestamp":"2026-08-12T09:28:52.443Z"}
{"level":"debug","message":"prisma query (186ms): SELECT 1","timestamp":"2026-08-12T09:28:52.444Z"}
{"level":"debug","message":"prisma query (83ms): BEGIN","timestamp":"2026-08-12T09:28:52.529Z"}
{"level":"debug","message":"prisma query (188ms): SELECT \"public\".\"jobs\".\"id\", \"public\".\"jobs\".\"type\"::text, \"public\".\"jobs\".\"status\"::text, \"public\".\"jobs\".\"payload\", \"public\".\"jobs\".\"result\", \"public\".\"jobs\".\"error\", \"public\".\"jobs\".\"attempts\", \"public\".\"jobs\".\"maxAttempts\", \"public\".\"jobs\".\"nextAttemptAt\", \"public\".\"jobs\".\"createdById\", \"public\".\"jobs\".\"createdAt\", \"public\".\"jobs\".\"updatedAt\", \"public\".\"jobs\".\"completedAt\" FROM \"public\".\"jobs\" WHERE (\"public\".\"jobs\".\"type\" = CAST($1::text AS \"public\".\"JobType\") AND \"public\".\"jobs\".\"status\" = CAST($2::text AS \"public\".\"JobStatus\") AND \"public\".\"jobs\".\"nextAttemptAt\" <= $3) ORDER BY \"public\".\"jobs\".\"createdAt\" ASC LIMIT $4 OFFSET $5","timestamp":"2026-08-12T09:28:52.633Z"}
{"level":"debug","message":"prisma query (104ms): DEALLOCATE ALL","timestamp":"2026-08-12T09:28:52.633Z"}
{"level":"debug","message":"prisma query (171ms): COMMIT","timestamp":"2026-08-12T09:28:52.804Z"}
{"level":"debug","message":"prisma query (215ms): SELECT \"public\".\"jobs\".\"id\", \"public\".\"jobs\".\"type\"::text, \"public\".\"jobs\".\"status\"::text, \"public\".\"jobs\".\"payload\", \"public\".\"jobs\".\"result\", \"public\".\"jobs\".\"error\", \"public\".\"jobs\".\"attempts\", \"public\".\"jobs\".\"maxAttempts\", \"public\".\"jobs\".\"nextAttemptAt\", \"public\".\"jobs\".\"createdById\", \"public\".\"jobs\".\"createdAt\", \"public\".\"jobs\".\"updatedAt\", \"public\".\"jobs\".\"completedAt\" FROM \"public\".\"jobs\" WHERE (\"public\".\"jobs\".\"type\" = CAST($1::text AS \"public\".\"JobType\") AND \"public\".\"jobs\".\"status\" = CAST($2::text AS \"public\".\"JobStatus\") AND \"public\".\"jobs\".\"nextAttemptAt\" <= $3) ORDER BY \"public\".\"jobs\".\"createdAt\" ASC LIMIT $4 OFFSET $5","timestamp":"2026-08-12T09:28:52.849Z"}
{"level":"debug","message":"prisma query (53ms): COMMIT","timestamp":"2026-08-12T09:28:52.902Z"}
{"level":"debug","message":"prisma query (64ms): BEGIN","timestamp":"2026-08-12T09:28:54.249Z"}
{"level":"debug","message":"prisma query (41ms): DEALLOCATE ALL","timestamp":"2026-08-12T09:28:54.291Z"}
{"level":"debug","message":"prisma query (71ms): SELECT 1","timestamp":"2026-08-12T09:28:54.335Z"}
{"level":"debug","message":"prisma query (35ms): BEGIN","timestamp":"2026-08-12T09:28:54.372Z"}
{"level":"debug","message":"prisma query (99ms): SELECT \"public\".\"jobs\".\"id\", \"public\".\"jobs\".\"type\"::text, \"public\".\"jobs\".\"status\"::text, \"public\".\"jobs\".\"payload\", \"public\".\"jobs\".\"result\", \"public\".\"jobs\".\"error\", \"public\".\"jobs\".\"attempts\", \"public\".\"jobs\".\"maxAttempts\", \"public\".\"jobs\".\"nextAttemptAt\", \"public\".\"jobs\".\"createdById\", \"public\".\"jobs\".\"createdAt\", \"public\".\"jobs\".\"updatedAt\", \"public\".\"jobs\".\"completedAt\" FROM \"public\".\"jobs\" WHERE (\"public\".\"jobs\".\"type\" = CAST($1::text AS \"public\".\"JobType\") AND \"public\".\"jobs\".\"status\" = CAST($2::text AS \"public\".\"JobStatus\") AND \"public\".\"jobs\".\"nextAttemptAt\" <= $3) ORDER BY \"public\".\"jobs\".\"createdAt\" ASC LIMIT $4 OFFSET $5","timestamp":"2026-08-12T09:28:54.392Z"}
{"level":"debug","message":"prisma query (45ms): DEALLOCATE ALL","timestamp":"2026-08-12T09:28:54.418Z"}
{"level":"debug","message":"prisma query (74ms): COMMIT","timestamp":"2026-08-12T09:28:54.466Z"}
{"level":"debug","message":"prisma query (93ms): SELECT \"public\".\"jobs\".\"id\", \"public\".\"jobs\".\"type\"::text, \"public\".\"jobs\".\"status\"::text, \"public\".\"jobs\".\"payload\", \"public\".\"jobs\".\"result\", \"public\".\"jobs\".\"error\", \"public\".\"jobs\".\"attempts\", \"public\".\"jobs\".\"maxAttempts\", \"public\".\"jobs\".\"nextAttemptAt\", \"public\".\"jobs\".\"createdById\", \"public\".\"jobs\".\"createdAt\", \"public\".\"jobs\".\"updatedAt\", \"public\".\"jobs\".\"completedAt\" FROM \"public\".\"jobs\" WHERE (\"public\".\"jobs\".\"type\" = CAST($1::text AS \"public\".\"JobType\") AND \"public\".\"jobs\".\"status\" = CAST($2::text AS \"public\".\"JobStatus\") AND \"public\".\"jobs\".\"nextAttemptAt\" <= $3) ORDER BY \"public\".\"jobs\".\"createdAt\" ASC LIMIT $4 OFFSET $5","timestamp":"2026-08-12T09:28:54.512Z"}
{"level":"debug","message":"prisma query (50ms): COMMIT","timestamp":"2026-08-12T09:28:54.562Z"}
{"level":"debug","message":"prisma query (69ms): BEGIN","timestamp":"2026-08-12T09:28:56.269Z"}
{"level":"debug","message":"prisma query (52ms): DEALLOCATE ALL","timestamp":"2026-08-12T09:28:56.321Z"}
{"level":"debug","message":"prisma query (45ms): BEGIN","timestamp":"2026-08-12T09:28:56.321Z"}
{"level":"debug","message":"prisma query (75ms): DEALLOCATE ALL","timestamp":"2026-08-12T09:28:56.396Z"}
{"level":"debug","message":"prisma query (128ms): SELECT \"public\".\"jobs\".\"id\", \"public\".\"jobs\".\"type\"::text, \"public\".\"jobs\".\"status\"::text, \"public\".\"jobs\".\"payload\", \"public\".\"jobs\".\"result\", \"public\".\"jobs\".\"error\", \"public\".\"jobs\".\"attempts\", \"public\".\"jobs\".\"maxAttempts\", \"public\".\"jobs\".\"nextAttemptAt\", \"public\".\"jobs\".\"createdById\", \"public\".\"jobs\".\"createdAt\", \"public\".\"jobs\".\"updatedAt\", \"public\".\"jobs\".\"completedAt\" FROM \"public\".\"jobs\" WHERE (\"public\".\"jobs\".\"type\" = CAST($1::text AS \"public\".\"JobType\") AND \"public\".\"jobs\".\"status\" = CAST($2::text AS \"public\".\"JobStatus\") AND \"public\".\"jobs\".\"nextAttemptAt\" <= $3) ORDER BY \"public\".\"jobs\".\"createdAt\" ASC LIMIT $4 OFFSET $5","timestamp":"2026-08-12T09:28:56.450Z"}
{"level":"debug","message":"prisma query (46ms): COMMIT","timestamp":"2026-08-12T09:28:56.497Z"}
{"level":"debug","message":"prisma query (99ms): SELECT \"public\".\"jobs\".\"id\", \"public\".\"jobs\".\"type\"::text, \"public\".\"jobs\".\"status\"::text, \"public\".\"jobs\".\"payload\", \"public\".\"jobs\".\"result\", \"public\".\"jobs\".\"error\", \"public\".\"jobs\".\"attempts\", \"public\".\"jobs\".\"maxAttempts\", \"public\".\"jobs\".\"nextAttemptAt\", \"public\".\"jobs\".\"createdById\", \"public\".\"jobs\".\"createdAt\", \"public\".\"jobs\".\"updatedAt\", \"public\".\"jobs\".\"completedAt\" FROM \"public\".\"jobs\" WHERE (\"public\".\"jobs\".\"type\" = CAST($1::text AS \"public\".\"JobType\") AND \"public\".\"jobs\".\"status\" = CAST($2::text AS \"public\".\"JobStatus\") AND \"public\".\"jobs\".\"nextAttemptAt\" <= $3) ORDER BY \"public\".\"jobs\".\"createdAt\" ASC LIMIT $4 OFFSET $5","timestamp":"2026-08-12T09:28:56.498Z"}
{"level":"debug","message":"prisma query (45ms): COMMIT","timestamp":"2026-08-12T09:28:56.565Z"}
{"level":"debug","message":"prisma query (85ms): BEGIN","timestamp":"2026-08-12T09:28:58.291Z"}
{"level":"debug","message":"prisma query (295ms): BEGIN","timestamp":"2026-08-12T09:28:58.579Z"}
{"level":"debug","message":"prisma query (287ms): DEALLOCATE ALL","timestamp":"2026-08-12T09:28:58.579Z"}
{"level":"debug","message":"prisma query (108ms): DEALLOCATE ALL","timestamp":"2026-08-12T09:28:58.686Z"}
{"level":"debug","message":"prisma query (252ms): SELECT \"public\".\"jobs\".\"id\", \"public\".\"jobs\".\"type\"::text, \"public\".\"jobs\".\"status\"::text, \"public\".\"jobs\".\"payload\", \"public\".\"jobs\".\"result\", \"public\".\"jobs\".\"error\", \"public\".\"jobs\".\"attempts\", \"public\".\"jobs\".\"maxAttempts\", \"public\".\"jobs\".\"nextAttemptAt\", \"public\".\"jobs\".\"createdById\", \"public\".\"jobs\".\"createdAt\", \"public\".\"jobs\".\"updatedAt\", \"public\".\"jobs\".\"completedAt\" FROM \"public\".\"jobs\" WHERE (\"public\".\"jobs\".\"type\" = CAST($1::text AS \"public\".\"JobType\") AND \"public\".\"jobs\".\"status\" = CAST($2::text AS \"public\".\"JobStatus\") AND \"public\".\"jobs\".\"nextAttemptAt\" <= $3) ORDER BY \"public\".\"jobs\".\"createdAt\" ASC LIMIT $4 OFFSET $5","timestamp":"2026-08-12T09:28:58.832Z"}
{"level":"debug","message":"prisma query (203ms): SELECT \"public\".\"jobs\".\"id\", \"public\".\"jobs\".\"type\"::text, \"public\".\"jobs\".\"status\"::text, \"public\".\"jobs\".\"payload\", \"public\".\"jobs\".\"result\", \"public\".\"jobs\".\"error\", \"public\".\"jobs\".\"attempts\", \"public\".\"jobs\".\"maxAttempts\", \"public\".\"jobs\".\"nextAttemptAt\", \"public\".\"jobs\".\"createdById\", \"public\".\"jobs\".\"createdAt\", \"public\".\"jobs\".\"updatedAt\", \"public\".\"jobs\".\"completedAt\" FROM \"public\".\"jobs\" WHERE (\"public\".\"jobs\".\"type\" = CAST($1::text AS \"public\".\"JobType\") AND \"public\".\"jobs\".\"status\" = CAST($2::text AS \"public\".\"JobStatus\") AND \"public\".\"jobs\".\"nextAttemptAt\" <= $3) ORDER BY \"public\".\"jobs\".\"createdAt\" ASC LIMIT $4 OFFSET $5","timestamp":"2026-08-12T09:28:58.891Z"}
{"level":"debug","message":"prisma query (58ms): COMMIT","timestamp":"2026-08-12T09:28:58.891Z"}
{"level":"debug","message":"prisma query (83ms): COMMIT","timestamp":"2026-08-12T09:28:58.974Z"}
{"level":"debug","message":"prisma query (59ms): BEGIN","timestamp":"2026-08-12T09:29:00.266Z"}
{"level":"debug","message":"prisma query (46ms): DEALLOCATE ALL","timestamp":"2026-08-12T09:29:00.313Z"}
{"level":"debug","message":"prisma query (69ms): BEGIN","timestamp":"2026-08-12T09:29:00.355Z"}
{"level":"debug","message":"prisma query (45ms): DEALLOCATE ALL","timestamp":"2026-08-12T09:29:00.401Z"}
{"level":"debug","message":"prisma query (93ms): SELECT \"public\".\"jobs\".\"id\", \"public\".\"jobs\".\"type\"::text, \"public\".\"jobs\".\"status\"::text, \"public\".\"jobs\".\"payload\", \"public\".\"jobs\".\"result\", \"public\".\"jobs\".\"error\", \"public\".\"jobs\".\"attempts\", \"public\".\"jobs\".\"maxAttempts\", \"public\".\"jobs\".\"nextAttemptAt\", \"public\".\"jobs\".\"createdById\", \"public\".\"jobs\".\"createdAt\", \"public\".\"jobs\".\"updatedAt\", \"public\".\"jobs\".\"completedAt\" FROM \"public\".\"jobs\" WHERE (\"public\".\"jobs\".\"type\" = CAST($1::text AS \"public\".\"JobType\") AND \"public\".\"jobs\".\"status\" = CAST($2::text AS \"public\".\"JobStatus\") AND \"public\".\"jobs\".\"nextAttemptAt\" <= $3) ORDER BY \"public\".\"jobs\".\"createdAt\" ASC LIMIT $4 OFFSET $5","timestamp":"2026-08-12T09:29:00.407Z"}
{"level":"debug","message":"prisma query (44ms): COMMIT","timestamp":"2026-08-12T09:29:00.451Z"}
{"level":"debug","message":"prisma query (94ms): SELECT \"public\".\"jobs\".\"id\", \"public\".\"jobs\".\"type\"::text, \"public\".\"jobs\".\"status\"::text, \"public\".\"jobs\".\"payload\", \"public\".\"jobs\".\"result\", \"public\".\"jobs\".\"error\", \"public\".\"jobs\".\"attempts\", \"public\".\"jobs\".\"maxAttempts\", \"public\".\"jobs\".\"nextAttemptAt\", \"public\".\"jobs\".\"createdById\", \"public\".\"jobs\".\"createdAt\", \"public\".\"jobs\".\"updatedAt\", \"public\".\"jobs\".\"completedAt\" FROM \"public\".\"jobs\" WHERE (\"public\".\"jobs\".\"type\" = CAST($1::text AS \"public\".\"JobType\") AND \"public\".\"jobs\".\"status\" = CAST($2::text AS \"public\".\"JobStatus\") AND \"public\".\"jobs\".\"nextAttemptAt\" <= $3) ORDER BY \"public\".\"jobs\".\"createdAt\" ASC LIMIT $4 OFFSET $5","timestamp":"2026-08-12T09:29:00.496Z"}
{"level":"debug","message":"prisma query (42ms): COMMIT","timestamp":"2026-08-12T09:29:00.539Z"}
{"level":"debug","message":"prisma query (47ms): BEGIN","timestamp":"2026-08-12T09:29:02.265Z"}
{"level":"debug","message":"prisma query (79ms): BEGIN","timestamp":"2026-08-12T09:29:02.376Z"}
{"level":"debug","message":"prisma query (109ms): DEALLOCATE ALL","timestamp":"2026-08-12T09:29:02.377Z"}
{"level":"debug","message":"prisma query (310ms): DEALLOCATE ALL","timestamp":"2026-08-12T09:29:02.685Z"}
{"level":"debug","message":"prisma query (471ms): SELECT \"public\".\"jobs\".\"id\", \"public\".\"jobs\".\"type\"::text, \"public\".\"jobs\".\"status\"::text, \"public\".\"jobs\".\"payload\", \"public\".\"jobs\".\"result\", \"public\".\"jobs\".\"error\", \"public\".\"jobs\".\"attempts\", \"public\".\"jobs\".\"maxAttempts\", \"public\".\"jobs\".\"nextAttemptAt\", \"public\".\"jobs\".\"createdById\", \"public\".\"jobs\".\"createdAt\", \"public\".\"jobs\".\"updatedAt\", \"public\".\"jobs\".\"completedAt\" FROM \"public\".\"jobs\" WHERE (\"public\".\"jobs\".\"type\" = CAST($1::text AS \"public\".\"JobType\") AND \"public\".\"jobs\".\"status\" = CAST($2::text AS \"public\".\"JobStatus\") AND \"public\".\"jobs\".\"nextAttemptAt\" <= $3) ORDER BY \"public\".\"jobs\".\"createdAt\" ASC LIMIT $4 OFFSET $5","timestamp":"2026-08-12T09:29:02.848Z"}
{"level":"debug","message":"prisma query (200ms): SELECT \"public\".\"jobs\".\"id\", \"public\".\"jobs\".\"type\"::text, \"public\".\"jobs\".\"status\"::text, \"public\".\"jobs\".\"payload\", \"public\".\"jobs\".\"result\", \"public\".\"jobs\".\"error\", \"public\".\"jobs\".\"attempts\", \"public\".\"jobs\".\"maxAttempts\", \"public\".\"jobs\".\"nextAttemptAt\", \"public\".\"jobs\".\"createdById\", \"public\".\"jobs\".\"createdAt\", \"public\".\"jobs\".\"updatedAt\", \"public\".\"jobs\".\"completedAt\" FROM \"public\".\"jobs\" WHERE (\"public\".\"jobs\".\"type\" = CAST($1::text AS \"public\".\"JobType\") AND \"public\".\"jobs\".\"status\" = CAST($2::text AS \"public\".\"JobStatus\") AND \"public\".\"jobs\".\"nextAttemptAt\" <= $3) ORDER BY \"public\".\"jobs\".\"createdAt\" ASC LIMIT $4 OFFSET $5","timestamp":"2026-08-12T09:29:02.886Z"}
{"level":"debug","message":"prisma query (38ms): COMMIT","timestamp":"2026-08-12T09:29:02.887Z"}
{"level":"debug","message":"prisma query (49ms): COMMIT","timestamp":"2026-08-12T09:29:02.977Z"}
{"level":"debug","message":"prisma query (45ms): BEGIN","timestamp":"2026-08-12T09:29:04.274Z"}
{"level":"debug","message":"prisma query (48ms): DEALLOCATE ALL","timestamp":"2026-08-12T09:29:04.322Z"}
{"level":"debug","message":"prisma query (56ms): BEGIN","timestamp":"2026-08-12T09:29:04.362Z"}
{"level":"debug","message":"prisma query (83ms): SELECT \"public\".\"jobs\".\"id\", \"public\".\"jobs\".\"type\"::text, \"public\".\"jobs\".\"status\"::text, \"public\".\"jobs\".\"payload\", \"public\".\"jobs\".\"result\", \"public\".\"jobs\".\"error\", \"public\".\"jobs\".\"attempts\", \"public\".\"jobs\".\"maxAttempts\", \"public\".\"jobs\".\"nextAttemptAt\", \"public\".\"jobs\".\"createdById\", \"public\".\"jobs\".\"createdAt\", \"public\".\"jobs\".\"updatedAt\", \"public\".\"jobs\".\"completedAt\" FROM \"public\".\"jobs\" WHERE (\"public\".\"jobs\".\"type\" = CAST($1::text AS \"public\".\"JobType\") AND \"public\".\"jobs\".\"status\" = CAST($2::text AS \"public\".\"JobStatus\") AND \"public\".\"jobs\".\"nextAttemptAt\" <= $3) ORDER BY \"public\".\"jobs\".\"createdAt\" ASC LIMIT $4 OFFSET $5","timestamp":"2026-08-12T09:29:04.406Z"}
{"level":"debug","message":"prisma query (43ms): DEALLOCATE ALL","timestamp":"2026-08-12T09:29:04.406Z"}
{"level":"debug","message":"prisma query (58ms): COMMIT","timestamp":"2026-08-12T09:29:04.465Z"}
{"level":"debug","message":"prisma query (138ms): SELECT \"public\".\"jobs\".\"id\", \"public\".\"jobs\".\"type\"::text, \"public\".\"jobs\".\"status\"::text, \"public\".\"jobs\".\"payload\", \"public\".\"jobs\".\"result\", \"public\".\"jobs\".\"error\", \"public\".\"jobs\".\"attempts\", \"public\".\"jobs\".\"maxAttempts\", \"public\".\"jobs\".\"nextAttemptAt\", \"public\".\"jobs\".\"createdById\", \"public\".\"jobs\".\"createdAt\", \"public\".\"jobs\".\"updatedAt\", \"public\".\"jobs\".\"completedAt\" FROM \"public\".\"jobs\" WHERE (\"public\".\"jobs\".\"type\" = CAST($1::text AS \"public\".\"JobType\") AND \"public\".\"jobs\".\"status\" = CAST($2::text AS \"public\".\"JobStatus\") AND \"public\".\"jobs\".\"nextAttemptAt\" <= $3) ORDER BY \"public\".\"jobs\".\"createdAt\" ASC LIMIT $4 OFFSET $5","timestamp":"2026-08-12T09:29:04.544Z"}
{"level":"debug","message":"prisma query (43ms): COMMIT","timestamp":"2026-08-12T09:29:04.588Z"}
{"level":"debug","message":"prisma query (216ms): BEGIN","timestamp":"2026-08-12T09:29:06.456Z"}
{"level":"debug","message":"prisma query (293ms): BEGIN","timestamp":"2026-08-12T09:29:06.610Z"}
{"level":"debug","message":"prisma query (154ms): DEALLOCATE ALL","timestamp":"2026-08-12T09:29:06.611Z"}
{"level":"debug","message":"prisma query (161ms): DEALLOCATE ALL","timestamp":"2026-08-12T09:29:06.772Z"}
{"level":"debug","message":"prisma query (275ms): SELECT \"public\".\"jobs\".\"id\", \"public\".\"jobs\".\"type\"::text, \"public\".\"jobs\".\"status\"::text, \"public\".\"jobs\".\"payload\", \"public\".\"jobs\".\"result\", \"public\".\"jobs\".\"error\", \"public\".\"jobs\".\"attempts\", \"public\".\"jobs\".\"maxAttempts\", \"public\".\"jobs\".\"nextAttemptAt\", \"public\".\"jobs\".\"createdById\", \"public\".\"jobs\".\"createdAt\", \"public\".\"jobs\".\"updatedAt\", \"public\".\"jobs\".\"completedAt\" FROM \"public\".\"jobs\" WHERE (\"public\".\"jobs\".\"type\" = CAST($1::text AS \"public\".\"JobType\") AND \"public\".\"jobs\".\"status\" = CAST($2::text AS \"public\".\"JobStatus\") AND \"public\".\"jobs\".\"nextAttemptAt\" <= $3) ORDER BY \"public\".\"jobs\".\"createdAt\" ASC LIMIT $4 OFFSET $5","timestamp":"2026-08-12T09:29:06.887Z"}
{"level":"debug","message":"prisma query (198ms): SELECT \"public\".\"jobs\".\"id\", \"public\".\"jobs\".\"type\"::text, \"public\".\"jobs\".\"status\"::text, \"public\".\"jobs\".\"payload\", \"public\".\"jobs\".\"result\", \"public\".\"jobs\".\"error\", \"public\".\"jobs\".\"attempts\", \"public\".\"jobs\".\"maxAttempts\", \"public\".\"jobs\".\"nextAttemptAt\", \"public\".\"jobs\".\"createdById\", \"public\".\"jobs\".\"createdAt\", \"public\".\"jobs\".\"updatedAt\", \"public\".\"jobs\".\"completedAt\" FROM \"public\".\"jobs\" WHERE (\"public\".\"jobs\".\"type\" = CAST($1::text AS \"public\".\"JobType\") AND \"public\".\"jobs\".\"status\" = CAST($2::text AS \"public\".\"JobStatus\") AND \"public\".\"jobs\".\"nextAttemptAt\" <= $3) ORDER BY \"public\".\"jobs\".\"createdAt\" ASC LIMIT $4 OFFSET $5","timestamp":"2026-08-12T09:29:06.971Z"}
{"level":"debug","message":"prisma query (83ms): COMMIT","timestamp":"2026-08-12T09:29:06.972Z"}
{"level":"debug","message":"prisma query (63ms): COMMIT","timestamp":"2026-08-12T09:29:07.035Z"}
{"level":"debug","message":"prisma query (74ms): BEGIN","timestamp":"2026-08-12T09:29:08.325Z"}
{"level":"debug","message":"prisma query (61ms): DEALLOCATE ALL","timestamp":"2026-08-12T09:29:08.388Z"}
{"level":"debug","message":"prisma query (60ms): SELECT 1","timestamp":"2026-08-12T09:29:08.388Z"}
{"level":"debug","message":"prisma query (113ms): BEGIN","timestamp":"2026-08-12T09:29:08.501Z"}
{"level":"debug","message":"prisma query (46ms): DEALLOCATE ALL","timestamp":"2026-08-12T09:29:08.548Z"}
{"level":"debug","message":"prisma query (167ms): SELECT \"public\".\"jobs\".\"id\", \"public\".\"jobs\".\"type\"::text, \"public\".\"jobs\".\"status\"::text, \"public\".\"jobs\".\"payload\", \"public\".\"jobs\".\"result\", \"public\".\"jobs\".\"error\", \"public\".\"jobs\".\"attempts\", \"public\".\"jobs\".\"maxAttempts\", \"public\".\"jobs\".\"nextAttemptAt\", \"public\".\"jobs\".\"createdById\", \"public\".\"jobs\".\"createdAt\", \"public\".\"jobs\".\"updatedAt\", \"public\".\"jobs\".\"completedAt\" FROM \"public\".\"jobs\" WHERE (\"public\".\"jobs\".\"type\" = CAST($1::text AS \"public\".\"JobType\") AND \"public\".\"jobs\".\"status\" = CAST($2::text AS \"public\".\"JobStatus\") AND \"public\".\"jobs\".\"nextAttemptAt\" <= $3) ORDER BY \"public\".\"jobs\".\"createdAt\" ASC LIMIT $4 OFFSET $5","timestamp":"2026-08-12T09:29:08.555Z"}
{"level":"debug","message":"prisma query (46ms): COMMIT","timestamp":"2026-08-12T09:29:08.601Z"}
{"level":"debug","message":"prisma query (133ms): SELECT \"public\".\"jobs\".\"id\", \"public\".\"jobs\".\"type\"::text, \"public\".\"jobs\".\"status\"::text, \"public\".\"jobs\".\"payload\", \"public\".\"jobs\".\"result\", \"public\".\"jobs\".\"error\", \"public\".\"jobs\".\"attempts\", \"public\".\"jobs\".\"maxAttempts\", \"public\".\"jobs\".\"nextAttemptAt\", \"public\".\"jobs\".\"createdById\", \"public\".\"jobs\".\"createdAt\", \"public\".\"jobs\".\"updatedAt\", \"public\".\"jobs\".\"completedAt\" FROM \"public\".\"jobs\" WHERE (\"public\".\"jobs\".\"type\" = CAST($1::text AS \"public\".\"JobType\") AND \"public\".\"jobs\".\"status\" = CAST($2::text AS \"public\".\"JobStatus\") AND \"public\".\"jobs\".\"nextAttemptAt\" <= $3) ORDER BY \"public\".\"jobs\".\"createdAt\" ASC LIMIT $4 OFFSET $5","timestamp":"2026-08-12T09:29:08.682Z"}
{"level":"debug","message":"prisma query (125ms): COMMIT","timestamp":"2026-08-12T09:29:08.808Z"}
{"level":"debug","message":"prisma query (203ms): BEGIN","timestamp":"2026-08-12T09:29:10.464Z"}
{"level":"debug","message":"prisma query (122ms): SELECT 1","timestamp":"2026-08-12T09:29:10.466Z"}
{"level":"debug","message":"prisma query (75ms): DEALLOCATE ALL","timestamp":"2026-08-12T09:29:10.543Z"}
{"level":"debug","message":"prisma query (72ms): BEGIN","timestamp":"2026-08-12T09:29:10.544Z"}
{"level":"debug","message":"prisma query (221ms): DEALLOCATE ALL","timestamp":"2026-08-12T09:29:10.763Z"}
{"level":"debug","message":"prisma query (354ms): SELECT \"public\".\"jobs\".\"id\", \"public\".\"jobs\".\"type\"::text, \"public\".\"jobs\".\"status\"::text, \"public\".\"jobs\".\"payload\", \"public\".\"jobs\".\"result\", \"public\".\"jobs\".\"error\", \"public\".\"jobs\".\"attempts\", \"public\".\"jobs\".\"maxAttempts\", \"public\".\"jobs\".\"nextAttemptAt\", \"public\".\"jobs\".\"createdById\", \"public\".\"jobs\".\"createdAt\", \"public\".\"jobs\".\"updatedAt\", \"public\".\"jobs\".\"completedAt\" FROM \"public\".\"jobs\" WHERE (\"public\".\"jobs\".\"type\" = CAST($1::text AS \"public\".\"JobType\") AND \"public\".\"jobs\".\"status\" = CAST($2::text AS \"public\".\"JobStatus\") AND \"public\".\"jobs\".\"nextAttemptAt\" <= $3) ORDER BY \"public\".\"jobs\".\"createdAt\" ASC LIMIT $4 OFFSET $5","timestamp":"2026-08-12T09:29:10.894Z"}
{"level":"debug","message":"prisma query (182ms): SELECT \"public\".\"jobs\".\"id\", \"public\".\"jobs\".\"type\"::text, \"public\".\"jobs\".\"status\"::text, \"public\".\"jobs\".\"payload\", \"public\".\"jobs\".\"result\", \"public\".\"jobs\".\"error\", \"public\".\"jobs\".\"attempts\", \"public\".\"jobs\".\"maxAttempts\", \"public\".\"jobs\".\"nextAttemptAt\", \"public\".\"jobs\".\"createdById\", \"public\".\"jobs\".\"createdAt\", \"public\".\"jobs\".\"updatedAt\", \"public\".\"jobs\".\"completedAt\" FROM \"public\".\"jobs\" WHERE (\"public\".\"jobs\".\"type\" = CAST($1::text AS \"public\".\"JobType\") AND \"public\".\"jobs\".\"status\" = CAST($2::text AS \"public\".\"JobStatus\") AND \"public\".\"jobs\".\"nextAttemptAt\" <= $3) ORDER BY \"public\".\"jobs\".\"createdAt\" ASC LIMIT $4 OFFSET $5","timestamp":"2026-08-12T09:29:10.945Z"}
{"level":"debug","message":"prisma query (86ms): COMMIT","timestamp":"2026-08-12T09:29:10.981Z"}
{"level":"debug","message":"prisma query (39ms): COMMIT","timestamp":"2026-08-12T09:29:10.984Z"}
{"level":"debug","message":"prisma query (73ms): BEGIN","timestamp":"2026-08-12T09:29:12.345Z"}
{"level":"debug","message":"prisma query (78ms): DEALLOCATE ALL","timestamp":"2026-08-12T09:29:12.423Z"}
{"level":"debug","message":"prisma query (77ms): BEGIN","timestamp":"2026-08-12T09:29:12.425Z"}
{"level":"debug","message":"prisma query (50ms): DEALLOCATE ALL","timestamp":"2026-08-12T09:29:12.474Z"}
{"level":"debug","message":"prisma query (86ms): SELECT \"public\".\"jobs\".\"id\", \"public\".\"jobs\".\"type\"::text, \"public\".\"jobs\".\"status\"::text, \"public\".\"jobs\".\"payload\", \"public\".\"jobs\".\"result\", \"public\".\"jobs\".\"error\", \"public\".\"jobs\".\"attempts\", \"public\".\"jobs\".\"maxAttempts\", \"public\".\"jobs\".\"nextAttemptAt\", \"public\".\"jobs\".\"createdById\", \"public\".\"jobs\".\"createdAt\", \"public\".\"jobs\".\"updatedAt\", \"public\".\"jobs\".\"completedAt\" FROM \"public\".\"jobs\" WHERE (\"public\".\"jobs\".\"type\" = CAST($1::text AS \"public\".\"JobType\") AND \"public\".\"jobs\".\"status\" = CAST($2::text AS \"public\".\"JobStatus\") AND \"public\".\"jobs\".\"nextAttemptAt\" <= $3) ORDER BY \"public\".\"jobs\".\"createdAt\" ASC LIMIT $4 OFFSET $5","timestamp":"2026-08-12T09:29:12.511Z"}
{"level":"debug","message":"prisma query (100ms): COMMIT","timestamp":"2026-08-12T09:29:12.611Z"}
{"level":"debug","message":"prisma query (168ms): SELECT \"public\".\"jobs\".\"id\", \"public\".\"jobs\".\"type\"::text, \"public\".\"jobs\".\"status\"::text, \"public\".\"jobs\".\"payload\", \"public\".\"jobs\".\"result\", \"public\".\"jobs\".\"error\", \"public\".\"jobs\".\"attempts\", \"public\".\"jobs\".\"maxAttempts\", \"public\".\"jobs\".\"nextAttemptAt\", \"public\".\"jobs\".\"createdById\", \"public\".\"jobs\".\"createdAt\", \"public\".\"jobs\".\"updatedAt\", \"public\".\"jobs\".\"completedAt\" FROM \"public\".\"jobs\" WHERE (\"public\".\"jobs\".\"type\" = CAST($1::text AS \"public\".\"JobType\") AND \"public\".\"jobs\".\"status\" = CAST($2::text AS \"public\".\"JobStatus\") AND \"public\".\"jobs\".\"nextAttemptAt\" <= $3) ORDER BY \"public\".\"jobs\".\"createdAt\" ASC LIMIT $4 OFFSET $5","timestamp":"2026-08-12T09:29:12.645Z"}
{"level":"debug","message":"prisma query (56ms): COMMIT","timestamp":"2026-08-12T09:29:12.700Z"}
{"level":"debug","message":"prisma query (75ms): BEGIN","timestamp":"2026-08-12T09:29:14.419Z"}
{"level":"debug","message":"prisma query (241ms): DEALLOCATE ALL","timestamp":"2026-08-12T09:29:14.610Z"}
{"level":"debug","message":"prisma query (256ms): BEGIN","timestamp":"2026-08-12T09:29:14.611Z"}
{"level":"debug","message":"prisma query (74ms): DEALLOCATE ALL","timestamp":"2026-08-12T09:29:14.679Z"}
{"level":"debug","message":"prisma query (294ms): SELECT \"public\".\"jobs\".\"id\", \"public\".\"jobs\".\"type\"::text, \"public\".\"jobs\".\"status\"::text, \"public\".\"jobs\".\"payload\", \"public\".\"jobs\".\"result\", \"public\".\"jobs\".\"error\", \"public\".\"jobs\".\"attempts\", \"public\".\"jobs\".\"maxAttempts\", \"public\".\"jobs\".\"nextAttemptAt\", \"public\".\"jobs\".\"createdById\", \"public\".\"jobs\".\"createdAt\", \"public\".\"jobs\".\"updatedAt\", \"public\".\"jobs\".\"completedAt\" FROM \"public\".\"jobs\" WHERE (\"public\".\"jobs\".\"type\" = CAST($1::text AS \"public\".\"JobType\") AND \"public\".\"jobs\".\"status\" = CAST($2::text AS \"public\".\"JobStatus\") AND \"public\".\"jobs\".\"nextAttemptAt\" <= $3) ORDER BY \"public\".\"jobs\".\"createdAt\" ASC LIMIT $4 OFFSET $5","timestamp":"2026-08-12T09:29:14.899Z"}
{"level":"debug","message":"prisma query (53ms): COMMIT","timestamp":"2026-08-12T09:29:14.953Z"}
{"level":"debug","message":"prisma query (303ms): SELECT \"public\".\"jobs\".\"id\", \"public\".\"jobs\".\"type\"::text, \"public\".\"jobs\".\"status\"::text, \"public\".\"jobs\".\"payload\", \"public\".\"jobs\".\"result\", \"public\".\"jobs\".\"error\", \"public\".\"jobs\".\"attempts\", \"public\".\"jobs\".\"maxAttempts\", \"public\".\"jobs\".\"nextAttemptAt\", \"public\".\"jobs\".\"createdById\", \"public\".\"jobs\".\"createdAt\", \"public\".\"jobs\".\"updatedAt\", \"public\".\"jobs\".\"completedAt\" FROM \"public\".\"jobs\" WHERE (\"public\".\"jobs\".\"type\" = CAST($1::text AS \"public\".\"JobType\") AND \"public\".\"jobs\".\"status\" = CAST($2::text AS \"public\".\"JobStatus\") AND \"public\".\"jobs\".\"nextAttemptAt\" <= $3) ORDER BY \"public\".\"jobs\".\"createdAt\" ASC LIMIT $4 OFFSET $5","timestamp":"2026-08-12T09:29:14.983Z"}
{"level":"debug","message":"prisma query (49ms): COMMIT","timestamp":"2026-08-12T09:29:15.033Z"}
{"level":"debug","message":"prisma query (86ms): BEGIN","timestamp":"2026-08-12T09:29:16.388Z"}
{"level":"debug","message":"prisma query (40ms): DEALLOCATE ALL","timestamp":"2026-08-12T09:29:16.429Z"}
{"level":"debug","message":"prisma query (65ms): BEGIN","timestamp":"2026-08-12T09:29:16.430Z"}
{"level":"debug","message":"prisma query (60ms): DEALLOCATE ALL","timestamp":"2026-08-12T09:29:16.491Z"}
{"level":"debug","message":"prisma query (135ms): SELECT \"public\".\"jobs\".\"id\", \"public\".\"jobs\".\"type\"::text, \"public\".\"jobs\".\"status\"::text, \"public\".\"jobs\".\"payload\", \"public\".\"jobs\".\"result\", \"public\".\"jobs\".\"error\", \"public\".\"jobs\".\"attempts\", \"public\".\"jobs\".\"maxAttempts\", \"public\".\"jobs\".\"nextAttemptAt\", \"public\".\"jobs\".\"createdById\", \"public\".\"jobs\".\"createdAt\", \"public\".\"jobs\".\"updatedAt\", \"public\".\"jobs\".\"completedAt\" FROM \"public\".\"jobs\" WHERE (\"public\".\"jobs\".\"type\" = CAST($1::text AS \"public\".\"JobType\") AND \"public\".\"jobs\".\"status\" = CAST($2::text AS \"public\".\"JobStatus\") AND \"public\".\"jobs\".\"nextAttemptAt\" <= $3) ORDER BY \"public\".\"jobs\".\"createdAt\" ASC LIMIT $4 OFFSET $5","timestamp":"2026-08-12T09:29:16.565Z"}
{"level":"debug","message":"prisma query (92ms): COMMIT","timestamp":"2026-08-12T09:29:16.658Z"}
{"level":"debug","message":"prisma query (167ms): SELECT \"public\".\"jobs\".\"id\", \"public\".\"jobs\".\"type\"::text, \"public\".\"jobs\".\"status\"::text, \"public\".\"jobs\".\"payload\", \"public\".\"jobs\".\"result\", \"public\".\"jobs\".\"error\", \"public\".\"jobs\".\"attempts\", \"public\".\"jobs\".\"maxAttempts\", \"public\".\"jobs\".\"nextAttemptAt\", \"public\".\"jobs\".\"createdById\", \"public\".\"jobs\".\"createdAt\", \"public\".\"jobs\".\"updatedAt\", \"public\".\"jobs\".\"completedAt\" FROM \"public\".\"jobs\" WHERE (\"public\".\"jobs\".\"type\" = CAST($1::text AS \"public\".\"JobType\") AND \"public\".\"jobs\".\"status\" = CAST($2::text AS \"public\".\"JobStatus\") AND \"public\".\"jobs\".\"nextAttemptAt\" <= $3) ORDER BY \"public\".\"jobs\".\"createdAt\" ASC LIMIT $4 OFFSET $5","timestamp":"2026-08-12T09:29:16.658Z"}
{"level":"debug","message":"prisma query (81ms): COMMIT","timestamp":"2026-08-12T09:29:16.739Z"}
{"level":"debug","message":"prisma query (63ms): BEGIN","timestamp":"2026-08-12T09:29:18.368Z"}
{"level":"debug","message":"prisma query (53ms): BEGIN","timestamp":"2026-08-12T09:29:18.421Z"}
{"level":"debug","message":"prisma query (92ms): DEALLOCATE ALL","timestamp":"2026-08-12T09:29:18.462Z"}
{"level":"debug","message":"prisma query (44ms): DEALLOCATE ALL","timestamp":"2026-08-12T09:29:18.465Z"}
{"level":"debug","message":"prisma query (262ms): SELECT \"public\".\"jobs\".\"id\", \"public\".\"jobs\".\"type\"::text, \"public\".\"jobs\".\"status\"::text, \"public\".\"jobs\".\"payload\", \"public\".\"jobs\".\"result\", \"public\".\"jobs\".\"error\", \"public\".\"jobs\".\"attempts\", \"public\".\"jobs\".\"maxAttempts\", \"public\".\"jobs\".\"nextAttemptAt\", \"public\".\"jobs\".\"createdById\", \"public\".\"jobs\".\"createdAt\", \"public\".\"jobs\".\"updatedAt\", \"public\".\"jobs\".\"completedAt\" FROM \"public\".\"jobs\" WHERE (\"public\".\"jobs\".\"type\" = CAST($1::text AS \"public\".\"JobType\") AND \"public\".\"jobs\".\"status\" = CAST($2::text AS \"public\".\"JobStatus\") AND \"public\".\"jobs\".\"nextAttemptAt\" <= $3) ORDER BY \"public\".\"jobs\".\"createdAt\" ASC LIMIT $4 OFFSET $5","timestamp":"2026-08-12T09:29:18.725Z"}
{"level":"debug","message":"prisma query (420ms): SELECT \"public\".\"jobs\".\"id\", \"public\".\"jobs\".\"type\"::text, \"public\".\"jobs\".\"status\"::text, \"public\".\"jobs\".\"payload\", \"public\".\"jobs\".\"result\", \"public\".\"jobs\".\"error\", \"public\".\"jobs\".\"attempts\", \"public\".\"jobs\".\"maxAttempts\", \"public\".\"jobs\".\"nextAttemptAt\", \"public\".\"jobs\".\"createdById\", \"public\".\"jobs\".\"createdAt\", \"public\".\"jobs\".\"updatedAt\", \"public\".\"jobs\".\"completedAt\" FROM \"public\".\"jobs\" WHERE (\"public\".\"jobs\".\"type\" = CAST($1::text AS \"public\".\"JobType\") AND \"public\".\"jobs\".\"status\" = CAST($2::text AS \"public\".\"JobStatus\") AND \"public\".\"jobs\".\"nextAttemptAt\" <= $3) ORDER BY \"public\".\"jobs\".\"createdAt\" ASC LIMIT $4 OFFSET $5","timestamp":"2026-08-12T09:29:18.886Z"}
{"level":"debug","message":"prisma query (171ms): COMMIT","timestamp":"2026-08-12T09:29:18.898Z"}
{"level":"debug","message":"prisma query (66ms): COMMIT","timestamp":"2026-08-12T09:29:18.953Z"}
{"level":"debug","message":"prisma query (85ms): BEGIN","timestamp":"2026-08-12T09:29:20.391Z"}
{"level":"debug","message":"prisma query (44ms): BEGIN","timestamp":"2026-08-12T09:29:20.427Z"}
{"level":"debug","message":"prisma query (79ms): DEALLOCATE ALL","timestamp":"2026-08-12T09:29:20.471Z"}
{"level":"debug","message":"prisma query (62ms): DEALLOCATE ALL","timestamp":"2026-08-12T09:29:20.490Z"}
{"level":"debug","message":"prisma query (148ms): SELECT \"public\".\"jobs\".\"id\", \"public\".\"jobs\".\"type\"::text, \"public\".\"jobs\".\"status\"::text, \"public\".\"jobs\".\"payload\", \"public\".\"jobs\".\"result\", \"public\".\"jobs\".\"error\", \"public\".\"jobs\".\"attempts\", \"public\".\"jobs\".\"maxAttempts\", \"public\".\"jobs\".\"nextAttemptAt\", \"public\".\"jobs\".\"createdById\", \"public\".\"jobs\".\"createdAt\", \"public\".\"jobs\".\"updatedAt\", \"public\".\"jobs\".\"completedAt\" FROM \"public\".\"jobs\" WHERE (\"public\".\"jobs\".\"type\" = CAST($1::text AS \"public\".\"JobType\") AND \"public\".\"jobs\".\"status\" = CAST($2::text AS \"public\".\"JobStatus\") AND \"public\".\"jobs\".\"nextAttemptAt\" <= $3) ORDER BY \"public\".\"jobs\".\"createdAt\" ASC LIMIT $4 OFFSET $5","timestamp":"2026-08-12T09:29:20.620Z"}
{"level":"debug","message":"prisma query (162ms): SELECT \"public\".\"jobs\".\"id\", \"public\".\"jobs\".\"type\"::text, \"public\".\"jobs\".\"status\"::text, \"public\".\"jobs\".\"payload\", \"public\".\"jobs\".\"result\", \"public\".\"jobs\".\"error\", \"public\".\"jobs\".\"attempts\", \"public\".\"jobs\".\"maxAttempts\", \"public\".\"jobs\".\"nextAttemptAt\", \"public\".\"jobs\".\"createdById\", \"public\".\"jobs\".\"createdAt\", \"public\".\"jobs\".\"updatedAt\", \"public\".\"jobs\".\"completedAt\" FROM \"public\".\"jobs\" WHERE (\"public\".\"jobs\".\"type\" = CAST($1::text AS \"public\".\"JobType\") AND \"public\".\"jobs\".\"status\" = CAST($2::text AS \"public\".\"JobStatus\") AND \"public\".\"jobs\".\"nextAttemptAt\" <= $3) ORDER BY \"public\".\"jobs\".\"createdAt\" ASC LIMIT $4 OFFSET $5","timestamp":"2026-08-12T09:29:20.653Z"}
{"level":"debug","message":"prisma query (49ms): COMMIT","timestamp":"2026-08-12T09:29:20.670Z"}
{"level":"debug","message":"prisma query (50ms): COMMIT","timestamp":"2026-08-12T09:29:20.703Z"}
{"level":"debug","message":"prisma query (86ms): BEGIN","timestamp":"2026-08-12T09:29:22.407Z"}
{"level":"debug","message":"prisma query (150ms): BEGIN","timestamp":"2026-08-12T09:29:22.548Z"}
{"level":"debug","message":"prisma query (141ms): DEALLOCATE ALL","timestamp":"2026-08-12T09:29:22.548Z"}
{"level":"debug","message":"prisma query (45ms): DEALLOCATE ALL","timestamp":"2026-08-12T09:29:22.594Z"}
{"level":"debug","message":"prisma query (254ms): SELECT \"public\".\"jobs\".\"id\", \"public\".\"jobs\".\"type\"::text, \"public\".\"jobs\".\"status\"::text, \"public\".\"jobs\".\"payload\", \"public\".\"jobs\".\"result\", \"public\".\"jobs\".\"error\", \"public\".\"jobs\".\"attempts\", \"public\".\"jobs\".\"maxAttempts\", \"public\".\"jobs\".\"nextAttemptAt\", \"public\".\"jobs\".\"createdById\", \"public\".\"jobs\".\"createdAt\", \"public\".\"jobs\".\"updatedAt\", \"public\".\"jobs\".\"completedAt\" FROM \"public\".\"jobs\" WHERE (\"public\".\"jobs\".\"type\" = CAST($1::text AS \"public\".\"JobType\") AND \"public\".\"jobs\".\"status\" = CAST($2::text AS \"public\".\"JobStatus\") AND \"public\".\"jobs\".\"nextAttemptAt\" <= $3) ORDER BY \"public\".\"jobs\".\"createdAt\" ASC LIMIT $4 OFFSET $5","timestamp":"2026-08-12T09:29:22.803Z"}
{"level":"debug","message":"prisma query (141ms): COMMIT","timestamp":"2026-08-12T09:29:22.946Z"}
{"level":"debug","message":"prisma query (351ms): SELECT \"public\".\"jobs\".\"id\", \"public\".\"jobs\".\"type\"::text, \"public\".\"jobs\".\"status\"::text, \"public\".\"jobs\".\"payload\", \"public\".\"jobs\".\"result\", \"public\".\"jobs\".\"error\", \"public\".\"jobs\".\"attempts\", \"public\".\"jobs\".\"maxAttempts\", \"public\".\"jobs\".\"nextAttemptAt\", \"public\".\"jobs\".\"createdById\", \"public\".\"jobs\".\"createdAt\", \"public\".\"jobs\".\"updatedAt\", \"public\".\"jobs\".\"completedAt\" FROM \"public\".\"jobs\" WHERE (\"public\".\"jobs\".\"type\" = CAST($1::text AS \"public\".\"JobType\") AND \"public\".\"jobs\".\"status\" = CAST($2::text AS \"public\".\"JobStatus\") AND \"public\".\"jobs\".\"nextAttemptAt\" <= $3) ORDER BY \"public\".\"jobs\".\"createdAt\" ASC LIMIT $4 OFFSET $5","timestamp":"2026-08-12T09:29:22.946Z"}
{"level":"debug","message":"prisma query (51ms): COMMIT","timestamp":"2026-08-12T09:29:22.998Z"}
{"level":"debug","message":"prisma query (69ms): BEGIN","timestamp":"2026-08-12T09:29:24.400Z"}
{"level":"debug","message":"prisma query (75ms): DEALLOCATE ALL","timestamp":"2026-08-12T09:29:24.476Z"}
{"level":"debug","message":"prisma query (90ms): SELECT 1","timestamp":"2026-08-12T09:29:24.492Z"}
{"level":"debug","message":"prisma query (73ms): BEGIN","timestamp":"2026-08-12T09:29:24.566Z"}
{"level":"debug","message":"prisma query (157ms): SELECT \"public\".\"jobs\".\"id\", \"public\".\"jobs\".\"type\"::text, \"public\".\"jobs\".\"status\"::text, \"public\".\"jobs\".\"payload\", \"public\".\"jobs\".\"result\", \"public\".\"jobs\".\"error\", \"public\".\"jobs\".\"attempts\", \"public\".\"jobs\".\"maxAttempts\", \"public\".\"jobs\".\"nextAttemptAt\", \"public\".\"jobs\".\"createdById\", \"public\".\"jobs\".\"createdAt\", \"public\".\"jobs\".\"updatedAt\", \"public\".\"jobs\".\"completedAt\" FROM \"public\".\"jobs\" WHERE (\"public\".\"jobs\".\"type\" = CAST($1::text AS \"public\".\"JobType\") AND \"public\".\"jobs\".\"status\" = CAST($2::text AS \"public\".\"JobStatus\") AND \"public\".\"jobs\".\"nextAttemptAt\" <= $3) ORDER BY \"public\".\"jobs\".\"createdAt\" ASC LIMIT $4 OFFSET $5","timestamp":"2026-08-12T09:29:24.633Z"}
{"level":"debug","message":"prisma query (67ms): DEALLOCATE ALL","timestamp":"2026-08-12T09:29:24.634Z"}
{"level":"debug","message":"prisma query (70ms): COMMIT","timestamp":"2026-08-12T09:29:24.753Z"}
{"level":"debug","message":"prisma query (157ms): SELECT \"public\".\"jobs\".\"id\", \"public\".\"jobs\".\"type\"::text, \"public\".\"jobs\".\"status\"::text, \"public\".\"jobs\".\"payload\", \"public\".\"jobs\".\"result\", \"public\".\"jobs\".\"error\", \"public\".\"jobs\".\"attempts\", \"public\".\"jobs\".\"maxAttempts\", \"public\".\"jobs\".\"nextAttemptAt\", \"public\".\"jobs\".\"createdById\", \"public\".\"jobs\".\"createdAt\", \"public\".\"jobs\".\"updatedAt\", \"public\".\"jobs\".\"completedAt\" FROM \"public\".\"jobs\" WHERE (\"public\".\"jobs\".\"type\" = CAST($1::text AS \"public\".\"JobType\") AND \"public\".\"jobs\".\"status\" = CAST($2::text AS \"public\".\"JobStatus\") AND \"public\".\"jobs\".\"nextAttemptAt\" <= $3) ORDER BY \"public\".\"jobs\".\"createdAt\" ASC LIMIT $4 OFFSET $5","timestamp":"2026-08-12T09:29:24.793Z"}
{"level":"debug","message":"prisma query (71ms): COMMIT","timestamp":"2026-08-12T09:29:24.863Z"}
{"level":"debug","message":"prisma query (69ms): BEGIN","timestamp":"2026-08-12T09:29:26.416Z"}
{"level":"debug","message":"prisma query (65ms): SELECT 1","timestamp":"2026-08-12T09:29:26.471Z"}
{"level":"debug","message":"prisma query (55ms): DEALLOCATE ALL","timestamp":"2026-08-12T09:29:26.472Z"}
{"level":"debug","message":"prisma query (73ms): BEGIN","timestamp":"2026-08-12T09:29:26.545Z"}
{"level":"debug","message":"prisma query (49ms): DEALLOCATE ALL","timestamp":"2026-08-12T09:29:26.595Z"}
{"level":"debug","message":"prisma query (169ms): SELECT \"public\".\"jobs\".\"id\", \"public\".\"jobs\".\"type\"::text, \"public\".\"jobs\".\"status\"::text, \"public\".\"jobs\".\"payload\", \"public\".\"jobs\".\"result\", \"public\".\"jobs\".\"error\", \"public\".\"jobs\".\"attempts\", \"public\".\"jobs\".\"maxAttempts\", \"public\".\"jobs\".\"nextAttemptAt\", \"public\".\"jobs\".\"createdById\", \"public\".\"jobs\".\"createdAt\", \"public\".\"jobs\".\"updatedAt\", \"public\".\"jobs\".\"completedAt\" FROM \"public\".\"jobs\" WHERE (\"public\".\"jobs\".\"type\" = CAST($1::text AS \"public\".\"JobType\") AND \"public\".\"jobs\".\"status\" = CAST($2::text AS \"public\".\"JobStatus\") AND \"public\".\"jobs\".\"nextAttemptAt\" <= $3) ORDER BY \"public\".\"jobs\".\"createdAt\" ASC LIMIT $4 OFFSET $5","timestamp":"2026-08-12T09:29:26.642Z"}
{"level":"debug","message":"prisma query (88ms): COMMIT","timestamp":"2026-08-12T09:29:26.731Z"}
{"level":"debug","message":"prisma query (135ms): SELECT \"public\".\"jobs\".\"id\", \"public\".\"jobs\".\"type\"::text, \"public\".\"jobs\".\"status\"::text, \"public\".\"jobs\".\"payload\", \"public\".\"jobs\".\"result\", \"public\".\"jobs\".\"error\", \"public\".\"jobs\".\"attempts\", \"public\".\"jobs\".\"maxAttempts\", \"public\".\"jobs\".\"nextAttemptAt\", \"public\".\"jobs\".\"createdById\", \"public\".\"jobs\".\"createdAt\", \"public\".\"jobs\".\"updatedAt\", \"public\".\"jobs\".\"completedAt\" FROM \"public\".\"jobs\" WHERE (\"public\".\"jobs\".\"type\" = CAST($1::text AS \"public\".\"JobType\") AND \"public\".\"jobs\".\"status\" = CAST($2::text AS \"public\".\"JobStatus\") AND \"public\".\"jobs\".\"nextAttemptAt\" <= $3) ORDER BY \"public\".\"jobs\".\"createdAt\" ASC LIMIT $4 OFFSET $5","timestamp":"2026-08-12T09:29:26.731Z"}
{"level":"debug","message":"prisma query (60ms): COMMIT","timestamp":"2026-08-12T09:29:26.792Z"}
{"level":"debug","message":"prisma query (301ms): BEGIN","timestamp":"2026-08-12T09:29:28.718Z"}
{"level":"debug","message":"prisma query (470ms): BEGIN","timestamp":"2026-08-12T09:29:28.836Z"}
{"level":"debug","message":"prisma query (118ms): DEALLOCATE ALL","timestamp":"2026-08-12T09:29:28.837Z"}
{"level":"debug","message":"prisma query (119ms): DEALLOCATE ALL","timestamp":"2026-08-12T09:29:28.957Z"}
{"level":"debug","message":"prisma query (198ms): SELECT \"public\".\"jobs\".\"id\", \"public\".\"jobs\".\"type\"::text, \"public\".\"jobs\".\"status\"::text, \"public\".\"jobs\".\"payload\", \"public\".\"jobs\".\"result\", \"public\".\"jobs\".\"error\", \"public\".\"jobs\".\"attempts\", \"public\".\"jobs\".\"maxAttempts\", \"public\".\"jobs\".\"nextAttemptAt\", \"public\".\"jobs\".\"createdById\", \"public\".\"jobs\".\"createdAt\", \"public\".\"jobs\".\"updatedAt\", \"public\".\"jobs\".\"completedAt\" FROM \"public\".\"jobs\" WHERE (\"public\".\"jobs\".\"type\" = CAST($1::text AS \"public\".\"JobType\") AND \"public\".\"jobs\".\"status\" = CAST($2::text AS \"public\".\"JobStatus\") AND \"public\".\"jobs\".\"nextAttemptAt\" <= $3) ORDER BY \"public\".\"jobs\".\"createdAt\" ASC LIMIT $4 OFFSET $5","timestamp":"2026-08-12T09:29:29.036Z"}
{"level":"debug","message":"prisma query (156ms): SELECT \"public\".\"jobs\".\"id\", \"public\".\"jobs\".\"type\"::text, \"public\".\"jobs\".\"status\"::text, \"public\".\"jobs\".\"payload\", \"public\".\"jobs\".\"result\", \"public\".\"jobs\".\"error\", \"public\".\"jobs\".\"attempts\", \"public\".\"jobs\".\"maxAttempts\", \"public\".\"jobs\".\"nextAttemptAt\", \"public\".\"jobs\".\"createdById\", \"public\".\"jobs\".\"createdAt\", \"public\".\"jobs\".\"updatedAt\", \"public\".\"jobs\".\"completedAt\" FROM \"public\".\"jobs\" WHERE (\"public\".\"jobs\".\"type\" = CAST($1::text AS \"public\".\"JobType\") AND \"public\".\"jobs\".\"status\" = CAST($2::text AS \"public\".\"JobStatus\") AND \"public\".\"jobs\".\"nextAttemptAt\" <= $3) ORDER BY \"public\".\"jobs\".\"createdAt\" ASC LIMIT $4 OFFSET $5","timestamp":"2026-08-12T09:29:29.113Z"}
{"level":"debug","message":"prisma query (77ms): COMMIT","timestamp":"2026-08-12T09:29:29.114Z"}
{"level":"debug","message":"prisma query (90ms): COMMIT","timestamp":"2026-08-12T09:29:29.204Z"}
{"level":"debug","message":"prisma query (40ms): BEGIN","timestamp":"2026-08-12T09:29:30.421Z"}
{"level":"debug","message":"prisma query (40ms): DEALLOCATE ALL","timestamp":"2026-08-12T09:29:30.463Z"}
{"level":"debug","message":"prisma query (39ms): BEGIN","timestamp":"2026-08-12T09:29:30.463Z"}
{"level":"debug","message":"prisma query (43ms): DEALLOCATE ALL","timestamp":"2026-08-12T09:29:30.507Z"}
{"level":"debug","message":"prisma query (91ms): SELECT \"public\".\"jobs\".\"id\", \"public\".\"jobs\".\"type\"::text, \"public\".\"jobs\".\"status\"::text, \"public\".\"jobs\".\"payload\", \"public\".\"jobs\".\"result\", \"public\".\"jobs\".\"error\", \"public\".\"jobs\".\"attempts\", \"public\".\"jobs\".\"maxAttempts\", \"public\".\"jobs\".\"nextAttemptAt\", \"public\".\"jobs\".\"createdById\", \"public\".\"jobs\".\"createdAt\", \"public\".\"jobs\".\"updatedAt\", \"public\".\"jobs\".\"completedAt\" FROM \"public\".\"jobs\" WHERE (\"public\".\"jobs\".\"type\" = CAST($1::text AS \"public\".\"JobType\") AND \"public\".\"jobs\".\"status\" = CAST($2::text AS \"public\".\"JobStatus\") AND \"public\".\"jobs\".\"nextAttemptAt\" <= $3) ORDER BY \"public\".\"jobs\".\"createdAt\" ASC LIMIT $4 OFFSET $5","timestamp":"2026-08-12T09:29:30.555Z"}
{"level":"debug","message":"prisma query (89ms): COMMIT","timestamp":"2026-08-12T09:29:30.646Z"}
{"level":"debug","message":"prisma query (136ms): SELECT \"public\".\"jobs\".\"id\", \"public\".\"jobs\".\"type\"::text, \"public\".\"jobs\".\"status\"::text, \"public\".\"jobs\".\"payload\", \"public\".\"jobs\".\"result\", \"public\".\"jobs\".\"error\", \"public\".\"jobs\".\"attempts\", \"public\".\"jobs\".\"maxAttempts\", \"public\".\"jobs\".\"nextAttemptAt\", \"public\".\"jobs\".\"createdById\", \"public\".\"jobs\".\"createdAt\", \"public\".\"jobs\".\"updatedAt\", \"public\".\"jobs\".\"completedAt\" FROM \"public\".\"jobs\" WHERE (\"public\".\"jobs\".\"type\" = CAST($1::text AS \"public\".\"JobType\") AND \"public\".\"jobs\".\"status\" = CAST($2::text AS \"public\".\"JobStatus\") AND \"public\".\"jobs\".\"nextAttemptAt\" <= $3) ORDER BY \"public\".\"jobs\".\"createdAt\" ASC LIMIT $4 OFFSET $5","timestamp":"2026-08-12T09:29:30.646Z"}
{"level":"debug","message":"prisma query (55ms): COMMIT","timestamp":"2026-08-12T09:29:30.700Z"}
{"level":"debug","message":"prisma query (102ms): BEGIN","timestamp":"2026-08-12T09:29:32.492Z"}
{"level":"debug","message":"prisma query (58ms): BEGIN","timestamp":"2026-08-12T09:29:32.500Z"}
{"level":"debug","message":"prisma query (61ms): DEALLOCATE ALL","timestamp":"2026-08-12T09:29:32.553Z"}
{"level":"debug","message":"prisma query (53ms): DEALLOCATE ALL","timestamp":"2026-08-12T09:29:32.554Z"}
{"level":"debug","message":"prisma query (129ms): SELECT \"public\".\"jobs\".\"id\", \"public\".\"jobs\".\"type\"::text, \"public\".\"jobs\".\"status\"::text, \"public\".\"jobs\".\"payload\", \"public\".\"jobs\".\"result\", \"public\".\"jobs\".\"error\", \"public\".\"jobs\".\"attempts\", \"public\".\"jobs\".\"maxAttempts\", \"public\".\"jobs\".\"nextAttemptAt\", \"public\".\"jobs\".\"createdById\", \"public\".\"jobs\".\"createdAt\", \"public\".\"jobs\".\"updatedAt\", \"public\".\"jobs\".\"completedAt\" FROM \"public\".\"jobs\" WHERE (\"public\".\"jobs\".\"type\" = CAST($1::text AS \"public\".\"JobType\") AND \"public\".\"jobs\".\"status\" = CAST($2::text AS \"public\".\"JobStatus\") AND \"public\".\"jobs\".\"nextAttemptAt\" <= $3) ORDER BY \"public\".\"jobs\".\"createdAt\" ASC LIMIT $4 OFFSET $5","timestamp":"2026-08-12T09:29:32.683Z"}
{"level":"debug","message":"prisma query (143ms): SELECT \"public\".\"jobs\".\"id\", \"public\".\"jobs\".\"type\"::text, \"public\".\"jobs\".\"status\"::text, \"public\".\"jobs\".\"payload\", \"public\".\"jobs\".\"result\", \"public\".\"jobs\".\"error\", \"public\".\"jobs\".\"attempts\", \"public\".\"jobs\".\"maxAttempts\", \"public\".\"jobs\".\"nextAttemptAt\", \"public\".\"jobs\".\"createdById\", \"public\".\"jobs\".\"createdAt\", \"public\".\"jobs\".\"updatedAt\", \"public\".\"jobs\".\"completedAt\" FROM \"public\".\"jobs\" WHERE (\"public\".\"jobs\".\"type\" = CAST($1::text AS \"public\".\"JobType\") AND \"public\".\"jobs\".\"status\" = CAST($2::text AS \"public\".\"JobStatus\") AND \"public\".\"jobs\".\"nextAttemptAt\" <= $3) ORDER BY \"public\".\"jobs\".\"createdAt\" ASC LIMIT $4 OFFSET $5","timestamp":"2026-08-12T09:29:32.699Z"}
{"level":"debug","message":"prisma query (45ms): COMMIT","timestamp":"2026-08-12T09:29:32.729Z"}
{"level":"debug","message":"prisma query (55ms): COMMIT","timestamp":"2026-08-12T09:29:32.753Z"}
{"level":"debug","message":"prisma query (86ms): BEGIN","timestamp":"2026-08-12T09:29:34.479Z"}
{"level":"debug","message":"prisma query (296ms): BEGIN","timestamp":"2026-08-12T09:29:34.758Z"}
{"level":"debug","message":"prisma query (273ms): DEALLOCATE ALL","timestamp":"2026-08-12T09:29:34.759Z"}
{"level":"debug","message":"prisma query (92ms): DEALLOCATE ALL","timestamp":"2026-08-12T09:29:34.845Z"}
{"level":"debug","message":"prisma query (222ms): SELECT \"public\".\"jobs\".\"id\", \"public\".\"jobs\".\"type\"::text, \"public\".\"jobs\".\"status\"::text, \"public\".\"jobs\".\"payload\", \"public\".\"jobs\".\"result\", \"public\".\"jobs\".\"error\", \"public\".\"jobs\".\"attempts\", \"public\".\"jobs\".\"maxAttempts\", \"public\".\"jobs\".\"nextAttemptAt\", \"public\".\"jobs\".\"createdById\", \"public\".\"jobs\".\"createdAt\", \"public\".\"jobs\".\"updatedAt\", \"public\".\"jobs\".\"completedAt\" FROM \"public\".\"jobs\" WHERE (\"public\".\"jobs\".\"type\" = CAST($1::text AS \"public\".\"JobType\") AND \"public\".\"jobs\".\"status\" = CAST($2::text AS \"public\".\"JobStatus\") AND \"public\".\"jobs\".\"nextAttemptAt\" <= $3) ORDER BY \"public\".\"jobs\".\"createdAt\" ASC LIMIT $4 OFFSET $5","timestamp":"2026-08-12T09:29:34.975Z"}
{"level":"debug","message":"prisma query (178ms): SELECT \"public\".\"jobs\".\"id\", \"public\".\"jobs\".\"type\"::text, \"public\".\"jobs\".\"status\"::text, \"public\".\"jobs\".\"payload\", \"public\".\"jobs\".\"result\", \"public\".\"jobs\".\"error\", \"public\".\"jobs\".\"attempts\", \"public\".\"jobs\".\"maxAttempts\", \"public\".\"jobs\".\"nextAttemptAt\", \"public\".\"jobs\".\"createdById\", \"public\".\"jobs\".\"createdAt\", \"public\".\"jobs\".\"updatedAt\", \"public\".\"jobs\".\"completedAt\" FROM \"public\".\"jobs\" WHERE (\"public\".\"jobs\".\"type\" = CAST($1::text AS \"public\".\"JobType\") AND \"public\".\"jobs\".\"status\" = CAST($2::text AS \"public\".\"JobStatus\") AND \"public\".\"jobs\".\"nextAttemptAt\" <= $3) ORDER BY \"public\".\"jobs\".\"createdAt\" ASC LIMIT $4 OFFSET $5","timestamp":"2026-08-12T09:29:35.024Z"}
{"level":"debug","message":"prisma query (77ms): COMMIT","timestamp":"2026-08-12T09:29:35.053Z"}
{"level":"debug","message":"prisma query (77ms): COMMIT","timestamp":"2026-08-12T09:29:35.102Z"}
{"level":"debug","message":"prisma query (77ms): BEGIN","timestamp":"2026-08-12T09:29:36.475Z"}
{"level":"debug","message":"prisma query (41ms): BEGIN","timestamp":"2026-08-12T09:29:36.513Z"}
{"level":"debug","message":"prisma query (71ms): DEALLOCATE ALL","timestamp":"2026-08-12T09:29:36.547Z"}
{"level":"debug","message":"prisma query (46ms): DEALLOCATE ALL","timestamp":"2026-08-12T09:29:36.550Z"}
{"level":"debug","message":"prisma query (171ms): SELECT \"public\".\"jobs\".\"id\", \"public\".\"jobs\".\"type\"::text, \"public\".\"jobs\".\"status\"::text, \"public\".\"jobs\".\"payload\", \"public\".\"jobs\".\"result\", \"public\".\"jobs\".\"error\", \"public\".\"jobs\".\"attempts\", \"public\".\"jobs\".\"maxAttempts\", \"public\".\"jobs\".\"nextAttemptAt\", \"public\".\"jobs\".\"createdById\", \"public\".\"jobs\".\"createdAt\", \"public\".\"jobs\".\"updatedAt\", \"public\".\"jobs\".\"completedAt\" FROM \"public\".\"jobs\" WHERE (\"public\".\"jobs\".\"type\" = CAST($1::text AS \"public\".\"JobType\") AND \"public\".\"jobs\".\"status\" = CAST($2::text AS \"public\".\"JobStatus\") AND \"public\".\"jobs\".\"nextAttemptAt\" <= $3) ORDER BY \"public\".\"jobs\".\"createdAt\" ASC LIMIT $4 OFFSET $5","timestamp":"2026-08-12T09:29:36.718Z"}
{"level":"debug","message":"prisma query (179ms): SELECT \"public\".\"jobs\".\"id\", \"public\".\"jobs\".\"type\"::text, \"public\".\"jobs\".\"status\"::text, \"public\".\"jobs\".\"payload\", \"public\".\"jobs\".\"result\", \"public\".\"jobs\".\"error\", \"public\".\"jobs\".\"attempts\", \"public\".\"jobs\".\"maxAttempts\", \"public\".\"jobs\".\"nextAttemptAt\", \"public\".\"jobs\".\"createdById\", \"public\".\"jobs\".\"createdAt\", \"public\".\"jobs\".\"updatedAt\", \"public\".\"jobs\".\"completedAt\" FROM \"public\".\"jobs\" WHERE (\"public\".\"jobs\".\"type\" = CAST($1::text AS \"public\".\"JobType\") AND \"public\".\"jobs\".\"status\" = CAST($2::text AS \"public\".\"JobStatus\") AND \"public\".\"jobs\".\"nextAttemptAt\" <= $3) ORDER BY \"public\".\"jobs\".\"createdAt\" ASC LIMIT $4 OFFSET $5","timestamp":"2026-08-12T09:29:36.726Z"}
{"level":"debug","message":"prisma query (63ms): COMMIT","timestamp":"2026-08-12T09:29:36.782Z"}
{"level":"debug","message":"prisma query (84ms): COMMIT","timestamp":"2026-08-12T09:29:36.812Z"}
{"level":"debug","message":"prisma query (100ms): BEGIN","timestamp":"2026-08-12T09:29:38.505Z"}
{"level":"debug","message":"prisma query (79ms): BEGIN","timestamp":"2026-08-12T09:29:38.567Z"}
{"level":"debug","message":"prisma query (84ms): DEALLOCATE ALL","timestamp":"2026-08-12T09:29:38.651Z"}
{"level":"debug","message":"prisma query (145ms): DEALLOCATE ALL","timestamp":"2026-08-12T09:29:38.652Z"}
{"level":"debug","message":"prisma query (359ms): SELECT \"public\".\"jobs\".\"id\", \"public\".\"jobs\".\"type\"::text, \"public\".\"jobs\".\"status\"::text, \"public\".\"jobs\".\"payload\", \"public\".\"jobs\".\"result\", \"public\".\"jobs\".\"error\", \"public\".\"jobs\".\"attempts\", \"public\".\"jobs\".\"maxAttempts\", \"public\".\"jobs\".\"nextAttemptAt\", \"public\".\"jobs\".\"createdById\", \"public\".\"jobs\".\"createdAt\", \"public\".\"jobs\".\"updatedAt\", \"public\".\"jobs\".\"completedAt\" FROM \"public\".\"jobs\" WHERE (\"public\".\"jobs\".\"type\" = CAST($1::text AS \"public\".\"JobType\") AND \"public\".\"jobs\".\"status\" = CAST($2::text AS \"public\".\"JobStatus\") AND \"public\".\"jobs\".\"nextAttemptAt\" <= $3) ORDER BY \"public\".\"jobs\".\"createdAt\" ASC LIMIT $4 OFFSET $5","timestamp":"2026-08-12T09:29:39.012Z"}
{"level":"debug","message":"prisma query (359ms): SELECT \"public\".\"jobs\".\"id\", \"public\".\"jobs\".\"type\"::text, \"public\".\"jobs\".\"status\"::text, \"public\".\"jobs\".\"payload\", \"public\".\"jobs\".\"result\", \"public\".\"jobs\".\"error\", \"public\".\"jobs\".\"attempts\", \"public\".\"jobs\".\"maxAttempts\", \"public\".\"jobs\".\"nextAttemptAt\", \"public\".\"jobs\".\"createdById\", \"public\".\"jobs\".\"createdAt\", \"public\".\"jobs\".\"updatedAt\", \"public\".\"jobs\".\"completedAt\" FROM \"public\".\"jobs\" WHERE (\"public\".\"jobs\".\"type\" = CAST($1::text AS \"public\".\"JobType\") AND \"public\".\"jobs\".\"status\" = CAST($2::text AS \"public\".\"JobStatus\") AND \"public\".\"jobs\".\"nextAttemptAt\" <= $3) ORDER BY \"public\".\"jobs\".\"createdAt\" ASC LIMIT $4 OFFSET $5","timestamp":"2026-08-12T09:29:39.014Z"}
{"level":"debug","message":"prisma query (49ms): COMMIT","timestamp":"2026-08-12T09:29:39.061Z"}
{"level":"debug","message":"prisma query (57ms): COMMIT","timestamp":"2026-08-12T09:29:39.069Z"}
{"level":"debug","message":"prisma query (48ms): SELECT 1","timestamp":"2026-08-12T09:29:40.466Z"}
{"level":"debug","message":"prisma query (43ms): BEGIN","timestamp":"2026-08-12T09:29:40.512Z"}
{"level":"debug","message":"prisma query (45ms): BEGIN","timestamp":"2026-08-12T09:29:40.512Z"}
{"level":"debug","message":"prisma query (77ms): DEALLOCATE ALL","timestamp":"2026-08-12T09:29:40.591Z"}
{"level":"debug","message":"prisma query (78ms): DEALLOCATE ALL","timestamp":"2026-08-12T09:29:40.592Z"}
{"level":"debug","message":"prisma query (177ms): SELECT \"public\".\"jobs\".\"id\", \"public\".\"jobs\".\"type\"::text, \"public\".\"jobs\".\"status\"::text, \"public\".\"jobs\".\"payload\", \"public\".\"jobs\".\"result\", \"public\".\"jobs\".\"error\", \"public\".\"jobs\".\"attempts\", \"public\".\"jobs\".\"maxAttempts\", \"public\".\"jobs\".\"nextAttemptAt\", \"public\".\"jobs\".\"createdById\", \"public\".\"jobs\".\"createdAt\", \"public\".\"jobs\".\"updatedAt\", \"public\".\"jobs\".\"completedAt\" FROM \"public\".\"jobs\" WHERE (\"public\".\"jobs\".\"type\" = CAST($1::text AS \"public\".\"JobType\") AND \"public\".\"jobs\".\"status\" = CAST($2::text AS \"public\".\"JobStatus\") AND \"public\".\"jobs\".\"nextAttemptAt\" <= $3) ORDER BY \"public\".\"jobs\".\"createdAt\" ASC LIMIT $4 OFFSET $5","timestamp":"2026-08-12T09:29:40.768Z"}
{"level":"debug","message":"prisma query (176ms): SELECT \"public\".\"jobs\".\"id\", \"public\".\"jobs\".\"type\"::text, \"public\".\"jobs\".\"status\"::text, \"public\".\"jobs\".\"payload\", \"public\".\"jobs\".\"result\", \"public\".\"jobs\".\"error\", \"public\".\"jobs\".\"attempts\", \"public\".\"jobs\".\"maxAttempts\", \"public\".\"jobs\".\"nextAttemptAt\", \"public\".\"jobs\".\"createdById\", \"public\".\"jobs\".\"createdAt\", \"public\".\"jobs\".\"updatedAt\", \"public\".\"jobs\".\"completedAt\" FROM \"public\".\"jobs\" WHERE (\"public\".\"jobs\".\"type\" = CAST($1::text AS \"public\".\"JobType\") AND \"public\".\"jobs\".\"status\" = CAST($2::text AS \"public\".\"JobStatus\") AND \"public\".\"jobs\".\"nextAttemptAt\" <= $3) ORDER BY \"public\".\"jobs\".\"createdAt\" ASC LIMIT $4 OFFSET $5","timestamp":"2026-08-12T09:29:40.769Z"}
{"level":"debug","message":"prisma query (83ms): COMMIT","timestamp":"2026-08-12T09:29:40.851Z"}
{"level":"debug","message":"prisma query (83ms): COMMIT","timestamp":"2026-08-12T09:29:40.852Z"}
{"level":"debug","message":"prisma query (49ms): BEGIN","timestamp":"2026-08-12T09:29:42.474Z"}
{"level":"debug","message":"prisma query (94ms): SELECT 1","timestamp":"2026-08-12T09:29:42.565Z"}
{"level":"debug","message":"prisma query (92ms): DEALLOCATE ALL","timestamp":"2026-08-12T09:29:42.566Z"}
{"level":"debug","message":"prisma query (159ms): BEGIN","timestamp":"2026-08-12T09:29:42.726Z"}
{"level":"debug","message":"prisma query (225ms): DEALLOCATE ALL","timestamp":"2026-08-12T09:29:42.951Z"}
{"level":"debug","message":"prisma query (385ms): SELECT \"public\".\"jobs\".\"id\", \"public\".\"jobs\".\"type\"::text, \"public\".\"jobs\".\"status\"::text, \"public\".\"jobs\".\"payload\", \"public\".\"jobs\".\"result\", \"public\".\"jobs\".\"error\", \"public\".\"jobs\".\"attempts\", \"public\".\"jobs\".\"maxAttempts\", \"public\".\"jobs\".\"nextAttemptAt\", \"public\".\"jobs\".\"createdById\", \"public\".\"jobs\".\"createdAt\", \"public\".\"jobs\".\"updatedAt\", \"public\".\"jobs\".\"completedAt\" FROM \"public\".\"jobs\" WHERE (\"public\".\"jobs\".\"type\" = CAST($1::text AS \"public\".\"JobType\") AND \"public\".\"jobs\".\"status\" = CAST($2::text AS \"public\".\"JobStatus\") AND \"public\".\"jobs\".\"nextAttemptAt\" <= $3) ORDER BY \"public\".\"jobs\".\"createdAt\" ASC LIMIT $4 OFFSET $5","timestamp":"2026-08-12T09:29:42.953Z"}
{"level":"debug","message":"prisma query (75ms): COMMIT","timestamp":"2026-08-12T09:29:43.029Z"}
{"level":"debug","message":"prisma query (113ms): SELECT \"public\".\"jobs\".\"id\", \"public\".\"jobs\".\"type\"::text, \"public\".\"jobs\".\"status\"::text, \"public\".\"jobs\".\"payload\", \"public\".\"jobs\".\"result\", \"public\".\"jobs\".\"error\", \"public\".\"jobs\".\"attempts\", \"public\".\"jobs\".\"maxAttempts\", \"public\".\"jobs\".\"nextAttemptAt\", \"public\".\"jobs\".\"createdById\", \"public\".\"jobs\".\"createdAt\", \"public\".\"jobs\".\"updatedAt\", \"public\".\"jobs\".\"completedAt\" FROM \"public\".\"jobs\" WHERE (\"public\".\"jobs\".\"type\" = CAST($1::text AS \"public\".\"JobType\") AND \"public\".\"jobs\".\"status\" = CAST($2::text AS \"public\".\"JobStatus\") AND \"public\".\"jobs\".\"nextAttemptAt\" <= $3) ORDER BY \"public\".\"jobs\".\"createdAt\" ASC LIMIT $4 OFFSET $5","timestamp":"2026-08-12T09:29:43.066Z"}
{"level":"debug","message":"prisma query (47ms): COMMIT","timestamp":"2026-08-12T09:29:43.115Z"}
{"level":"debug","message":"prisma query (75ms): BEGIN","timestamp":"2026-08-12T09:29:44.500Z"}
{"level":"debug","message":"prisma query (62ms): DEALLOCATE ALL","timestamp":"2026-08-12T09:29:44.563Z"}
{"level":"debug","message":"prisma query (91ms): BEGIN","timestamp":"2026-08-12T09:29:44.563Z"}
{"level":"debug","message":"prisma query (77ms): DEALLOCATE ALL","timestamp":"2026-08-12T09:29:44.641Z"}
{"level":"debug","message":"prisma query (162ms): SELECT \"public\".\"jobs\".\"id\", \"public\".\"jobs\".\"type\"::text, \"public\".\"jobs\".\"status\"::text, \"public\".\"jobs\".\"payload\", \"public\".\"jobs\".\"result\", \"public\".\"jobs\".\"error\", \"public\".\"jobs\".\"attempts\", \"public\".\"jobs\".\"maxAttempts\", \"public\".\"jobs\".\"nextAttemptAt\", \"public\".\"jobs\".\"createdById\", \"public\".\"jobs\".\"createdAt\", \"public\".\"jobs\".\"updatedAt\", \"public\".\"jobs\".\"completedAt\" FROM \"public\".\"jobs\" WHERE (\"public\".\"jobs\".\"type\" = CAST($1::text AS \"public\".\"JobType\") AND \"public\".\"jobs\".\"status\" = CAST($2::text AS \"public\".\"JobStatus\") AND \"public\".\"jobs\".\"nextAttemptAt\" <= $3) ORDER BY \"public\".\"jobs\".\"createdAt\" ASC LIMIT $4 OFFSET $5","timestamp":"2026-08-12T09:29:44.725Z"}
{"level":"debug","message":"prisma query (68ms): COMMIT","timestamp":"2026-08-12T09:29:44.794Z"}
{"level":"debug","message":"prisma query (152ms): SELECT \"public\".\"jobs\".\"id\", \"public\".\"jobs\".\"type\"::text, \"public\".\"jobs\".\"status\"::text, \"public\".\"jobs\".\"payload\", \"public\".\"jobs\".\"result\", \"public\".\"jobs\".\"error\", \"public\".\"jobs\".\"attempts\", \"public\".\"jobs\".\"maxAttempts\", \"public\".\"jobs\".\"nextAttemptAt\", \"public\".\"jobs\".\"createdById\", \"public\".\"jobs\".\"createdAt\", \"public\".\"jobs\".\"updatedAt\", \"public\".\"jobs\".\"completedAt\" FROM \"public\".\"jobs\" WHERE (\"public\".\"jobs\".\"type\" = CAST($1::text AS \"public\".\"JobType\") AND \"public\".\"jobs\".\"status\" = CAST($2::text AS \"public\".\"JobStatus\") AND \"public\".\"jobs\".\"nextAttemptAt\" <= $3) ORDER BY \"public\".\"jobs\".\"createdAt\" ASC LIMIT $4 OFFSET $5","timestamp":"2026-08-12T09:29:44.795Z"}
{"level":"debug","message":"prisma query (119ms): COMMIT","timestamp":"2026-08-12T09:29:44.914Z"}
{"level":"debug","message":"prisma query (95ms): BEGIN","timestamp":"2026-08-12T09:29:46.532Z"}
{"level":"debug","message":"prisma query (62ms): BEGIN","timestamp":"2026-08-12T09:29:46.547Z"}
{"level":"debug","message":"prisma query (88ms): DEALLOCATE ALL","timestamp":"2026-08-12T09:29:46.621Z"}
{"level":"debug","message":"prisma query (119ms): DEALLOCATE ALL","timestamp":"2026-08-12T09:29:46.667Z"}
{"level":"debug","message":"prisma query (100ms): SELECT \"public\".\"jobs\".\"id\", \"public\".\"jobs\".\"type\"::text, \"public\".\"jobs\".\"status\"::text, \"public\".\"jobs\".\"payload\", \"public\".\"jobs\".\"result\", \"public\".\"jobs\".\"error\", \"public\".\"jobs\".\"attempts\", \"public\".\"jobs\".\"maxAttempts\", \"public\".\"jobs\".\"nextAttemptAt\", \"public\".\"jobs\".\"createdById\", \"public\".\"jobs\".\"createdAt\", \"public\".\"jobs\".\"updatedAt\", \"public\".\"jobs\".\"completedAt\" FROM \"public\".\"jobs\" WHERE (\"public\".\"jobs\".\"type\" = CAST($1::text AS \"public\".\"JobType\") AND \"public\".\"jobs\".\"status\" = CAST($2::text AS \"public\".\"JobStatus\") AND \"public\".\"jobs\".\"nextAttemptAt\" <= $3) ORDER BY \"public\".\"jobs\".\"createdAt\" ASC LIMIT $4 OFFSET $5","timestamp":"2026-08-12T09:29:46.722Z"}
{"level":"debug","message":"prisma query (132ms): SELECT \"public\".\"jobs\".\"id\", \"public\".\"jobs\".\"type\"::text, \"public\".\"jobs\".\"status\"::text, \"public\".\"jobs\".\"payload\", \"public\".\"jobs\".\"result\", \"public\".\"jobs\".\"error\", \"public\".\"jobs\".\"attempts\", \"public\".\"jobs\".\"maxAttempts\", \"public\".\"jobs\".\"nextAttemptAt\", \"public\".\"jobs\".\"createdById\", \"public\".\"jobs\".\"createdAt\", \"public\".\"jobs\".\"updatedAt\", \"public\".\"jobs\".\"completedAt\" FROM \"public\".\"jobs\" WHERE (\"public\".\"jobs\".\"type\" = CAST($1::text AS \"public\".\"JobType\") AND \"public\".\"jobs\".\"status\" = CAST($2::text AS \"public\".\"JobStatus\") AND \"public\".\"jobs\".\"nextAttemptAt\" <= $3) ORDER BY \"public\".\"jobs\".\"createdAt\" ASC LIMIT $4 OFFSET $5","timestamp":"2026-08-12T09:29:46.800Z"}
{"level":"debug","message":"prisma query (78ms): COMMIT","timestamp":"2026-08-12T09:29:46.801Z"}
{"level":"debug","message":"prisma query (60ms): COMMIT","timestamp":"2026-08-12T09:29:46.861Z"}
{"level":"debug","message":"prisma query (170ms): BEGIN","timestamp":"2026-08-12T09:29:48.621Z"}
{"level":"debug","message":"prisma query (125ms): BEGIN","timestamp":"2026-08-12T09:29:48.621Z"}
{"level":"debug","message":"prisma query (126ms): DEALLOCATE ALL","timestamp":"2026-08-12T09:29:48.747Z"}
{"level":"debug","message":"prisma query (126ms): DEALLOCATE ALL","timestamp":"2026-08-12T09:29:48.748Z"}
{"level":"debug","message":"prisma query (312ms): SELECT \"public\".\"jobs\".\"id\", \"public\".\"jobs\".\"type\"::text, \"public\".\"jobs\".\"status\"::text, \"public\".\"jobs\".\"payload\", \"public\".\"jobs\".\"result\", \"public\".\"jobs\".\"error\", \"public\".\"jobs\".\"attempts\", \"public\".\"jobs\".\"maxAttempts\", \"public\".\"jobs\".\"nextAttemptAt\", \"public\".\"jobs\".\"createdById\", \"public\".\"jobs\".\"createdAt\", \"public\".\"jobs\".\"updatedAt\", \"public\".\"jobs\".\"completedAt\" FROM \"public\".\"jobs\" WHERE (\"public\".\"jobs\".\"type\" = CAST($1::text AS \"public\".\"JobType\") AND \"public\".\"jobs\".\"status\" = CAST($2::text AS \"public\".\"JobStatus\") AND \"public\".\"jobs\".\"nextAttemptAt\" <= $3) ORDER BY \"public\".\"jobs\".\"createdAt\" ASC LIMIT $4 OFFSET $5","timestamp":"2026-08-12T09:29:49.061Z"}
{"level":"debug","message":"prisma query (312ms): SELECT \"public\".\"jobs\".\"id\", \"public\".\"jobs\".\"type\"::text, \"public\".\"jobs\".\"status\"::text, \"public\".\"jobs\".\"payload\", \"public\".\"jobs\".\"result\", \"public\".\"jobs\".\"error\", \"public\".\"jobs\".\"attempts\", \"public\".\"jobs\".\"maxAttempts\", \"public\".\"jobs\".\"nextAttemptAt\", \"public\".\"jobs\".\"createdById\", \"public\".\"jobs\".\"createdAt\", \"public\".\"jobs\".\"updatedAt\", \"public\".\"jobs\".\"completedAt\" FROM \"public\".\"jobs\" WHERE (\"public\".\"jobs\".\"type\" = CAST($1::text AS \"public\".\"JobType\") AND \"public\".\"jobs\".\"status\" = CAST($2::text AS \"public\".\"JobStatus\") AND \"public\".\"jobs\".\"nextAttemptAt\" <= $3) ORDER BY \"public\".\"jobs\".\"createdAt\" ASC LIMIT $4 OFFSET $5","timestamp":"2026-08-12T09:29:49.062Z"}
{"level":"debug","message":"prisma query (99ms): COMMIT","timestamp":"2026-08-12T09:29:49.160Z"}
{"level":"debug","message":"prisma query (99ms): COMMIT","timestamp":"2026-08-12T09:29:49.161Z"}
{"level":"debug","message":"prisma query (58ms): BEGIN","timestamp":"2026-08-12T09:29:50.511Z"}
{"level":"debug","message":"prisma query (49ms): BEGIN","timestamp":"2026-08-12T09:29:50.556Z"}
{"level":"debug","message":"prisma query (78ms): DEALLOCATE ALL","timestamp":"2026-08-12T09:29:50.589Z"}
{"level":"debug","message":"prisma query (65ms): DEALLOCATE ALL","timestamp":"2026-08-12T09:29:50.621Z"}
{"level":"debug","message":"prisma query (177ms): SELECT \"public\".\"jobs\".\"id\", \"public\".\"jobs\".\"type\"::text, \"public\".\"jobs\".\"status\"::text, \"public\".\"jobs\".\"payload\", \"public\".\"jobs\".\"result\", \"public\".\"jobs\".\"error\", \"public\".\"jobs\".\"attempts\", \"public\".\"jobs\".\"maxAttempts\", \"public\".\"jobs\".\"nextAttemptAt\", \"public\".\"jobs\".\"createdById\", \"public\".\"jobs\".\"createdAt\", \"public\".\"jobs\".\"updatedAt\", \"public\".\"jobs\".\"completedAt\" FROM \"public\".\"jobs\" WHERE (\"public\".\"jobs\".\"type\" = CAST($1::text AS \"public\".\"JobType\") AND \"public\".\"jobs\".\"status\" = CAST($2::text AS \"public\".\"JobStatus\") AND \"public\".\"jobs\".\"nextAttemptAt\" <= $3) ORDER BY \"public\".\"jobs\".\"createdAt\" ASC LIMIT $4 OFFSET $5","timestamp":"2026-08-12T09:29:50.768Z"}
{"level":"debug","message":"prisma query (146ms): SELECT \"public\".\"jobs\".\"id\", \"public\".\"jobs\".\"type\"::text, \"public\".\"jobs\".\"status\"::text, \"public\".\"jobs\".\"payload\", \"public\".\"jobs\".\"result\", \"public\".\"jobs\".\"error\", \"public\".\"jobs\".\"attempts\", \"public\".\"jobs\".\"maxAttempts\", \"public\".\"jobs\".\"nextAttemptAt\", \"public\".\"jobs\".\"createdById\", \"public\".\"jobs\".\"createdAt\", \"public\".\"jobs\".\"updatedAt\", \"public\".\"jobs\".\"completedAt\" FROM \"public\".\"jobs\" WHERE (\"public\".\"jobs\".\"type\" = CAST($1::text AS \"public\".\"JobType\") AND \"public\".\"jobs\".\"status\" = CAST($2::text AS \"public\".\"JobStatus\") AND \"public\".\"jobs\".\"nextAttemptAt\" <= $3) ORDER BY \"public\".\"jobs\".\"createdAt\" ASC LIMIT $4 OFFSET $5","timestamp":"2026-08-12T09:29:50.769Z"}
{"level":"debug","message":"prisma query (58ms): COMMIT","timestamp":"2026-08-12T09:29:50.828Z"}
{"level":"debug","message":"prisma query (61ms): COMMIT","timestamp":"2026-08-12T09:29:50.830Z"}
{"level":"debug","message":"prisma query (45ms): BEGIN","timestamp":"2026-08-12T09:29:52.501Z"}
{"level":"debug","message":"prisma query (45ms): BEGIN","timestamp":"2026-08-12T09:29:52.549Z"}
{"level":"debug","message":"prisma query (48ms): DEALLOCATE ALL","timestamp":"2026-08-12T09:29:52.549Z"}
{"level":"debug","message":"prisma query (81ms): DEALLOCATE ALL","timestamp":"2026-08-12T09:29:52.630Z"}
{"level":"debug","message":"prisma query (164ms): SELECT \"public\".\"jobs\".\"id\", \"public\".\"jobs\".\"type\"::text, \"public\".\"jobs\".\"status\"::text, \"public\".\"jobs\".\"payload\", \"public\".\"jobs\".\"result\", \"public\".\"jobs\".\"error\", \"public\".\"jobs\".\"attempts\", \"public\".\"jobs\".\"maxAttempts\", \"public\".\"jobs\".\"nextAttemptAt\", \"public\".\"jobs\".\"createdById\", \"public\".\"jobs\".\"createdAt\", \"public\".\"jobs\".\"updatedAt\", \"public\".\"jobs\".\"completedAt\" FROM \"public\".\"jobs\" WHERE (\"public\".\"jobs\".\"type\" = CAST($1::text AS \"public\".\"JobType\") AND \"public\".\"jobs\".\"status\" = CAST($2::text AS \"public\".\"JobStatus\") AND \"public\".\"jobs\".\"nextAttemptAt\" <= $3) ORDER BY \"public\".\"jobs\".\"createdAt\" ASC LIMIT $4 OFFSET $5","timestamp":"2026-08-12T09:29:52.714Z"}
{"level":"debug","message":"prisma query (150ms): SELECT \"public\".\"jobs\".\"id\", \"public\".\"jobs\".\"type\"::text, \"public\".\"jobs\".\"status\"::text, \"public\".\"jobs\".\"payload\", \"public\".\"jobs\".\"result\", \"public\".\"jobs\".\"error\", \"public\".\"jobs\".\"attempts\", \"public\".\"jobs\".\"maxAttempts\", \"public\".\"jobs\".\"nextAttemptAt\", \"public\".\"jobs\".\"createdById\", \"public\".\"jobs\".\"createdAt\", \"public\".\"jobs\".\"updatedAt\", \"public\".\"jobs\".\"completedAt\" FROM \"public\".\"jobs\" WHERE (\"public\".\"jobs\".\"type\" = CAST($1::text AS \"public\".\"JobType\") AND \"public\".\"jobs\".\"status\" = CAST($2::text AS \"public\".\"JobStatus\") AND \"public\".\"jobs\".\"nextAttemptAt\" <= $3) ORDER BY \"public\".\"jobs\".\"createdAt\" ASC LIMIT $4 OFFSET $5","timestamp":"2026-08-12T09:29:52.781Z"}
{"level":"debug","message":"prisma query (78ms): COMMIT","timestamp":"2026-08-12T09:29:52.793Z"}
{"level":"debug","message":"prisma query (76ms): COMMIT","timestamp":"2026-08-12T09:29:52.858Z"}
{"level":"debug","message":"prisma query (47ms): BEGIN","timestamp":"2026-08-12T09:29:54.511Z"}
{"level":"debug","message":"prisma query (88ms): DEALLOCATE ALL","timestamp":"2026-08-12T09:29:54.599Z"}
{"level":"debug","message":"prisma query (88ms): BEGIN","timestamp":"2026-08-12T09:29:54.600Z"}
{"level":"debug","message":"prisma query (72ms): DEALLOCATE ALL","timestamp":"2026-08-12T09:29:54.672Z"}
{"level":"debug","message":"prisma query (149ms): SELECT \"public\".\"jobs\".\"id\", \"public\".\"jobs\".\"type\"::text, \"public\".\"jobs\".\"status\"::text, \"public\".\"jobs\".\"payload\", \"public\".\"jobs\".\"result\", \"public\".\"jobs\".\"error\", \"public\".\"jobs\".\"attempts\", \"public\".\"jobs\".\"maxAttempts\", \"public\".\"jobs\".\"nextAttemptAt\", \"public\".\"jobs\".\"createdById\", \"public\".\"jobs\".\"createdAt\", \"public\".\"jobs\".\"updatedAt\", \"public\".\"jobs\".\"completedAt\" FROM \"public\".\"jobs\" WHERE (\"public\".\"jobs\".\"type\" = CAST($1::text AS \"public\".\"JobType\") AND \"public\".\"jobs\".\"status\" = CAST($2::text AS \"public\".\"JobStatus\") AND \"public\".\"jobs\".\"nextAttemptAt\" <= $3) ORDER BY \"public\".\"jobs\".\"createdAt\" ASC LIMIT $4 OFFSET $5","timestamp":"2026-08-12T09:29:54.766Z"}
{"level":"debug","message":"prisma query (150ms): SELECT \"public\".\"jobs\".\"id\", \"public\".\"jobs\".\"type\"::text, \"public\".\"jobs\".\"status\"::text, \"public\".\"jobs\".\"payload\", \"public\".\"jobs\".\"result\", \"public\".\"jobs\".\"error\", \"public\".\"jobs\".\"attempts\", \"public\".\"jobs\".\"maxAttempts\", \"public\".\"jobs\".\"nextAttemptAt\", \"public\".\"jobs\".\"createdById\", \"public\".\"jobs\".\"createdAt\", \"public\".\"jobs\".\"updatedAt\", \"public\".\"jobs\".\"completedAt\" FROM \"public\".\"jobs\" WHERE (\"public\".\"jobs\".\"type\" = CAST($1::text AS \"public\".\"JobType\") AND \"public\".\"jobs\".\"status\" = CAST($2::text AS \"public\".\"JobStatus\") AND \"public\".\"jobs\".\"nextAttemptAt\" <= $3) ORDER BY \"public\".\"jobs\".\"createdAt\" ASC LIMIT $4 OFFSET $5","timestamp":"2026-08-12T09:29:54.836Z"}
{"level":"debug","message":"prisma query (76ms): COMMIT","timestamp":"2026-08-12T09:29:54.843Z"}
{"level":"debug","message":"prisma query (53ms): COMMIT","timestamp":"2026-08-12T09:29:54.881Z"}
{"level":"debug","message":"prisma query (73ms): SELECT 1","timestamp":"2026-08-12T09:29:56.545Z"}
{"level":"debug","message":"prisma query (64ms): BEGIN","timestamp":"2026-08-12T09:29:56.583Z"}
{"level":"debug","message":"prisma query (46ms): BEGIN","timestamp":"2026-08-12T09:29:56.593Z"}
{"level":"debug","message":"prisma query (40ms): DEALLOCATE ALL","timestamp":"2026-08-12T09:29:56.624Z"}
{"level":"debug","message":"prisma query (71ms): DEALLOCATE ALL","timestamp":"2026-08-12T09:29:56.664Z"}
{"level":"debug","message":"prisma query (89ms): SELECT \"public\".\"jobs\".\"id\", \"public\".\"jobs\".\"type\"::text, \"public\".\"jobs\".\"status\"::text, \"public\".\"jobs\".\"payload\", \"public\".\"jobs\".\"result\", \"public\".\"jobs\".\"error\", \"public\".\"jobs\".\"attempts\", \"public\".\"jobs\".\"maxAttempts\", \"public\".\"jobs\".\"nextAttemptAt\", \"public\".\"jobs\".\"createdById\", \"public\".\"jobs\".\"createdAt\", \"public\".\"jobs\".\"updatedAt\", \"public\".\"jobs\".\"completedAt\" FROM \"public\".\"jobs\" WHERE (\"public\".\"jobs\".\"type\" = CAST($1::text AS \"public\".\"JobType\") AND \"public\".\"jobs\".\"status\" = CAST($2::text AS \"public\".\"JobStatus\") AND \"public\".\"jobs\".\"nextAttemptAt\" <= $3) ORDER BY \"public\".\"jobs\".\"createdAt\" ASC LIMIT $4 OFFSET $5","timestamp":"2026-08-12T09:29:56.714Z"}
{"level":"debug","message":"prisma query (80ms): COMMIT","timestamp":"2026-08-12T09:29:56.794Z"}
{"level":"debug","message":"prisma query (130ms): SELECT \"public\".\"jobs\".\"id\", \"public\".\"jobs\".\"type\"::text, \"public\".\"jobs\".\"status\"::text, \"public\".\"jobs\".\"payload\", \"public\".\"jobs\".\"result\", \"public\".\"jobs\".\"error\", \"public\".\"jobs\".\"attempts\", \"public\".\"jobs\".\"maxAttempts\", \"public\".\"jobs\".\"nextAttemptAt\", \"public\".\"jobs\".\"createdById\", \"public\".\"jobs\".\"createdAt\", \"public\".\"jobs\".\"updatedAt\", \"public\".\"jobs\".\"completedAt\" FROM \"public\".\"jobs\" WHERE (\"public\".\"jobs\".\"type\" = CAST($1::text AS \"public\".\"JobType\") AND \"public\".\"jobs\".\"status\" = CAST($2::text AS \"public\".\"JobStatus\") AND \"public\".\"jobs\".\"nextAttemptAt\" <= $3) ORDER BY \"public\".\"jobs\".\"createdAt\" ASC LIMIT $4 OFFSET $5","timestamp":"2026-08-12T09:29:56.795Z"}
{"level":"debug","message":"prisma query (80ms): COMMIT","timestamp":"2026-08-12T09:29:56.876Z"}
{"level":"debug","message":"prisma query (61ms): BEGIN","timestamp":"2026-08-12T09:29:58.539Z"}
{"level":"debug","message":"prisma query (66ms): SELECT 1","timestamp":"2026-08-12T09:29:58.589Z"}
{"level":"debug","message":"prisma query (50ms): DEALLOCATE ALL","timestamp":"2026-08-12T09:29:58.590Z"}
{"level":"debug","message":"prisma query (73ms): BEGIN","timestamp":"2026-08-12T09:29:58.664Z"}
{"level":"debug","message":"prisma query (50ms): DEALLOCATE ALL","timestamp":"2026-08-12T09:29:58.714Z"}
{"level":"debug","message":"prisma query (125ms): SELECT \"public\".\"jobs\".\"id\", \"public\".\"jobs\".\"type\"::text, \"public\".\"jobs\".\"status\"::text, \"public\".\"jobs\".\"payload\", \"public\".\"jobs\".\"result\", \"public\".\"jobs\".\"error\", \"public\".\"jobs\".\"attempts\", \"public\".\"jobs\".\"maxAttempts\", \"public\".\"jobs\".\"nextAttemptAt\", \"public\".\"jobs\".\"createdById\", \"public\".\"jobs\".\"createdAt\", \"public\".\"jobs\".\"updatedAt\", \"public\".\"jobs\".\"completedAt\" FROM \"public\".\"jobs\" WHERE (\"public\".\"jobs\".\"type\" = CAST($1::text AS \"public\".\"JobType\") AND \"public\".\"jobs\".\"status\" = CAST($2::text AS \"public\".\"JobStatus\") AND \"public\".\"jobs\".\"nextAttemptAt\" <= $3) ORDER BY \"public\".\"jobs\".\"createdAt\" ASC LIMIT $4 OFFSET $5","timestamp":"2026-08-12T09:29:58.715Z"}
{"level":"debug","message":"prisma query (78ms): COMMIT","timestamp":"2026-08-12T09:29:58.793Z"}
{"level":"debug","message":"prisma query (144ms): SELECT \"public\".\"jobs\".\"id\", \"public\".\"jobs\".\"type\"::text, \"public\".\"jobs\".\"status\"::text, \"public\".\"jobs\".\"payload\", \"public\".\"jobs\".\"result\", \"public\".\"jobs\".\"error\", \"public\".\"jobs\".\"attempts\", \"public\".\"jobs\".\"maxAttempts\", \"public\".\"jobs\".\"nextAttemptAt\", \"public\".\"jobs\".\"createdById\", \"public\".\"jobs\".\"createdAt\", \"public\".\"jobs\".\"updatedAt\", \"public\".\"jobs\".\"completedAt\" FROM \"public\".\"jobs\" WHERE (\"public\".\"jobs\".\"type\" = CAST($1::text AS \"public\".\"JobType\") AND \"public\".\"jobs\".\"status\" = CAST($2::text AS \"public\".\"JobStatus\") AND \"public\".\"jobs\".\"nextAttemptAt\" <= $3) ORDER BY \"public\".\"jobs\".\"createdAt\" ASC LIMIT $4 OFFSET $5","timestamp":"2026-08-12T09:29:58.859Z"}
{"level":"debug","message":"prisma query (47ms): COMMIT","timestamp":"2026-08-12T09:29:58.907Z"}
{"level":"debug","message":"prisma query (56ms): BEGIN","timestamp":"2026-08-12T09:30:00.539Z"}
{"level":"debug","message":"prisma query (63ms): BEGIN","timestamp":"2026-08-12T09:30:00.593Z"}
{"level":"debug","message":"prisma query (54ms): DEALLOCATE ALL","timestamp":"2026-08-12T09:30:00.593Z"}
{"level":"debug","message":"prisma query (88ms): DEALLOCATE ALL","timestamp":"2026-08-12T09:30:00.682Z"}
{"level":"debug","message":"prisma query (187ms): SELECT \"public\".\"jobs\".\"id\", \"public\".\"jobs\".\"type\"::text, \"public\".\"jobs\".\"status\"::text, \"public\".\"jobs\".\"payload\", \"public\".\"jobs\".\"result\", \"public\".\"jobs\".\"error\", \"public\".\"jobs\".\"attempts\", \"public\".\"jobs\".\"maxAttempts\", \"public\".\"jobs\".\"nextAttemptAt\", \"public\".\"jobs\".\"createdById\", \"public\".\"jobs\".\"createdAt\", \"public\".\"jobs\".\"updatedAt\", \"public\".\"jobs\".\"completedAt\" FROM \"public\".\"jobs\" WHERE (\"public\".\"jobs\".\"type\" = CAST($1::text AS \"public\".\"JobType\") AND \"public\".\"jobs\".\"status\" = CAST($2::text AS \"public\".\"JobStatus\") AND \"public\".\"jobs\".\"nextAttemptAt\" <= $3) ORDER BY \"public\".\"jobs\".\"createdAt\" ASC LIMIT $4 OFFSET $5","timestamp":"2026-08-12T09:30:00.781Z"}
{"level":"debug","message":"prisma query (137ms): SELECT \"public\".\"jobs\".\"id\", \"public\".\"jobs\".\"type\"::text, \"public\".\"jobs\".\"status\"::text, \"public\".\"jobs\".\"payload\", \"public\".\"jobs\".\"result\", \"public\".\"jobs\".\"error\", \"public\".\"jobs\".\"attempts\", \"public\".\"jobs\".\"maxAttempts\", \"public\".\"jobs\".\"nextAttemptAt\", \"public\".\"jobs\".\"createdById\", \"public\".\"jobs\".\"createdAt\", \"public\".\"jobs\".\"updatedAt\", \"public\".\"jobs\".\"completedAt\" FROM \"public\".\"jobs\" WHERE (\"public\".\"jobs\".\"type\" = CAST($1::text AS \"public\".\"JobType\") AND \"public\".\"jobs\".\"status\" = CAST($2::text AS \"public\".\"JobStatus\") AND \"public\".\"jobs\".\"nextAttemptAt\" <= $3) ORDER BY \"public\".\"jobs\".\"createdAt\" ASC LIMIT $4 OFFSET $5","timestamp":"2026-08-12T09:30:00.820Z"}
{"level":"debug","message":"prisma query (43ms): COMMIT","timestamp":"2026-08-12T09:30:00.825Z"}
{"level":"debug","message":"prisma query (282ms): COMMIT","timestamp":"2026-08-12T09:30:01.103Z"}
{"level":"debug","message":"prisma query (65ms): BEGIN","timestamp":"2026-08-12T09:30:02.558Z"}
{"level":"debug","message":"prisma query (82ms): BEGIN","timestamp":"2026-08-12T09:30:02.622Z"}
{"level":"debug","message":"prisma query (66ms): DEALLOCATE ALL","timestamp":"2026-08-12T09:30:02.624Z"}
{"level":"debug","message":"prisma query (36ms): DEALLOCATE ALL","timestamp":"2026-08-12T09:30:02.658Z"}
{"level":"debug","message":"prisma query (91ms): SELECT \"public\".\"jobs\".\"id\", \"public\".\"jobs\".\"type\"::text, \"public\".\"jobs\".\"status\"::text, \"public\".\"jobs\".\"payload\", \"public\".\"jobs\".\"result\", \"public\".\"jobs\".\"error\", \"public\".\"jobs\".\"attempts\", \"public\".\"jobs\".\"maxAttempts\", \"public\".\"jobs\".\"nextAttemptAt\", \"public\".\"jobs\".\"createdById\", \"public\".\"jobs\".\"createdAt\", \"public\".\"jobs\".\"updatedAt\", \"public\".\"jobs\".\"completedAt\" FROM \"public\".\"jobs\" WHERE (\"public\".\"jobs\".\"type\" = CAST($1::text AS \"public\".\"JobType\") AND \"public\".\"jobs\".\"status\" = CAST($2::text AS \"public\".\"JobStatus\") AND \"public\".\"jobs\".\"nextAttemptAt\" <= $3) ORDER BY \"public\".\"jobs\".\"createdAt\" ASC LIMIT $4 OFFSET $5","timestamp":"2026-08-12T09:30:02.716Z"}
{"level":"debug","message":"prisma query (132ms): SELECT \"public\".\"jobs\".\"id\", \"public\".\"jobs\".\"type\"::text, \"public\".\"jobs\".\"status\"::text, \"public\".\"jobs\".\"payload\", \"public\".\"jobs\".\"result\", \"public\".\"jobs\".\"error\", \"public\".\"jobs\".\"attempts\", \"public\".\"jobs\".\"maxAttempts\", \"public\".\"jobs\".\"nextAttemptAt\", \"public\".\"jobs\".\"createdById\", \"public\".\"jobs\".\"createdAt\", \"public\".\"jobs\".\"updatedAt\", \"public\".\"jobs\".\"completedAt\" FROM \"public\".\"jobs\" WHERE (\"public\".\"jobs\".\"type\" = CAST($1::text AS \"public\".\"JobType\") AND \"public\".\"jobs\".\"status\" = CAST($2::text AS \"public\".\"JobStatus\") AND \"public\".\"jobs\".\"nextAttemptAt\" <= $3) ORDER BY \"public\".\"jobs\".\"createdAt\" ASC LIMIT $4 OFFSET $5","timestamp":"2026-08-12T09:30:02.791Z"}
{"level":"debug","message":"prisma query (79ms): COMMIT","timestamp":"2026-08-12T09:30:02.796Z"}
{"level":"debug","message":"prisma query (77ms): COMMIT","timestamp":"2026-08-12T09:30:02.869Z"}
{"level":"debug","message":"prisma query (49ms): BEGIN","timestamp":"2026-08-12T09:30:04.554Z"}
{"level":"debug","message":"prisma query (355ms): DEALLOCATE ALL","timestamp":"2026-08-12T09:30:04.910Z"}
{"level":"debug","message":"prisma query (357ms): BEGIN","timestamp":"2026-08-12T09:30:04.911Z"}
{"level":"debug","message":"prisma query (207ms): DEALLOCATE ALL","timestamp":"2026-08-12T09:30:05.118Z"}
{"level":"debug","message":"prisma query (300ms): SELECT \"public\".\"jobs\".\"id\", \"public\".\"jobs\".\"type\"::text, \"public\".\"jobs\".\"status\"::text, \"public\".\"jobs\".\"payload\", \"public\".\"jobs\".\"result\", \"public\".\"jobs\".\"error\", \"public\".\"jobs\".\"attempts\", \"public\".\"jobs\".\"maxAttempts\", \"public\".\"jobs\".\"nextAttemptAt\", \"public\".\"jobs\".\"createdById\", \"public\".\"jobs\".\"createdAt\", \"public\".\"jobs\".\"updatedAt\", \"public\".\"jobs\".\"completedAt\" FROM \"public\".\"jobs\" WHERE (\"public\".\"jobs\".\"type\" = CAST($1::text AS \"public\".\"JobType\") AND \"public\".\"jobs\".\"status\" = CAST($2::text AS \"public\".\"JobStatus\") AND \"public\".\"jobs\".\"nextAttemptAt\" <= $3) ORDER BY \"public\".\"jobs\".\"createdAt\" ASC LIMIT $4 OFFSET $5","timestamp":"2026-08-12T09:30:05.212Z"}
{"level":"debug","message":"prisma query (62ms): COMMIT","timestamp":"2026-08-12T09:30:05.275Z"}
{"level":"debug","message":"prisma query (156ms): SELECT \"public\".\"jobs\".\"id\", \"public\".\"jobs\".\"type\"::text, \"public\".\"jobs\".\"status\"::text, \"public\".\"jobs\".\"payload\", \"public\".\"jobs\".\"result\", \"public\".\"jobs\".\"error\", \"public\".\"jobs\".\"attempts\", \"public\".\"jobs\".\"maxAttempts\", \"public\".\"jobs\".\"nextAttemptAt\", \"public\".\"jobs\".\"createdById\", \"public\".\"jobs\".\"createdAt\", \"public\".\"jobs\".\"updatedAt\", \"public\".\"jobs\".\"completedAt\" FROM \"public\".\"jobs\" WHERE (\"public\".\"jobs\".\"type\" = CAST($1::text AS \"public\".\"JobType\") AND \"public\".\"jobs\".\"status\" = CAST($2::text AS \"public\".\"JobStatus\") AND \"public\".\"jobs\".\"nextAttemptAt\" <= $3) ORDER BY \"public\".\"jobs\".\"createdAt\" ASC LIMIT $4 OFFSET $5","timestamp":"2026-08-12T09:30:05.276Z"}
{"level":"debug","message":"prisma query (77ms): COMMIT","timestamp":"2026-08-12T09:30:05.353Z"}
{"level":"debug","message":"prisma query (274ms): BEGIN","timestamp":"2026-08-12T09:30:06.796Z"}
{"level":"debug","message":"prisma query (226ms): BEGIN","timestamp":"2026-08-12T09:30:06.798Z"}
{"level":"debug","message":"prisma query (71ms): DEALLOCATE ALL","timestamp":"2026-08-12T09:30:06.869Z"}
{"level":"debug","message":"prisma query (71ms): DEALLOCATE ALL","timestamp":"2026-08-12T09:30:06.869Z"}
{"level":"debug","message":"prisma query (170ms): SELECT \"public\".\"jobs\".\"id\", \"public\".\"jobs\".\"type\"::text, \"public\".\"jobs\".\"status\"::text, \"public\".\"jobs\".\"payload\", \"public\".\"jobs\".\"result\", \"public\".\"jobs\".\"error\", \"public\".\"jobs\".\"attempts\", \"public\".\"jobs\".\"maxAttempts\", \"public\".\"jobs\".\"nextAttemptAt\", \"public\".\"jobs\".\"createdById\", \"public\".\"jobs\".\"createdAt\", \"public\".\"jobs\".\"updatedAt\", \"public\".\"jobs\".\"completedAt\" FROM \"public\".\"jobs\" WHERE (\"public\".\"jobs\".\"type\" = CAST($1::text AS \"public\".\"JobType\") AND \"public\".\"jobs\".\"status\" = CAST($2::text AS \"public\".\"JobStatus\") AND \"public\".\"jobs\".\"nextAttemptAt\" <= $3) ORDER BY \"public\".\"jobs\".\"createdAt\" ASC LIMIT $4 OFFSET $5","timestamp":"2026-08-12T09:30:07.052Z"}
{"level":"debug","message":"prisma query (170ms): SELECT \"public\".\"jobs\".\"id\", \"public\".\"jobs\".\"type\"::text, \"public\".\"jobs\".\"status\"::text, \"public\".\"jobs\".\"payload\", \"public\".\"jobs\".\"result\", \"public\".\"jobs\".\"error\", \"public\".\"jobs\".\"attempts\", \"public\".\"jobs\".\"maxAttempts\", \"public\".\"jobs\".\"nextAttemptAt\", \"public\".\"jobs\".\"createdById\", \"public\".\"jobs\".\"createdAt\", \"public\".\"jobs\".\"updatedAt\", \"public\".\"jobs\".\"completedAt\" FROM \"public\".\"jobs\" WHERE (\"public\".\"jobs\".\"type\" = CAST($1::text AS \"public\".\"JobType\") AND \"public\".\"jobs\".\"status\" = CAST($2::text AS \"public\".\"JobStatus\") AND \"public\".\"jobs\".\"nextAttemptAt\" <= $3) ORDER BY \"public\".\"jobs\".\"createdAt\" ASC LIMIT $4 OFFSET $5","timestamp":"2026-08-12T09:30:07.054Z"}
{"level":"debug","message":"prisma query (96ms): COMMIT","timestamp":"2026-08-12T09:30:07.145Z"}
{"level":"debug","message":"prisma query (97ms): COMMIT","timestamp":"2026-08-12T09:30:07.146Z"}
{"level":"debug","message":"prisma query (37ms): BEGIN","timestamp":"2026-08-12T09:30:08.570Z"}
{"level":"debug","message":"prisma query (50ms): DEALLOCATE ALL","timestamp":"2026-08-12T09:30:08.619Z"}
{"level":"debug","message":"prisma query (61ms): BEGIN","timestamp":"2026-08-12T09:30:08.633Z"}
{"level":"debug","message":"prisma query (62ms): DEALLOCATE ALL","timestamp":"2026-08-12T09:30:08.699Z"}
{"level":"debug","message":"prisma query (133ms): SELECT \"public\".\"jobs\".\"id\", \"public\".\"jobs\".\"type\"::text, \"public\".\"jobs\".\"status\"::text, \"public\".\"jobs\".\"payload\", \"public\".\"jobs\".\"result\", \"public\".\"jobs\".\"error\", \"public\".\"jobs\".\"attempts\", \"public\".\"jobs\".\"maxAttempts\", \"public\".\"jobs\".\"nextAttemptAt\", \"public\".\"jobs\".\"createdById\", \"public\".\"jobs\".\"createdAt\", \"public\".\"jobs\".\"updatedAt\", \"public\".\"jobs\".\"completedAt\" FROM \"public\".\"jobs\" WHERE (\"public\".\"jobs\".\"type\" = CAST($1::text AS \"public\".\"JobType\") AND \"public\".\"jobs\".\"status\" = CAST($2::text AS \"public\".\"JobStatus\") AND \"public\".\"jobs\".\"nextAttemptAt\" <= $3) ORDER BY \"public\".\"jobs\".\"createdAt\" ASC LIMIT $4 OFFSET $5","timestamp":"2026-08-12T09:30:08.761Z"}
{"level":"debug","message":"prisma query (68ms): COMMIT","timestamp":"2026-08-12T09:30:08.823Z"}
{"level":"debug","message":"prisma query (126ms): SELECT \"public\".\"jobs\".\"id\", \"public\".\"jobs\".\"type\"::text, \"public\".\"jobs\".\"status\"::text, \"public\".\"jobs\".\"payload\", \"public\".\"jobs\".\"result\", \"public\".\"jobs\".\"error\", \"public\".\"jobs\".\"attempts\", \"public\".\"jobs\".\"maxAttempts\", \"public\".\"jobs\".\"nextAttemptAt\", \"public\".\"jobs\".\"createdById\", \"public\".\"jobs\".\"createdAt\", \"public\".\"jobs\".\"updatedAt\", \"public\".\"jobs\".\"completedAt\" FROM \"public\".\"jobs\" WHERE (\"public\".\"jobs\".\"type\" = CAST($1::text AS \"public\".\"JobType\") AND \"public\".\"jobs\".\"status\" = CAST($2::text AS \"public\".\"JobStatus\") AND \"public\".\"jobs\".\"nextAttemptAt\" <= $3) ORDER BY \"public\".\"jobs\".\"createdAt\" ASC LIMIT $4 OFFSET $5","timestamp":"2026-08-12T09:30:08.824Z"}
{"level":"debug","message":"prisma query (60ms): COMMIT","timestamp":"2026-08-12T09:30:08.884Z"}
{"level":"debug","message":"prisma query (95ms): BEGIN","timestamp":"2026-08-12T09:30:10.761Z"}
{"level":"debug","message":"prisma query (62ms): DEALLOCATE ALL","timestamp":"2026-08-12T09:30:10.762Z"}
{"level":"debug","message":"prisma query (72ms): BEGIN","timestamp":"2026-08-12T09:30:10.824Z"}
{"level":"debug","message":"prisma query (133ms): SELECT \"public\".\"jobs\".\"id\", \"public\".\"jobs\".\"type\"::text, \"public\".\"jobs\".\"status\"::text, \"public\".\"jobs\".\"payload\", \"public\".\"jobs\".\"result\", \"public\".\"jobs\".\"error\", \"public\".\"jobs\".\"attempts\", \"public\".\"jobs\".\"maxAttempts\", \"public\".\"jobs\".\"nextAttemptAt\", \"public\".\"jobs\".\"createdById\", \"public\".\"jobs\".\"createdAt\", \"public\".\"jobs\".\"updatedAt\", \"public\".\"jobs\".\"completedAt\" FROM \"public\".\"jobs\" WHERE (\"public\".\"jobs\".\"type\" = CAST($1::text AS \"public\".\"JobType\") AND \"public\".\"jobs\".\"status\" = CAST($2::text AS \"public\".\"JobStatus\") AND \"public\".\"jobs\".\"nextAttemptAt\" <= $3) ORDER BY \"public\".\"jobs\".\"createdAt\" ASC LIMIT $4 OFFSET $5","timestamp":"2026-08-12T09:30:10.831Z"}
{"level":"debug","message":"prisma query (53ms): DEALLOCATE ALL","timestamp":"2026-08-12T09:30:10.877Z"}
{"level":"debug","message":"prisma query (46ms): COMMIT","timestamp":"2026-08-12T09:30:10.878Z"}
{"level":"debug","message":"prisma query (141ms): SELECT \"public\".\"jobs\".\"id\", \"public\".\"jobs\".\"type\"::text, \"public\".\"jobs\".\"status\"::text, \"public\".\"jobs\".\"payload\", \"public\".\"jobs\".\"result\", \"public\".\"jobs\".\"error\", \"public\".\"jobs\".\"attempts\", \"public\".\"jobs\".\"maxAttempts\", \"public\".\"jobs\".\"nextAttemptAt\", \"public\".\"jobs\".\"createdById\", \"public\".\"jobs\".\"createdAt\", \"public\".\"jobs\".\"updatedAt\", \"public\".\"jobs\".\"completedAt\" FROM \"public\".\"jobs\" WHERE (\"public\".\"jobs\".\"type\" = CAST($1::text AS \"public\".\"JobType\") AND \"public\".\"jobs\".\"status\" = CAST($2::text AS \"public\".\"JobStatus\") AND \"public\".\"jobs\".\"nextAttemptAt\" <= $3) ORDER BY \"public\".\"jobs\".\"createdAt\" ASC LIMIT $4 OFFSET $5","timestamp":"2026-08-12T09:30:11.019Z"}
{"level":"debug","message":"prisma query (49ms): COMMIT","timestamp":"2026-08-12T09:30:11.069Z"}
{"level":"debug","message":"prisma query (72ms): BEGIN","timestamp":"2026-08-12T09:30:12.623Z"}
{"level":"debug","message":"prisma query (46ms): DEALLOCATE ALL","timestamp":"2026-08-12T09:30:12.670Z"}
{"level":"debug","message":"prisma query (76ms): SELECT 1","timestamp":"2026-08-12T09:30:12.671Z"}
{"level":"debug","message":"prisma query (81ms): BEGIN","timestamp":"2026-08-12T09:30:12.754Z"}
{"level":"debug","message":"prisma query (138ms): SELECT \"public\".\"jobs\".\"id\", \"public\".\"jobs\".\"type\"::text, \"public\".\"jobs\".\"status\"::text, \"public\".\"jobs\".\"payload\", \"public\".\"jobs\".\"result\", \"public\".\"jobs\".\"error\", \"public\".\"jobs\".\"attempts\", \"public\".\"jobs\".\"maxAttempts\", \"public\".\"jobs\".\"nextAttemptAt\", \"public\".\"jobs\".\"createdById\", \"public\".\"jobs\".\"createdAt\", \"public\".\"jobs\".\"updatedAt\", \"public\".\"jobs\".\"completedAt\" FROM \"public\".\"jobs\" WHERE (\"public\".\"jobs\".\"type\" = CAST($1::text AS \"public\".\"JobType\") AND \"public\".\"jobs\".\"status\" = CAST($2::text AS \"public\".\"JobStatus\") AND \"public\".\"jobs\".\"nextAttemptAt\" <= $3) ORDER BY \"public\".\"jobs\".\"createdAt\" ASC LIMIT $4 OFFSET $5","timestamp":"2026-08-12T09:30:12.809Z"}
{"level":"debug","message":"prisma query (80ms): DEALLOCATE ALL","timestamp":"2026-08-12T09:30:12.836Z"}
{"level":"debug","message":"prisma query (55ms): COMMIT","timestamp":"2026-08-12T09:30:12.865Z"}
{"level":"debug","message":"prisma query (109ms): SELECT \"public\".\"jobs\".\"id\", \"public\".\"jobs\".\"type\"::text, \"public\".\"jobs\".\"status\"::text, \"public\".\"jobs\".\"payload\", \"public\".\"jobs\".\"result\", \"public\".\"jobs\".\"error\", \"public\".\"jobs\".\"attempts\", \"public\".\"jobs\".\"maxAttempts\", \"public\".\"jobs\".\"nextAttemptAt\", \"public\".\"jobs\".\"createdById\", \"public\".\"jobs\".\"createdAt\", \"public\".\"jobs\".\"updatedAt\", \"public\".\"jobs\".\"completedAt\" FROM \"public\".\"jobs\" WHERE (\"public\".\"jobs\".\"type\" = CAST($1::text AS \"public\".\"JobType\") AND \"public\".\"jobs\".\"status\" = CAST($2::text AS \"public\".\"JobStatus\") AND \"public\".\"jobs\".\"nextAttemptAt\" <= $3) ORDER BY \"public\".\"jobs\".\"createdAt\" ASC LIMIT $4 OFFSET $5","timestamp":"2026-08-12T09:30:12.945Z"}
{"level":"debug","message":"prisma query (54ms): COMMIT","timestamp":"2026-08-12T09:30:13.000Z"}
{"level":"debug","message":"prisma query (61ms): BEGIN","timestamp":"2026-08-12T09:30:14.621Z"}
{"level":"debug","message":"prisma query (53ms): SELECT 1","timestamp":"2026-08-12T09:30:14.660Z"}
{"level":"debug","message":"prisma query (47ms): DEALLOCATE ALL","timestamp":"2026-08-12T09:30:14.669Z"}
{"level":"debug","message":"prisma query (48ms): BEGIN","timestamp":"2026-08-12T09:30:14.709Z"}
{"level":"debug","message":"prisma query (83ms): DEALLOCATE ALL","timestamp":"2026-08-12T09:30:14.793Z"}
{"level":"debug","message":"prisma query (124ms): SELECT \"public\".\"jobs\".\"id\", \"public\".\"jobs\".\"type\"::text, \"public\".\"jobs\".\"status\"::text, \"public\".\"jobs\".\"payload\", \"public\".\"jobs\".\"result\", \"public\".\"jobs\".\"error\", \"public\".\"jobs\".\"attempts\", \"public\".\"jobs\".\"maxAttempts\", \"public\".\"jobs\".\"nextAttemptAt\", \"public\".\"jobs\".\"createdById\", \"public\".\"jobs\".\"createdAt\", \"public\".\"jobs\".\"updatedAt\", \"public\".\"jobs\".\"completedAt\" FROM \"public\".\"jobs\" WHERE (\"public\".\"jobs\".\"type\" = CAST($1::text AS \"public\".\"JobType\") AND \"public\".\"jobs\".\"status\" = CAST($2::text AS \"public\".\"JobStatus\") AND \"public\".\"jobs\".\"nextAttemptAt\" <= $3) ORDER BY \"public\".\"jobs\".\"createdAt\" ASC LIMIT $4 OFFSET $5","timestamp":"2026-08-12T09:30:14.794Z"}
{"level":"debug","message":"prisma query (80ms): COMMIT","timestamp":"2026-08-12T09:30:14.874Z"}
{"level":"debug","message":"prisma query (171ms): SELECT \"public\".\"jobs\".\"id\", \"public\".\"jobs\".\"type\"::text, \"public\".\"jobs\".\"status\"::text, \"public\".\"jobs\".\"payload\", \"public\".\"jobs\".\"result\", \"public\".\"jobs\".\"error\", \"public\".\"jobs\".\"attempts\", \"public\".\"jobs\".\"maxAttempts\", \"public\".\"jobs\".\"nextAttemptAt\", \"public\".\"jobs\".\"createdById\", \"public\".\"jobs\".\"createdAt\", \"public\".\"jobs\".\"updatedAt\", \"public\".\"jobs\".\"completedAt\" FROM \"public\".\"jobs\" WHERE (\"public\".\"jobs\".\"type\" = CAST($1::text AS \"public\".\"JobType\") AND \"public\".\"jobs\".\"status\" = CAST($2::text AS \"public\".\"JobStatus\") AND \"public\".\"jobs\".\"nextAttemptAt\" <= $3) ORDER BY \"public\".\"jobs\".\"createdAt\" ASC LIMIT $4 OFFSET $5","timestamp":"2026-08-12T09:30:14.965Z"}
{"level":"debug","message":"prisma query (58ms): COMMIT","timestamp":"2026-08-12T09:30:15.023Z"}
{"level":"debug","message":"prisma query (72ms): BEGIN","timestamp":"2026-08-12T09:30:16.634Z"}
{"level":"debug","message":"prisma query (71ms): BEGIN","timestamp":"2026-08-12T09:30:16.683Z"}
{"level":"debug","message":"prisma query (59ms): DEALLOCATE ALL","timestamp":"2026-08-12T09:30:16.694Z"}
{"level":"debug","message":"prisma query (53ms): DEALLOCATE ALL","timestamp":"2026-08-12T09:30:16.737Z"}
{"level":"debug","message":"prisma query (84ms): SELECT \"public\".\"jobs\".\"id\", \"public\".\"jobs\".\"type\"::text, \"public\".\"jobs\".\"status\"::text, \"public\".\"jobs\".\"payload\", \"public\".\"jobs\".\"result\", \"public\".\"jobs\".\"error\", \"public\".\"jobs\".\"attempts\", \"public\".\"jobs\".\"maxAttempts\", \"public\".\"jobs\".\"nextAttemptAt\", \"public\".\"jobs\".\"createdById\", \"public\".\"jobs\".\"createdAt\", \"public\".\"jobs\".\"updatedAt\", \"public\".\"jobs\".\"completedAt\" FROM \"public\".\"jobs\" WHERE (\"public\".\"jobs\".\"type\" = CAST($1::text AS \"public\".\"JobType\") AND \"public\".\"jobs\".\"status\" = CAST($2::text AS \"public\".\"JobStatus\") AND \"public\".\"jobs\".\"nextAttemptAt\" <= $3) ORDER BY \"public\".\"jobs\".\"createdAt\" ASC LIMIT $4 OFFSET $5","timestamp":"2026-08-12T09:30:16.780Z"}
{"level":"debug","message":"prisma query (46ms): COMMIT","timestamp":"2026-08-12T09:30:16.826Z"}
{"level":"debug","message":"prisma query (121ms): SELECT \"public\".\"jobs\".\"id\", \"public\".\"jobs\".\"type\"::text, \"public\".\"jobs\".\"status\"::text, \"public\".\"jobs\".\"payload\", \"public\".\"jobs\".\"result\", \"public\".\"jobs\".\"error\", \"public\".\"jobs\".\"attempts\", \"public\".\"jobs\".\"maxAttempts\", \"public\".\"jobs\".\"nextAttemptAt\", \"public\".\"jobs\".\"createdById\", \"public\".\"jobs\".\"createdAt\", \"public\".\"jobs\".\"updatedAt\", \"public\".\"jobs\".\"completedAt\" FROM \"public\".\"jobs\" WHERE (\"public\".\"jobs\".\"type\" = CAST($1::text AS \"public\".\"JobType\") AND \"public\".\"jobs\".\"status\" = CAST($2::text AS \"public\".\"JobStatus\") AND \"public\".\"jobs\".\"nextAttemptAt\" <= $3) ORDER BY \"public\".\"jobs\".\"createdAt\" ASC LIMIT $4 OFFSET $5","timestamp":"2026-08-12T09:30:16.858Z"}
{"level":"debug","message":"prisma query (40ms): COMMIT","timestamp":"2026-08-12T09:30:16.899Z"}
{"level":"debug","message":"prisma query (51ms): BEGIN","timestamp":"2026-08-12T09:30:18.625Z"}
{"level":"debug","message":"prisma query (76ms): BEGIN","timestamp":"2026-08-12T09:30:18.694Z"}
{"level":"debug","message":"prisma query (69ms): DEALLOCATE ALL","timestamp":"2026-08-12T09:30:18.695Z"}
{"level":"debug","message":"prisma query (77ms): DEALLOCATE ALL","timestamp":"2026-08-12T09:30:18.772Z"}
{"level":"debug","message":"prisma query (154ms): SELECT \"public\".\"jobs\".\"id\", \"public\".\"jobs\".\"type\"::text, \"public\".\"jobs\".\"status\"::text, \"public\".\"jobs\".\"payload\", \"public\".\"jobs\".\"result\", \"public\".\"jobs\".\"error\", \"public\".\"jobs\".\"attempts\", \"public\".\"jobs\".\"maxAttempts\", \"public\".\"jobs\".\"nextAttemptAt\", \"public\".\"jobs\".\"createdById\", \"public\".\"jobs\".\"createdAt\", \"public\".\"jobs\".\"updatedAt\", \"public\".\"jobs\".\"completedAt\" FROM \"public\".\"jobs\" WHERE (\"public\".\"jobs\".\"type\" = CAST($1::text AS \"public\".\"JobType\") AND \"public\".\"jobs\".\"status\" = CAST($2::text AS \"public\".\"JobStatus\") AND \"public\".\"jobs\".\"nextAttemptAt\" <= $3) ORDER BY \"public\".\"jobs\".\"createdAt\" ASC LIMIT $4 OFFSET $5","timestamp":"2026-08-12T09:30:18.849Z"}
{"level":"debug","message":"prisma query (81ms): COMMIT","timestamp":"2026-08-12T09:30:18.932Z"}
{"level":"debug","message":"prisma query (159ms): SELECT \"public\".\"jobs\".\"id\", \"public\".\"jobs\".\"type\"::text, \"public\".\"jobs\".\"status\"::text, \"public\".\"jobs\".\"payload\", \"public\".\"jobs\".\"result\", \"public\".\"jobs\".\"error\", \"public\".\"jobs\".\"attempts\", \"public\".\"jobs\".\"maxAttempts\", \"public\".\"jobs\".\"nextAttemptAt\", \"public\".\"jobs\".\"createdById\", \"public\".\"jobs\".\"createdAt\", \"public\".\"jobs\".\"updatedAt\", \"public\".\"jobs\".\"completedAt\" FROM \"public\".\"jobs\" WHERE (\"public\".\"jobs\".\"type\" = CAST($1::text AS \"public\".\"JobType\") AND \"public\".\"jobs\".\"status\" = CAST($2::text AS \"public\".\"JobStatus\") AND \"public\".\"jobs\".\"nextAttemptAt\" <= $3) ORDER BY \"public\".\"jobs\".\"createdAt\" ASC LIMIT $4 OFFSET $5","timestamp":"2026-08-12T09:30:18.934Z"}
{"level":"debug","message":"prisma query (150ms): COMMIT","timestamp":"2026-08-12T09:30:19.083Z"}
{"level":"debug","message":"prisma query (100ms): BEGIN","timestamp":"2026-08-12T09:30:20.673Z"}
{"level":"debug","message":"prisma query (53ms): BEGIN","timestamp":"2026-08-12T09:30:20.674Z"}
{"level":"debug","message":"prisma query (78ms): DEALLOCATE ALL","timestamp":"2026-08-12T09:30:20.751Z"}
{"level":"debug","message":"prisma query (82ms): DEALLOCATE ALL","timestamp":"2026-08-12T09:30:20.756Z"}
{"level":"debug","message":"prisma query (131ms): SELECT \"public\".\"jobs\".\"id\", \"public\".\"jobs\".\"type\"::text, \"public\".\"jobs\".\"status\"::text, \"public\".\"jobs\".\"payload\", \"public\".\"jobs\".\"result\", \"public\".\"jobs\".\"error\", \"public\".\"jobs\".\"attempts\", \"public\".\"jobs\".\"maxAttempts\", \"public\".\"jobs\".\"nextAttemptAt\", \"public\".\"jobs\".\"createdById\", \"public\".\"jobs\".\"createdAt\", \"public\".\"jobs\".\"updatedAt\", \"public\".\"jobs\".\"completedAt\" FROM \"public\".\"jobs\" WHERE (\"public\".\"jobs\".\"type\" = CAST($1::text AS \"public\".\"JobType\") AND \"public\".\"jobs\".\"status\" = CAST($2::text AS \"public\".\"JobStatus\") AND \"public\".\"jobs\".\"nextAttemptAt\" <= $3) ORDER BY \"public\".\"jobs\".\"createdAt\" ASC LIMIT $4 OFFSET $5","timestamp":"2026-08-12T09:30:20.884Z"}
{"level":"debug","message":"prisma query (136ms): SELECT \"public\".\"jobs\".\"id\", \"public\".\"jobs\".\"type\"::text, \"public\".\"jobs\".\"status\"::text, \"public\".\"jobs\".\"payload\", \"public\".\"jobs\".\"result\", \"public\".\"jobs\".\"error\", \"public\".\"jobs\".\"attempts\", \"public\".\"jobs\".\"maxAttempts\", \"public\".\"jobs\".\"nextAttemptAt\", \"public\".\"jobs\".\"createdById\", \"public\".\"jobs\".\"createdAt\", \"public\".\"jobs\".\"updatedAt\", \"public\".\"jobs\".\"completedAt\" FROM \"public\".\"jobs\" WHERE (\"public\".\"jobs\".\"type\" = CAST($1::text AS \"public\".\"JobType\") AND \"public\".\"jobs\".\"status\" = CAST($2::text AS \"public\".\"JobStatus\") AND \"public\".\"jobs\".\"nextAttemptAt\" <= $3) ORDER BY \"public\".\"jobs\".\"createdAt\" ASC LIMIT $4 OFFSET $5","timestamp":"2026-08-12T09:30:20.893Z"}
{"level":"debug","message":"prisma query (44ms): COMMIT","timestamp":"2026-08-12T09:30:20.929Z"}
{"level":"debug","message":"prisma query (54ms): COMMIT","timestamp":"2026-08-12T09:30:20.948Z"}
{"level":"debug","message":"prisma query (69ms): BEGIN","timestamp":"2026-08-12T09:30:22.703Z"}
{"level":"debug","message":"prisma query (52ms): DEALLOCATE ALL","timestamp":"2026-08-12T09:30:22.755Z"}
{"level":"debug","message":"prisma query (147ms): SELECT \"public\".\"jobs\".\"id\", \"public\".\"jobs\".\"type\"::text, \"public\".\"jobs\".\"status\"::text, \"public\".\"jobs\".\"payload\", \"public\".\"jobs\".\"result\", \"public\".\"jobs\".\"error\", \"public\".\"jobs\".\"attempts\", \"public\".\"jobs\".\"maxAttempts\", \"public\".\"jobs\".\"nextAttemptAt\", \"public\".\"jobs\".\"createdById\", \"public\".\"jobs\".\"createdAt\", \"public\".\"jobs\".\"updatedAt\", \"public\".\"jobs\".\"completedAt\" FROM \"public\".\"jobs\" WHERE (\"public\".\"jobs\".\"type\" = CAST($1::text AS \"public\".\"JobType\") AND \"public\".\"jobs\".\"status\" = CAST($2::text AS \"public\".\"JobStatus\") AND \"public\".\"jobs\".\"nextAttemptAt\" <= $3) ORDER BY \"public\".\"jobs\".\"createdAt\" ASC LIMIT $4 OFFSET $5","timestamp":"2026-08-12T09:30:22.903Z"}
{"level":"debug","message":"prisma query (39ms): COMMIT","timestamp":"2026-08-12T09:30:22.943Z"}
{"level":"debug","message":"prisma query (42ms): BEGIN","timestamp":"2026-08-12T09:30:23.146Z"}
{"level":"debug","message":"prisma query (46ms): DEALLOCATE ALL","timestamp":"2026-08-12T09:30:23.193Z"}
{"level":"debug","message":"prisma query (130ms): SELECT \"public\".\"jobs\".\"id\", \"public\".\"jobs\".\"type\"::text, \"public\".\"jobs\".\"status\"::text, \"public\".\"jobs\".\"payload\", \"public\".\"jobs\".\"result\", \"public\".\"jobs\".\"error\", \"public\".\"jobs\".\"attempts\", \"public\".\"jobs\".\"maxAttempts\", \"public\".\"jobs\".\"nextAttemptAt\", \"public\".\"jobs\".\"createdById\", \"public\".\"jobs\".\"createdAt\", \"public\".\"jobs\".\"updatedAt\", \"public\".\"jobs\".\"completedAt\" FROM \"public\".\"jobs\" WHERE (\"public\".\"jobs\".\"type\" = CAST($1::text AS \"public\".\"JobType\") AND \"public\".\"jobs\".\"status\" = CAST($2::text AS \"public\".\"JobStatus\") AND \"public\".\"jobs\".\"nextAttemptAt\" <= $3) ORDER BY \"public\".\"jobs\".\"createdAt\" ASC LIMIT $4 OFFSET $5","timestamp":"2026-08-12T09:30:23.324Z"}
{"level":"debug","message":"prisma query (74ms): COMMIT","timestamp":"2026-08-12T09:30:23.399Z"}
{"level":"debug","message":"prisma query (65ms): BEGIN","timestamp":"2026-08-12T09:30:24.660Z"}
{"level":"debug","message":"prisma query (58ms): BEGIN","timestamp":"2026-08-12T09:30:24.700Z"}
{"level":"debug","message":"prisma query (45ms): DEALLOCATE ALL","timestamp":"2026-08-12T09:30:24.706Z"}
{"level":"debug","message":"prisma query (38ms): DEALLOCATE ALL","timestamp":"2026-08-12T09:30:24.739Z"}
{"level":"debug","message":"prisma query (83ms): SELECT \"public\".\"jobs\".\"id\", \"public\".\"jobs\".\"type\"::text, \"public\".\"jobs\".\"status\"::text, \"public\".\"jobs\".\"payload\", \"public\".\"jobs\".\"result\", \"public\".\"jobs\".\"error\", \"public\".\"jobs\".\"attempts\", \"public\".\"jobs\".\"maxAttempts\", \"public\".\"jobs\".\"nextAttemptAt\", \"public\".\"jobs\".\"createdById\", \"public\".\"jobs\".\"createdAt\", \"public\".\"jobs\".\"updatedAt\", \"public\".\"jobs\".\"completedAt\" FROM \"public\".\"jobs\" WHERE (\"public\".\"jobs\".\"type\" = CAST($1::text AS \"public\".\"JobType\") AND \"public\".\"jobs\".\"status\" = CAST($2::text AS \"public\".\"JobStatus\") AND \"public\".\"jobs\".\"nextAttemptAt\" <= $3) ORDER BY \"public\".\"jobs\".\"createdAt\" ASC LIMIT $4 OFFSET $5","timestamp":"2026-08-12T09:30:24.789Z"}
{"level":"debug","message":"prisma query (91ms): SELECT \"public\".\"jobs\".\"id\", \"public\".\"jobs\".\"type\"::text, \"public\".\"jobs\".\"status\"::text, \"public\".\"jobs\".\"payload\", \"public\".\"jobs\".\"result\", \"public\".\"jobs\".\"error\", \"public\".\"jobs\".\"attempts\", \"public\".\"jobs\".\"maxAttempts\", \"public\".\"jobs\".\"nextAttemptAt\", \"public\".\"jobs\".\"createdById\", \"public\".\"jobs\".\"createdAt\", \"public\".\"jobs\".\"updatedAt\", \"public\".\"jobs\".\"completedAt\" FROM \"public\".\"jobs\" WHERE (\"public\".\"jobs\".\"type\" = CAST($1::text AS \"public\".\"JobType\") AND \"public\".\"jobs\".\"status\" = CAST($2::text AS \"public\".\"JobStatus\") AND \"public\".\"jobs\".\"nextAttemptAt\" <= $3) ORDER BY \"public\".\"jobs\".\"createdAt\" ASC LIMIT $4 OFFSET $5","timestamp":"2026-08-12T09:30:24.831Z"}
{"level":"debug","message":"prisma query (42ms): COMMIT","timestamp":"2026-08-12T09:30:24.832Z"}
{"level":"debug","message":"prisma query (82ms): COMMIT","timestamp":"2026-08-12T09:30:24.913Z"}
{"level":"debug","message":"prisma query (124ms): BEGIN","timestamp":"2026-08-12T09:30:26.723Z"}
{"level":"debug","message":"prisma query (79ms): BEGIN","timestamp":"2026-08-12T09:30:26.723Z"}
{"level":"debug","message":"prisma query (712ms): DEALLOCATE ALL","timestamp":"2026-08-12T09:30:27.435Z"}
{"level":"debug","message":"prisma query (713ms): DEALLOCATE ALL","timestamp":"2026-08-12T09:30:27.435Z"}
{"level":"debug","message":"prisma query (116ms): SELECT \"public\".\"jobs\".\"id\", \"public\".\"jobs\".\"type\"::text, \"public\".\"jobs\".\"status\"::text, \"public\".\"jobs\".\"payload\", \"public\".\"jobs\".\"result\", \"public\".\"jobs\".\"error\", \"public\".\"jobs\".\"attempts\", \"public\".\"jobs\".\"maxAttempts\", \"public\".\"jobs\".\"nextAttemptAt\", \"public\".\"jobs\".\"createdById\", \"public\".\"jobs\".\"createdAt\", \"public\".\"jobs\".\"updatedAt\", \"public\".\"jobs\".\"completedAt\" FROM \"public\".\"jobs\" WHERE (\"public\".\"jobs\".\"type\" = CAST($1::text AS \"public\".\"JobType\") AND \"public\".\"jobs\".\"status\" = CAST($2::text AS \"public\".\"JobStatus\") AND \"public\".\"jobs\".\"nextAttemptAt\" <= $3) ORDER BY \"public\".\"jobs\".\"createdAt\" ASC LIMIT $4 OFFSET $5","timestamp":"2026-08-12T09:30:27.552Z"}
{"level":"debug","message":"prisma query (134ms): SELECT \"public\".\"jobs\".\"id\", \"public\".\"jobs\".\"type\"::text, \"public\".\"jobs\".\"status\"::text, \"public\".\"jobs\".\"payload\", \"public\".\"jobs\".\"result\", \"public\".\"jobs\".\"error\", \"public\".\"jobs\".\"attempts\", \"public\".\"jobs\".\"maxAttempts\", \"public\".\"jobs\".\"nextAttemptAt\", \"public\".\"jobs\".\"createdById\", \"public\".\"jobs\".\"createdAt\", \"public\".\"jobs\".\"updatedAt\", \"public\".\"jobs\".\"completedAt\" FROM \"public\".\"jobs\" WHERE (\"public\".\"jobs\".\"type\" = CAST($1::text AS \"public\".\"JobType\") AND \"public\".\"jobs\".\"status\" = CAST($2::text AS \"public\".\"JobStatus\") AND \"public\".\"jobs\".\"nextAttemptAt\" <= $3) ORDER BY \"public\".\"jobs\".\"createdAt\" ASC LIMIT $4 OFFSET $5","timestamp":"2026-08-12T09:30:27.570Z"}
{"level":"debug","message":"prisma query (70ms): COMMIT","timestamp":"2026-08-12T09:30:27.623Z"}
{"level":"debug","message":"prisma query (63ms): COMMIT","timestamp":"2026-08-12T09:30:27.633Z"}
{"level":"debug","message":"prisma query (38ms): BEGIN","timestamp":"2026-08-12T09:30:28.643Z"}
{"level":"debug","message":"prisma query (53ms): BEGIN","timestamp":"2026-08-12T09:30:28.699Z"}
{"level":"debug","message":"prisma query (56ms): DEALLOCATE ALL","timestamp":"2026-08-12T09:30:28.700Z"}
{"level":"debug","message":"prisma query (57ms): DEALLOCATE ALL","timestamp":"2026-08-12T09:30:28.758Z"}
{"level":"debug","message":"prisma query (134ms): SELECT \"public\".\"jobs\".\"id\", \"public\".\"jobs\".\"type\"::text, \"public\".\"jobs\".\"status\"::text, \"public\".\"jobs\".\"payload\", \"public\".\"jobs\".\"result\", \"public\".\"jobs\".\"error\", \"public\".\"jobs\".\"attempts\", \"public\".\"jobs\".\"maxAttempts\", \"public\".\"jobs\".\"nextAttemptAt\", \"public\".\"jobs\".\"createdById\", \"public\".\"jobs\".\"createdAt\", \"public\".\"jobs\".\"updatedAt\", \"public\".\"jobs\".\"completedAt\" FROM \"public\".\"jobs\" WHERE (\"public\".\"jobs\".\"type\" = CAST($1::text AS \"public\".\"JobType\") AND \"public\".\"jobs\".\"status\" = CAST($2::text AS \"public\".\"JobStatus\") AND \"public\".\"jobs\".\"nextAttemptAt\" <= $3) ORDER BY \"public\".\"jobs\".\"createdAt\" ASC LIMIT $4 OFFSET $5","timestamp":"2026-08-12T09:30:28.835Z"}
{"level":"debug","message":"prisma query (126ms): SELECT \"public\".\"jobs\".\"id\", \"public\".\"jobs\".\"type\"::text, \"public\".\"jobs\".\"status\"::text, \"public\".\"jobs\".\"payload\", \"public\".\"jobs\".\"result\", \"public\".\"jobs\".\"error\", \"public\".\"jobs\".\"attempts\", \"public\".\"jobs\".\"maxAttempts\", \"public\".\"jobs\".\"nextAttemptAt\", \"public\".\"jobs\".\"createdById\", \"public\".\"jobs\".\"createdAt\", \"public\".\"jobs\".\"updatedAt\", \"public\".\"jobs\".\"completedAt\" FROM \"public\".\"jobs\" WHERE (\"public\".\"jobs\".\"type\" = CAST($1::text AS \"public\".\"JobType\") AND \"public\".\"jobs\".\"status\" = CAST($2::text AS \"public\".\"JobStatus\") AND \"public\".\"jobs\".\"nextAttemptAt\" <= $3) ORDER BY \"public\".\"jobs\".\"createdAt\" ASC LIMIT $4 OFFSET $5","timestamp":"2026-08-12T09:30:28.885Z"}
{"level":"debug","message":"prisma query (58ms): COMMIT","timestamp":"2026-08-12T09:30:28.893Z"}
{"level":"debug","message":"prisma query (38ms): COMMIT","timestamp":"2026-08-12T09:30:28.924Z"}
{"level":"debug","message":"prisma query (47ms): SELECT 1","timestamp":"2026-08-12T09:30:30.662Z"}
{"level":"debug","message":"prisma query (54ms): BEGIN","timestamp":"2026-08-12T09:30:30.700Z"}
{"level":"debug","message":"prisma query (101ms): BEGIN","timestamp":"2026-08-12T09:30:30.764Z"}
{"level":"debug","message":"prisma query (65ms): DEALLOCATE ALL","timestamp":"2026-08-12T09:30:30.766Z"}
{"level":"debug","message":"prisma query (60ms): DEALLOCATE ALL","timestamp":"2026-08-12T09:30:30.825Z"}
{"level":"debug","message":"prisma query (98ms): SELECT \"public\".\"jobs\".\"id\", \"public\".\"jobs\".\"type\"::text, \"public\".\"jobs\".\"status\"::text, \"public\".\"jobs\".\"payload\", \"public\".\"jobs\".\"result\", \"public\".\"jobs\".\"error\", \"public\".\"jobs\".\"attempts\", \"public\".\"jobs\".\"maxAttempts\", \"public\".\"jobs\".\"nextAttemptAt\", \"public\".\"jobs\".\"createdById\", \"public\".\"jobs\".\"createdAt\", \"public\".\"jobs\".\"updatedAt\", \"public\".\"jobs\".\"completedAt\" FROM \"public\".\"jobs\" WHERE (\"public\".\"jobs\".\"type\" = CAST($1::text AS \"public\".\"JobType\") AND \"public\".\"jobs\".\"status\" = CAST($2::text AS \"public\".\"JobStatus\") AND \"public\".\"jobs\".\"nextAttemptAt\" <= $3) ORDER BY \"public\".\"jobs\".\"createdAt\" ASC LIMIT $4 OFFSET $5","timestamp":"2026-08-12T09:30:30.865Z"}
{"level":"debug","message":"prisma query (83ms): SELECT \"public\".\"jobs\".\"id\", \"public\".\"jobs\".\"type\"::text, \"public\".\"jobs\".\"status\"::text, \"public\".\"jobs\".\"payload\", \"public\".\"jobs\".\"result\", \"public\".\"jobs\".\"error\", \"public\".\"jobs\".\"attempts\", \"public\".\"jobs\".\"maxAttempts\", \"public\".\"jobs\".\"nextAttemptAt\", \"public\".\"jobs\".\"createdById\", \"public\".\"jobs\".\"createdAt\", \"public\".\"jobs\".\"updatedAt\", \"public\".\"jobs\".\"completedAt\" FROM \"public\".\"jobs\" WHERE (\"public\".\"jobs\".\"type\" = CAST($1::text AS \"public\".\"JobType\") AND \"public\".\"jobs\".\"status\" = CAST($2::text AS \"public\".\"JobStatus\") AND \"public\".\"jobs\".\"nextAttemptAt\" <= $3) ORDER BY \"public\".\"jobs\".\"createdAt\" ASC LIMIT $4 OFFSET $5","timestamp":"2026-08-12T09:30:30.910Z"}
{"level":"debug","message":"prisma query (45ms): COMMIT","timestamp":"2026-08-12T09:30:30.911Z"}
{"level":"debug","message":"prisma query (45ms): COMMIT","timestamp":"2026-08-12T09:30:30.956Z"}
{"level":"debug","message":"prisma query (95ms): BEGIN","timestamp":"2026-08-12T09:30:32.712Z"}
{"level":"debug","message":"prisma query (129ms): BEGIN","timestamp":"2026-08-12T09:30:32.777Z"}
{"level":"debug","message":"prisma query (187ms): DEALLOCATE ALL","timestamp":"2026-08-12T09:30:32.900Z"}
{"level":"debug","message":"prisma query (123ms): DEALLOCATE ALL","timestamp":"2026-08-12T09:30:32.901Z"}
{"level":"debug","message":"prisma query (332ms): SELECT \"public\".\"jobs\".\"id\", \"public\".\"jobs\".\"type\"::text, \"public\".\"jobs\".\"status\"::text, \"public\".\"jobs\".\"payload\", \"public\".\"jobs\".\"result\", \"public\".\"jobs\".\"error\", \"public\".\"jobs\".\"attempts\", \"public\".\"jobs\".\"maxAttempts\", \"public\".\"jobs\".\"nextAttemptAt\", \"public\".\"jobs\".\"createdById\", \"public\".\"jobs\".\"createdAt\", \"public\".\"jobs\".\"updatedAt\", \"public\".\"jobs\".\"completedAt\" FROM \"public\".\"jobs\" WHERE (\"public\".\"jobs\".\"type\" = CAST($1::text AS \"public\".\"JobType\") AND \"public\".\"jobs\".\"status\" = CAST($2::text AS \"public\".\"JobStatus\") AND \"public\".\"jobs\".\"nextAttemptAt\" <= $3) ORDER BY \"public\".\"jobs\".\"createdAt\" ASC LIMIT $4 OFFSET $5","timestamp":"2026-08-12T09:30:33.233Z"}
{"level":"debug","message":"prisma query (331ms): SELECT \"public\".\"jobs\".\"id\", \"public\".\"jobs\".\"type\"::text, \"public\".\"jobs\".\"status\"::text, \"public\".\"jobs\".\"payload\", \"public\".\"jobs\".\"result\", \"public\".\"jobs\".\"error\", \"public\".\"jobs\".\"attempts\", \"public\".\"jobs\".\"maxAttempts\", \"public\".\"jobs\".\"nextAttemptAt\", \"public\".\"jobs\".\"createdById\", \"public\".\"jobs\".\"createdAt\", \"public\".\"jobs\".\"updatedAt\", \"public\".\"jobs\".\"completedAt\" FROM \"public\".\"jobs\" WHERE (\"public\".\"jobs\".\"type\" = CAST($1::text AS \"public\".\"JobType\") AND \"public\".\"jobs\".\"status\" = CAST($2::text AS \"public\".\"JobStatus\") AND \"public\".\"jobs\".\"nextAttemptAt\" <= $3) ORDER BY \"public\".\"jobs\".\"createdAt\" ASC LIMIT $4 OFFSET $5","timestamp":"2026-08-12T09:30:33.234Z"}
{"level":"debug","message":"prisma query (75ms): COMMIT","timestamp":"2026-08-12T09:30:33.309Z"}
{"level":"debug","message":"prisma query (80ms): COMMIT","timestamp":"2026-08-12T09:30:33.314Z"}
{"level":"debug","message":"prisma query (290ms): BEGIN","timestamp":"2026-08-12T09:30:34.945Z"}
{"level":"debug","message":"prisma query (321ms): BEGIN","timestamp":"2026-08-12T09:30:34.946Z"}
{"level":"debug","message":"prisma query (40ms): DEALLOCATE ALL","timestamp":"2026-08-12T09:30:34.984Z"}
{"level":"debug","message":"prisma query (40ms): DEALLOCATE ALL","timestamp":"2026-08-12T09:30:34.984Z"}
{"level":"debug","message":"prisma query (125ms): SELECT \"public\".\"jobs\".\"id\", \"public\".\"jobs\".\"type\"::text, \"public\".\"jobs\".\"status\"::text, \"public\".\"jobs\".\"payload\", \"public\".\"jobs\".\"result\", \"public\".\"jobs\".\"error\", \"public\".\"jobs\".\"attempts\", \"public\".\"jobs\".\"maxAttempts\", \"public\".\"jobs\".\"nextAttemptAt\", \"public\".\"jobs\".\"createdById\", \"public\".\"jobs\".\"createdAt\", \"public\".\"jobs\".\"updatedAt\", \"public\".\"jobs\".\"completedAt\" FROM \"public\".\"jobs\" WHERE (\"public\".\"jobs\".\"type\" = CAST($1::text AS \"public\".\"JobType\") AND \"public\".\"jobs\".\"status\" = CAST($2::text AS \"public\".\"JobStatus\") AND \"public\".\"jobs\".\"nextAttemptAt\" <= $3) ORDER BY \"public\".\"jobs\".\"createdAt\" ASC LIMIT $4 OFFSET $5","timestamp":"2026-08-12T09:30:35.109Z"}
{"level":"debug","message":"prisma query (125ms): SELECT \"public\".\"jobs\".\"id\", \"public\".\"jobs\".\"type\"::text, \"public\".\"jobs\".\"status\"::text, \"public\".\"jobs\".\"payload\", \"public\".\"jobs\".\"result\", \"public\".\"jobs\".\"error\", \"public\".\"jobs\".\"attempts\", \"public\".\"jobs\".\"maxAttempts\", \"public\".\"jobs\".\"nextAttemptAt\", \"public\".\"jobs\".\"createdById\", \"public\".\"jobs\".\"createdAt\", \"public\".\"jobs\".\"updatedAt\", \"public\".\"jobs\".\"completedAt\" FROM \"public\".\"jobs\" WHERE (\"public\".\"jobs\".\"type\" = CAST($1::text AS \"public\".\"JobType\") AND \"public\".\"jobs\".\"status\" = CAST($2::text AS \"public\".\"JobStatus\") AND \"public\".\"jobs\".\"nextAttemptAt\" <= $3) ORDER BY \"public\".\"jobs\".\"createdAt\" ASC LIMIT $4 OFFSET $5","timestamp":"2026-08-12T09:30:35.110Z"}
{"level":"debug","message":"prisma query (84ms): COMMIT","timestamp":"2026-08-12T09:30:35.195Z"}
{"level":"debug","message":"prisma query (85ms): COMMIT","timestamp":"2026-08-12T09:30:35.196Z"}
{"level":"debug","message":"prisma query (309ms): BEGIN","timestamp":"2026-08-12T09:30:36.964Z"}
{"level":"debug","message":"prisma query (335ms): BEGIN","timestamp":"2026-08-12T09:30:36.965Z"}
{"level":"debug","message":"prisma query (80ms): DEALLOCATE ALL","timestamp":"2026-08-12T09:30:37.045Z"}
{"level":"debug","message":"prisma query (80ms): DEALLOCATE ALL","timestamp":"2026-08-12T09:30:37.045Z"}
{"level":"debug","message":"prisma query (226ms): SELECT \"public\".\"jobs\".\"id\", \"public\".\"jobs\".\"type\"::text, \"public\".\"jobs\".\"status\"::text, \"public\".\"jobs\".\"payload\", \"public\".\"jobs\".\"result\", \"public\".\"jobs\".\"error\", \"public\".\"jobs\".\"attempts\", \"public\".\"jobs\".\"maxAttempts\", \"public\".\"jobs\".\"nextAttemptAt\", \"public\".\"jobs\".\"createdById\", \"public\".\"jobs\".\"createdAt\", \"public\".\"jobs\".\"updatedAt\", \"public\".\"jobs\".\"completedAt\" FROM \"public\".\"jobs\" WHERE (\"public\".\"jobs\".\"type\" = CAST($1::text AS \"public\".\"JobType\") AND \"public\".\"jobs\".\"status\" = CAST($2::text AS \"public\".\"JobStatus\") AND \"public\".\"jobs\".\"nextAttemptAt\" <= $3) ORDER BY \"public\".\"jobs\".\"createdAt\" ASC LIMIT $4 OFFSET $5","timestamp":"2026-08-12T09:30:37.272Z"}
{"level":"debug","message":"prisma query (226ms): SELECT \"public\".\"jobs\".\"id\", \"public\".\"jobs\".\"type\"::text, \"public\".\"jobs\".\"status\"::text, \"public\".\"jobs\".\"payload\", \"public\".\"jobs\".\"result\", \"public\".\"jobs\".\"error\", \"public\".\"jobs\".\"attempts\", \"public\".\"jobs\".\"maxAttempts\", \"public\".\"jobs\".\"nextAttemptAt\", \"public\".\"jobs\".\"createdById\", \"public\".\"jobs\".\"createdAt\", \"public\".\"jobs\".\"updatedAt\", \"public\".\"jobs\".\"completedAt\" FROM \"public\".\"jobs\" WHERE (\"public\".\"jobs\".\"type\" = CAST($1::text AS \"public\".\"JobType\") AND \"public\".\"jobs\".\"status\" = CAST($2::text AS \"public\".\"JobStatus\") AND \"public\".\"jobs\".\"nextAttemptAt\" <= $3) ORDER BY \"public\".\"jobs\".\"createdAt\" ASC LIMIT $4 OFFSET $5","timestamp":"2026-08-12T09:30:37.274Z"}
{"level":"debug","message":"prisma query (84ms): COMMIT","timestamp":"2026-08-12T09:30:37.357Z"}
{"level":"debug","message":"prisma query (84ms): COMMIT","timestamp":"2026-08-12T09:30:37.357Z"}
{"level":"debug","message":"prisma query (68ms): SELECT 1","timestamp":"2026-08-12T09:30:38.709Z"}
{"level":"debug","message":"prisma query (53ms): BEGIN","timestamp":"2026-08-12T09:30:38.710Z"}
{"level":"debug","message":"prisma query (52ms): DEALLOCATE ALL","timestamp":"2026-08-12T09:30:38.763Z"}
{"level":"debug","message":"prisma query (54ms): BEGIN","timestamp":"2026-08-12T09:30:38.763Z"}
{"level":"debug","message":"prisma query (61ms): DEALLOCATE ALL","timestamp":"2026-08-12T09:30:38.825Z"}
{"level":"debug","message":"prisma query (96ms): SELECT \"public\".\"jobs\".\"id\", \"public\".\"jobs\".\"type\"::text, \"public\".\"jobs\".\"status\"::text, \"public\".\"jobs\".\"payload\", \"public\".\"jobs\".\"result\", \"public\".\"jobs\".\"error\", \"public\".\"jobs\".\"attempts\", \"public\".\"jobs\".\"maxAttempts\", \"public\".\"jobs\".\"nextAttemptAt\", \"public\".\"jobs\".\"createdById\", \"public\".\"jobs\".\"createdAt\", \"public\".\"jobs\".\"updatedAt\", \"public\".\"jobs\".\"completedAt\" FROM \"public\".\"jobs\" WHERE (\"public\".\"jobs\".\"type\" = CAST($1::text AS \"public\".\"JobType\") AND \"public\".\"jobs\".\"status\" = CAST($2::text AS \"public\".\"JobStatus\") AND \"public\".\"jobs\".\"nextAttemptAt\" <= $3) ORDER BY \"public\".\"jobs\".\"createdAt\" ASC LIMIT $4 OFFSET $5","timestamp":"2026-08-12T09:30:38.860Z"}
{"level":"debug","message":"prisma query (43ms): COMMIT","timestamp":"2026-08-12T09:30:38.904Z"}
{"level":"debug","message":"prisma query (436ms): SELECT \"public\".\"jobs\".\"id\", \"public\".\"jobs\".\"type\"::text, \"public\".\"jobs\".\"status\"::text, \"public\".\"jobs\".\"payload\", \"public\".\"jobs\".\"result\", \"public\".\"jobs\".\"error\", \"public\".\"jobs\".\"attempts\", \"public\".\"jobs\".\"maxAttempts\", \"public\".\"jobs\".\"nextAttemptAt\", \"public\".\"jobs\".\"createdById\", \"public\".\"jobs\".\"createdAt\", \"public\".\"jobs\".\"updatedAt\", \"public\".\"jobs\".\"completedAt\" FROM \"public\".\"jobs\" WHERE (\"public\".\"jobs\".\"type\" = CAST($1::text AS \"public\".\"JobType\") AND \"public\".\"jobs\".\"status\" = CAST($2::text AS \"public\".\"JobStatus\") AND \"public\".\"jobs\".\"nextAttemptAt\" <= $3) ORDER BY \"public\".\"jobs\".\"createdAt\" ASC LIMIT $4 OFFSET $5","timestamp":"2026-08-12T09:30:39.263Z"}
{"level":"debug","message":"prisma query (84ms): COMMIT","timestamp":"2026-08-12T09:30:39.347Z"}
{"level":"debug","message":"prisma query (156ms): BEGIN","timestamp":"2026-08-12T09:30:40.799Z"}
{"level":"debug","message":"prisma query (140ms): BEGIN","timestamp":"2026-08-12T09:30:40.799Z"}
{"level":"debug","message":"prisma query (330ms): DEALLOCATE ALL","timestamp":"2026-08-12T09:30:41.129Z"}
{"level":"debug","message":"prisma query (330ms): DEALLOCATE ALL","timestamp":"2026-08-12T09:30:41.130Z"}
{"level":"debug","message":"prisma query (168ms): SELECT \"public\".\"jobs\".\"id\", \"public\".\"jobs\".\"type\"::text, \"public\".\"jobs\".\"status\"::text, \"public\".\"jobs\".\"payload\", \"public\".\"jobs\".\"result\", \"public\".\"jobs\".\"error\", \"public\".\"jobs\".\"attempts\", \"public\".\"jobs\".\"maxAttempts\", \"public\".\"jobs\".\"nextAttemptAt\", \"public\".\"jobs\".\"createdById\", \"public\".\"jobs\".\"createdAt\", \"public\".\"jobs\".\"updatedAt\", \"public\".\"jobs\".\"completedAt\" FROM \"public\".\"jobs\" WHERE (\"public\".\"jobs\".\"type\" = CAST($1::text AS \"public\".\"JobType\") AND \"public\".\"jobs\".\"status\" = CAST($2::text AS \"public\".\"JobStatus\") AND \"public\".\"jobs\".\"nextAttemptAt\" <= $3) ORDER BY \"public\".\"jobs\".\"createdAt\" ASC LIMIT $4 OFFSET $5","timestamp":"2026-08-12T09:30:41.300Z"}
{"level":"debug","message":"prisma query (170ms): SELECT \"public\".\"jobs\".\"id\", \"public\".\"jobs\".\"type\"::text, \"public\".\"jobs\".\"status\"::text, \"public\".\"jobs\".\"payload\", \"public\".\"jobs\".\"result\", \"public\".\"jobs\".\"error\", \"public\".\"jobs\".\"attempts\", \"public\".\"jobs\".\"maxAttempts\", \"public\".\"jobs\".\"nextAttemptAt\", \"public\".\"jobs\".\"createdById\", \"public\".\"jobs\".\"createdAt\", \"public\".\"jobs\".\"updatedAt\", \"public\".\"jobs\".\"completedAt\" FROM \"public\".\"jobs\" WHERE (\"public\".\"jobs\".\"type\" = CAST($1::text AS \"public\".\"JobType\") AND \"public\".\"jobs\".\"status\" = CAST($2::text AS \"public\".\"JobStatus\") AND \"public\".\"jobs\".\"nextAttemptAt\" <= $3) ORDER BY \"public\".\"jobs\".\"createdAt\" ASC LIMIT $4 OFFSET $5","timestamp":"2026-08-12T09:30:41.300Z"}
{"level":"debug","message":"prisma query (82ms): COMMIT","timestamp":"2026-08-12T09:30:41.383Z"}
{"level":"debug","message":"prisma query (82ms): COMMIT","timestamp":"2026-08-12T09:30:41.383Z"}
{"level":"debug","message":"prisma query (62ms): BEGIN","timestamp":"2026-08-12T09:30:42.714Z"}
{"level":"debug","message":"prisma query (38ms): DEALLOCATE ALL","timestamp":"2026-08-12T09:30:42.753Z"}
{"level":"debug","message":"prisma query (150ms): SELECT \"public\".\"jobs\".\"id\", \"public\".\"jobs\".\"type\"::text, \"public\".\"jobs\".\"status\"::text, \"public\".\"jobs\".\"payload\", \"public\".\"jobs\".\"result\", \"public\".\"jobs\".\"error\", \"public\".\"jobs\".\"attempts\", \"public\".\"jobs\".\"maxAttempts\", \"public\".\"jobs\".\"nextAttemptAt\", \"public\".\"jobs\".\"createdById\", \"public\".\"jobs\".\"createdAt\", \"public\".\"jobs\".\"updatedAt\", \"public\".\"jobs\".\"completedAt\" FROM \"public\".\"jobs\" WHERE (\"public\".\"jobs\".\"type\" = CAST($1::text AS \"public\".\"JobType\") AND \"public\".\"jobs\".\"status\" = CAST($2::text AS \"public\".\"JobStatus\") AND \"public\".\"jobs\".\"nextAttemptAt\" <= $3) ORDER BY \"public\".\"jobs\".\"createdAt\" ASC LIMIT $4 OFFSET $5","timestamp":"2026-08-12T09:30:42.904Z"}
{"level":"debug","message":"prisma query (44ms): COMMIT","timestamp":"2026-08-12T09:30:42.951Z"}
{"level":"debug","message":"prisma query (62ms): BEGIN","timestamp":"2026-08-12T09:30:43.267Z"}
{"level":"debug","message":"prisma query (74ms): DEALLOCATE ALL","timestamp":"2026-08-12T09:30:43.342Z"}
{"level":"debug","message":"prisma query (342ms): SELECT \"public\".\"jobs\".\"id\", \"public\".\"jobs\".\"type\"::text, \"public\".\"jobs\".\"status\"::text, \"public\".\"jobs\".\"payload\", \"public\".\"jobs\".\"result\", \"public\".\"jobs\".\"error\", \"public\".\"jobs\".\"attempts\", \"public\".\"jobs\".\"maxAttempts\", \"public\".\"jobs\".\"nextAttemptAt\", \"public\".\"jobs\".\"createdById\", \"public\".\"jobs\".\"createdAt\", \"public\".\"jobs\".\"updatedAt\", \"public\".\"jobs\".\"completedAt\" FROM \"public\".\"jobs\" WHERE (\"public\".\"jobs\".\"type\" = CAST($1::text AS \"public\".\"JobType\") AND \"public\".\"jobs\".\"status\" = CAST($2::text AS \"public\".\"JobStatus\") AND \"public\".\"jobs\".\"nextAttemptAt\" <= $3) ORDER BY \"public\".\"jobs\".\"createdAt\" ASC LIMIT $4 OFFSET $5","timestamp":"2026-08-12T09:30:43.685Z"}
{"level":"debug","message":"prisma query (123ms): COMMIT","timestamp":"2026-08-12T09:30:43.808Z"}
{"level":"debug","message":"prisma query (202ms): BEGIN","timestamp":"2026-08-12T09:30:44.870Z"}
{"level":"debug","message":"prisma query (202ms): BEGIN","timestamp":"2026-08-12T09:30:44.870Z"}
{"level":"debug","message":"prisma query (343ms): DEALLOCATE ALL","timestamp":"2026-08-12T09:30:45.214Z"}
{"level":"debug","message":"prisma query (344ms): DEALLOCATE ALL","timestamp":"2026-08-12T09:30:45.215Z"}
{"level":"debug","message":"prisma query (142ms): SELECT \"public\".\"jobs\".\"id\", \"public\".\"jobs\".\"type\"::text, \"public\".\"jobs\".\"status\"::text, \"public\".\"jobs\".\"payload\", \"public\".\"jobs\".\"result\", \"public\".\"jobs\".\"error\", \"public\".\"jobs\".\"attempts\", \"public\".\"jobs\".\"maxAttempts\", \"public\".\"jobs\".\"nextAttemptAt\", \"public\".\"jobs\".\"createdById\", \"public\".\"jobs\".\"createdAt\", \"public\".\"jobs\".\"updatedAt\", \"public\".\"jobs\".\"completedAt\" FROM \"public\".\"jobs\" WHERE (\"public\".\"jobs\".\"type\" = CAST($1::text AS \"public\".\"JobType\") AND \"public\".\"jobs\".\"status\" = CAST($2::text AS \"public\".\"JobStatus\") AND \"public\".\"jobs\".\"nextAttemptAt\" <= $3) ORDER BY \"public\".\"jobs\".\"createdAt\" ASC LIMIT $4 OFFSET $5","timestamp":"2026-08-12T09:30:45.357Z"}
{"level":"debug","message":"prisma query (141ms): SELECT \"public\".\"jobs\".\"id\", \"public\".\"jobs\".\"type\"::text, \"public\".\"jobs\".\"status\"::text, \"public\".\"jobs\".\"payload\", \"public\".\"jobs\".\"result\", \"public\".\"jobs\".\"error\", \"public\".\"jobs\".\"attempts\", \"public\".\"jobs\".\"maxAttempts\", \"public\".\"jobs\".\"nextAttemptAt\", \"public\".\"jobs\".\"createdById\", \"public\".\"jobs\".\"createdAt\", \"public\".\"jobs\".\"updatedAt\", \"public\".\"jobs\".\"completedAt\" FROM \"public\".\"jobs\" WHERE (\"public\".\"jobs\".\"type\" = CAST($1::text AS \"public\".\"JobType\") AND \"public\".\"jobs\".\"status\" = CAST($2::text AS \"public\".\"JobStatus\") AND \"public\".\"jobs\".\"nextAttemptAt\" <= $3) ORDER BY \"public\".\"jobs\".\"createdAt\" ASC LIMIT $4 OFFSET $5","timestamp":"2026-08-12T09:30:45.358Z"}
{"level":"debug","message":"prisma query (69ms): COMMIT","timestamp":"2026-08-12T09:30:45.427Z"}
{"level":"debug","message":"prisma query (69ms): COMMIT","timestamp":"2026-08-12T09:30:45.427Z"}
{"level":"debug","message":"prisma query (64ms): BEGIN","timestamp":"2026-08-12T09:30:46.743Z"}
{"level":"debug","message":"prisma query (75ms): BEGIN","timestamp":"2026-08-12T09:30:46.754Z"}
{"level":"debug","message":"prisma query (39ms): DEALLOCATE ALL","timestamp":"2026-08-12T09:30:46.782Z"}
{"level":"debug","message":"prisma query (68ms): DEALLOCATE ALL","timestamp":"2026-08-12T09:30:46.822Z"}
{"level":"debug","message":"prisma query (133ms): SELECT \"public\".\"jobs\".\"id\", \"public\".\"jobs\".\"type\"::text, \"public\".\"jobs\".\"status\"::text, \"public\".\"jobs\".\"payload\", \"public\".\"jobs\".\"result\", \"public\".\"jobs\".\"error\", \"public\".\"jobs\".\"attempts\", \"public\".\"jobs\".\"maxAttempts\", \"public\".\"jobs\".\"nextAttemptAt\", \"public\".\"jobs\".\"createdById\", \"public\".\"jobs\".\"createdAt\", \"public\".\"jobs\".\"updatedAt\", \"public\".\"jobs\".\"completedAt\" FROM \"public\".\"jobs\" WHERE (\"public\".\"jobs\".\"type\" = CAST($1::text AS \"public\".\"JobType\") AND \"public\".\"jobs\".\"status\" = CAST($2::text AS \"public\".\"JobStatus\") AND \"public\".\"jobs\".\"nextAttemptAt\" <= $3) ORDER BY \"public\".\"jobs\".\"createdAt\" ASC LIMIT $4 OFFSET $5","timestamp":"2026-08-12T09:30:46.931Z"}
{"level":"debug","message":"prisma query (95ms): COMMIT","timestamp":"2026-08-12T09:30:47.012Z"}
{"level":"debug","message":"prisma query (189ms): SELECT \"public\".\"jobs\".\"id\", \"public\".\"jobs\".\"type\"::text, \"public\".\"jobs\".\"status\"::text, \"public\".\"jobs\".\"payload\", \"public\".\"jobs\".\"result\", \"public\".\"jobs\".\"error\", \"public\".\"jobs\".\"attempts\", \"public\".\"jobs\".\"maxAttempts\", \"public\".\"jobs\".\"nextAttemptAt\", \"public\".\"jobs\".\"createdById\", \"public\".\"jobs\".\"createdAt\", \"public\".\"jobs\".\"updatedAt\", \"public\".\"jobs\".\"completedAt\" FROM \"public\".\"jobs\" WHERE (\"public\".\"jobs\".\"type\" = CAST($1::text AS \"public\".\"JobType\") AND \"public\".\"jobs\".\"status\" = CAST($2::text AS \"public\".\"JobStatus\") AND \"public\".\"jobs\".\"nextAttemptAt\" <= $3) ORDER BY \"public\".\"jobs\".\"createdAt\" ASC LIMIT $4 OFFSET $5","timestamp":"2026-08-12T09:30:47.013Z"}
{"level":"debug","message":"prisma query (59ms): COMMIT","timestamp":"2026-08-12T09:30:47.072Z"}
{"level":"debug","message":"prisma query (170ms): BEGIN","timestamp":"2026-08-12T09:30:48.850Z"}
{"level":"debug","message":"prisma query (171ms): BEGIN","timestamp":"2026-08-12T09:30:48.851Z"}
{"level":"debug","message":"prisma query (314ms): DEALLOCATE ALL","timestamp":"2026-08-12T09:30:49.164Z"}
{"level":"debug","message":"prisma query (313ms): DEALLOCATE ALL","timestamp":"2026-08-12T09:30:49.165Z"}
{"level":"debug","message":"prisma query (274ms): SELECT \"public\".\"jobs\".\"id\", \"public\".\"jobs\".\"type\"::text, \"public\".\"jobs\".\"status\"::text, \"public\".\"jobs\".\"payload\", \"public\".\"jobs\".\"result\", \"public\".\"jobs\".\"error\", \"public\".\"jobs\".\"attempts\", \"public\".\"jobs\".\"maxAttempts\", \"public\".\"jobs\".\"nextAttemptAt\", \"public\".\"jobs\".\"createdById\", \"public\".\"jobs\".\"createdAt\", \"public\".\"jobs\".\"updatedAt\", \"public\".\"jobs\".\"completedAt\" FROM \"public\".\"jobs\" WHERE (\"public\".\"jobs\".\"type\" = CAST($1::text AS \"public\".\"JobType\") AND \"public\".\"jobs\".\"status\" = CAST($2::text AS \"public\".\"JobStatus\") AND \"public\".\"jobs\".\"nextAttemptAt\" <= $3) ORDER BY \"public\".\"jobs\".\"createdAt\" ASC LIMIT $4 OFFSET $5","timestamp":"2026-08-12T09:30:49.439Z"}
{"level":"debug","message":"prisma query (274ms): SELECT \"public\".\"jobs\".\"id\", \"public\".\"jobs\".\"type\"::text, \"public\".\"jobs\".\"status\"::text, \"public\".\"jobs\".\"payload\", \"public\".\"jobs\".\"result\", \"public\".\"jobs\".\"error\", \"public\".\"jobs\".\"attempts\", \"public\".\"jobs\".\"maxAttempts\", \"public\".\"jobs\".\"nextAttemptAt\", \"public\".\"jobs\".\"createdById\", \"public\".\"jobs\".\"createdAt\", \"public\".\"jobs\".\"updatedAt\", \"public\".\"jobs\".\"completedAt\" FROM \"public\".\"jobs\" WHERE (\"public\".\"jobs\".\"type\" = CAST($1::text AS \"public\".\"JobType\") AND \"public\".\"jobs\".\"status\" = CAST($2::text AS \"public\".\"JobStatus\") AND \"public\".\"jobs\".\"nextAttemptAt\" <= $3) ORDER BY \"public\".\"jobs\".\"createdAt\" ASC LIMIT $4 OFFSET $5","timestamp":"2026-08-12T09:30:49.440Z"}
{"level":"debug","message":"prisma query (73ms): COMMIT","timestamp":"2026-08-12T09:30:49.513Z"}
{"level":"debug","message":"prisma query (73ms): COMMIT","timestamp":"2026-08-12T09:30:49.513Z"}
{"level":"debug","message":"prisma query (53ms): BEGIN","timestamp":"2026-08-12T09:30:50.743Z"}
{"level":"debug","message":"prisma query (52ms): BEGIN","timestamp":"2026-08-12T09:30:50.744Z"}
{"level":"debug","message":"prisma query (50ms): DEALLOCATE ALL","timestamp":"2026-08-12T09:30:50.802Z"}
{"level":"debug","message":"prisma query (52ms): DEALLOCATE ALL","timestamp":"2026-08-12T09:30:50.803Z"}
{"level":"debug","message":"prisma query (150ms): SELECT \"public\".\"jobs\".\"id\", \"public\".\"jobs\".\"type\"::text, \"public\".\"jobs\".\"status\"::text, \"public\".\"jobs\".\"payload\", \"public\".\"jobs\".\"result\", \"public\".\"jobs\".\"error\", \"public\".\"jobs\".\"attempts\", \"public\".\"jobs\".\"maxAttempts\", \"public\".\"jobs\".\"nextAttemptAt\", \"public\".\"jobs\".\"createdById\", \"public\".\"jobs\".\"createdAt\", \"public\".\"jobs\".\"updatedAt\", \"public\".\"jobs\".\"completedAt\" FROM \"public\".\"jobs\" WHERE (\"public\".\"jobs\".\"type\" = CAST($1::text AS \"public\".\"JobType\") AND \"public\".\"jobs\".\"status\" = CAST($2::text AS \"public\".\"JobStatus\") AND \"public\".\"jobs\".\"nextAttemptAt\" <= $3) ORDER BY \"public\".\"jobs\".\"createdAt\" ASC LIMIT $4 OFFSET $5","timestamp":"2026-08-12T09:30:50.948Z"}
{"level":"debug","message":"prisma query (152ms): SELECT \"public\".\"jobs\".\"id\", \"public\".\"jobs\".\"type\"::text, \"public\".\"jobs\".\"status\"::text, \"public\".\"jobs\".\"payload\", \"public\".\"jobs\".\"result\", \"public\".\"jobs\".\"error\", \"public\".\"jobs\".\"attempts\", \"public\".\"jobs\".\"maxAttempts\", \"public\".\"jobs\".\"nextAttemptAt\", \"public\".\"jobs\".\"createdById\", \"public\".\"jobs\".\"createdAt\", \"public\".\"jobs\".\"updatedAt\", \"public\".\"jobs\".\"completedAt\" FROM \"public\".\"jobs\" WHERE (\"public\".\"jobs\".\"type\" = CAST($1::text AS \"public\".\"JobType\") AND \"public\".\"jobs\".\"status\" = CAST($2::text AS \"public\".\"JobStatus\") AND \"public\".\"jobs\".\"nextAttemptAt\" <= $3) ORDER BY \"public\".\"jobs\".\"createdAt\" ASC LIMIT $4 OFFSET $5","timestamp":"2026-08-12T09:30:50.948Z"}
{"level":"debug","message":"prisma query (78ms): COMMIT","timestamp":"2026-08-12T09:30:51.026Z"}
{"level":"debug","message":"prisma query (80ms): COMMIT","timestamp":"2026-08-12T09:30:51.028Z"}
{"level":"debug","message":"prisma query (187ms): BEGIN","timestamp":"2026-08-12T09:30:52.879Z"}
{"level":"debug","message":"prisma query (188ms): BEGIN","timestamp":"2026-08-12T09:30:52.880Z"}
{"level":"debug","message":"prisma query (111ms): DEALLOCATE ALL","timestamp":"2026-08-12T09:30:52.992Z"}
{"level":"debug","message":"prisma query (113ms): DEALLOCATE ALL","timestamp":"2026-08-12T09:30:52.993Z"}
{"level":"debug","message":"prisma query (404ms): SELECT \"public\".\"jobs\".\"id\", \"public\".\"jobs\".\"type\"::text, \"public\".\"jobs\".\"status\"::text, \"public\".\"jobs\".\"payload\", \"public\".\"jobs\".\"result\", \"public\".\"jobs\".\"error\", \"public\".\"jobs\".\"attempts\", \"public\".\"jobs\".\"maxAttempts\", \"public\".\"jobs\".\"nextAttemptAt\", \"public\".\"jobs\".\"createdById\", \"public\".\"jobs\".\"createdAt\", \"public\".\"jobs\".\"updatedAt\", \"public\".\"jobs\".\"completedAt\" FROM \"public\".\"jobs\" WHERE (\"public\".\"jobs\".\"type\" = CAST($1::text AS \"public\".\"JobType\") AND \"public\".\"jobs\".\"status\" = CAST($2::text AS \"public\".\"JobStatus\") AND \"public\".\"jobs\".\"nextAttemptAt\" <= $3) ORDER BY \"public\".\"jobs\".\"createdAt\" ASC LIMIT $4 OFFSET $5","timestamp":"2026-08-12T09:30:53.397Z"}
{"level":"debug","message":"prisma query (405ms): SELECT \"public\".\"jobs\".\"id\", \"public\".\"jobs\".\"type\"::text, \"public\".\"jobs\".\"status\"::text, \"public\".\"jobs\".\"payload\", \"public\".\"jobs\".\"result\", \"public\".\"jobs\".\"error\", \"public\".\"jobs\".\"attempts\", \"public\".\"jobs\".\"maxAttempts\", \"public\".\"jobs\".\"nextAttemptAt\", \"public\".\"jobs\".\"createdById\", \"public\".\"jobs\".\"createdAt\", \"public\".\"jobs\".\"updatedAt\", \"public\".\"jobs\".\"completedAt\" FROM \"public\".\"jobs\" WHERE (\"public\".\"jobs\".\"type\" = CAST($1::text AS \"public\".\"JobType\") AND \"public\".\"jobs\".\"status\" = CAST($2::text AS \"public\".\"JobStatus\") AND \"public\".\"jobs\".\"nextAttemptAt\" <= $3) ORDER BY \"public\".\"jobs\".\"createdAt\" ASC LIMIT $4 OFFSET $5","timestamp":"2026-08-12T09:30:53.398Z"}
{"level":"debug","message":"prisma query (69ms): COMMIT","timestamp":"2026-08-12T09:30:53.467Z"}
{"level":"debug","message":"prisma query (69ms): COMMIT","timestamp":"2026-08-12T09:30:53.467Z"}
{"level":"debug","message":"prisma query (72ms): SELECT 1","timestamp":"2026-08-12T09:30:54.776Z"}
{"level":"debug","message":"prisma query (72ms): BEGIN","timestamp":"2026-08-12T09:30:54.783Z"}
{"level":"debug","message":"prisma query (55ms): BEGIN","timestamp":"2026-08-12T09:30:54.823Z"}
{"level":"debug","message":"prisma query (64ms): DEALLOCATE ALL","timestamp":"2026-08-12T09:30:54.833Z"}
{"level":"debug","message":"prisma query (52ms): DEALLOCATE ALL","timestamp":"2026-08-12T09:30:54.875Z"}
{"level":"debug","message":"prisma query (119ms): SELECT \"public\".\"jobs\".\"id\", \"public\".\"jobs\".\"type\"::text, \"public\".\"jobs\".\"status\"::text, \"public\".\"jobs\".\"payload\", \"public\".\"jobs\".\"result\", \"public\".\"jobs\".\"error\", \"public\".\"jobs\".\"attempts\", \"public\".\"jobs\".\"maxAttempts\", \"public\".\"jobs\".\"nextAttemptAt\", \"public\".\"jobs\".\"createdById\", \"public\".\"jobs\".\"createdAt\", \"public\".\"jobs\".\"updatedAt\", \"public\".\"jobs\".\"completedAt\" FROM \"public\".\"jobs\" WHERE (\"public\".\"jobs\".\"type\" = CAST($1::text AS \"public\".\"JobType\") AND \"public\".\"jobs\".\"status\" = CAST($2::text AS \"public\".\"JobStatus\") AND \"public\".\"jobs\".\"nextAttemptAt\" <= $3) ORDER BY \"public\".\"jobs\".\"createdAt\" ASC LIMIT $4 OFFSET $5","timestamp":"2026-08-12T09:30:54.953Z"}
{"level":"debug","message":"prisma query (109ms): SELECT \"public\".\"jobs\".\"id\", \"public\".\"jobs\".\"type\"::text, \"public\".\"jobs\".\"status\"::text, \"public\".\"jobs\".\"payload\", \"public\".\"jobs\".\"result\", \"public\".\"jobs\".\"error\", \"public\".\"jobs\".\"attempts\", \"public\".\"jobs\".\"maxAttempts\", \"public\".\"jobs\".\"nextAttemptAt\", \"public\".\"jobs\".\"createdById\", \"public\".\"jobs\".\"createdAt\", \"public\".\"jobs\".\"updatedAt\", \"public\".\"jobs\".\"completedAt\" FROM \"public\".\"jobs\" WHERE (\"public\".\"jobs\".\"type\" = CAST($1::text AS \"public\".\"JobType\") AND \"public\".\"jobs\".\"status\" = CAST($2::text AS \"public\".\"JobStatus\") AND \"public\".\"jobs\".\"nextAttemptAt\" <= $3) ORDER BY \"public\".\"jobs\".\"createdAt\" ASC LIMIT $4 OFFSET $5","timestamp":"2026-08-12T09:30:54.985Z"}
{"level":"debug","message":"prisma query (40ms): COMMIT","timestamp":"2026-08-12T09:30:54.994Z"}
{"level":"debug","message":"prisma query (36ms): COMMIT","timestamp":"2026-08-12T09:30:55.021Z"}
{"level":"debug","message":"prisma query (299ms): BEGIN","timestamp":"2026-08-12T09:30:56.998Z"}
{"level":"debug","message":"prisma query (299ms): BEGIN","timestamp":"2026-08-12T09:30:57.000Z"}
{"level":"debug","message":"prisma query (92ms): DEALLOCATE ALL","timestamp":"2026-08-12T09:30:57.088Z"}
{"level":"debug","message":"prisma query (93ms): DEALLOCATE ALL","timestamp":"2026-08-12T09:30:57.088Z"}
{"level":"debug","message":"prisma query (792ms): SELECT \"public\".\"jobs\".\"id\", \"public\".\"jobs\".\"type\"::text, \"public\".\"jobs\".\"status\"::text, \"public\".\"jobs\".\"payload\", \"public\".\"jobs\".\"result\", \"public\".\"jobs\".\"error\", \"public\".\"jobs\".\"attempts\", \"public\".\"jobs\".\"maxAttempts\", \"public\".\"jobs\".\"nextAttemptAt\", \"public\".\"jobs\".\"createdById\", \"public\".\"jobs\".\"createdAt\", \"public\".\"jobs\".\"updatedAt\", \"public\".\"jobs\".\"completedAt\" FROM \"public\".\"jobs\" WHERE (\"public\".\"jobs\".\"type\" = CAST($1::text AS \"public\".\"JobType\") AND \"public\".\"jobs\".\"status\" = CAST($2::text AS \"public\".\"JobStatus\") AND \"public\".\"jobs\".\"nextAttemptAt\" <= $3) ORDER BY \"public\".\"jobs\".\"createdAt\" ASC LIMIT $4 OFFSET $5","timestamp":"2026-08-12T09:30:57.881Z"}
{"level":"debug","message":"prisma query (791ms): SELECT \"public\".\"jobs\".\"id\", \"public\".\"jobs\".\"type\"::text, \"public\".\"jobs\".\"status\"::text, \"public\".\"jobs\".\"payload\", \"public\".\"jobs\".\"result\", \"public\".\"jobs\".\"error\", \"public\".\"jobs\".\"attempts\", \"public\".\"jobs\".\"maxAttempts\", \"public\".\"jobs\".\"nextAttemptAt\", \"public\".\"jobs\".\"createdById\", \"public\".\"jobs\".\"createdAt\", \"public\".\"jobs\".\"updatedAt\", \"public\".\"jobs\".\"completedAt\" FROM \"public\".\"jobs\" WHERE (\"public\".\"jobs\".\"type\" = CAST($1::text AS \"public\".\"JobType\") AND \"public\".\"jobs\".\"status\" = CAST($2::text AS \"public\".\"JobStatus\") AND \"public\".\"jobs\".\"nextAttemptAt\" <= $3) ORDER BY \"public\".\"jobs\".\"createdAt\" ASC LIMIT $4 OFFSET $5","timestamp":"2026-08-12T09:30:57.881Z"}
{"level":"debug","message":"prisma query (184ms): COMMIT","timestamp":"2026-08-12T09:30:58.065Z"}
{"level":"debug","message":"prisma query (184ms): COMMIT","timestamp":"2026-08-12T09:30:58.066Z"}
{"level":"debug","message":"prisma query (343ms): BEGIN","timestamp":"2026-08-12T09:30:59.052Z"}
{"level":"debug","message":"prisma query (344ms): SELECT 1","timestamp":"2026-08-12T09:30:59.052Z"}
{"level":"debug","message":"prisma query (51ms): DEALLOCATE ALL","timestamp":"2026-08-12T09:30:59.103Z"}
{"level":"debug","message":"prisma query (51ms): BEGIN","timestamp":"2026-08-12T09:30:59.104Z"}
{"level":"debug","message":"prisma query (50ms): DEALLOCATE ALL","timestamp":"2026-08-12T09:30:59.155Z"}
{"level":"debug","message":"prisma query (119ms): SELECT \"public\".\"jobs\".\"id\", \"public\".\"jobs\".\"type\"::text, \"public\".\"jobs\".\"status\"::text, \"public\".\"jobs\".\"payload\", \"public\".\"jobs\".\"result\", \"public\".\"jobs\".\"error\", \"public\".\"jobs\".\"attempts\", \"public\".\"jobs\".\"maxAttempts\", \"public\".\"jobs\".\"nextAttemptAt\", \"public\".\"jobs\".\"createdById\", \"public\".\"jobs\".\"createdAt\", \"public\".\"jobs\".\"updatedAt\", \"public\".\"jobs\".\"completedAt\" FROM \"public\".\"jobs\" WHERE (\"public\".\"jobs\".\"type\" = CAST($1::text AS \"public\".\"JobType\") AND \"public\".\"jobs\".\"status\" = CAST($2::text AS \"public\".\"JobStatus\") AND \"public\".\"jobs\".\"nextAttemptAt\" <= $3) ORDER BY \"public\".\"jobs\".\"createdAt\" ASC LIMIT $4 OFFSET $5","timestamp":"2026-08-12T09:30:59.223Z"}
{"level":"debug","message":"prisma query (40ms): COMMIT","timestamp":"2026-08-12T09:30:59.264Z"}
{"level":"debug","message":"prisma query (157ms): SELECT \"public\".\"jobs\".\"id\", \"public\".\"jobs\".\"type\"::text, \"public\".\"jobs\".\"status\"::text, \"public\".\"jobs\".\"payload\", \"public\".\"jobs\".\"result\", \"public\".\"jobs\".\"error\", \"public\".\"jobs\".\"attempts\", \"public\".\"jobs\".\"maxAttempts\", \"public\".\"jobs\".\"nextAttemptAt\", \"public\".\"jobs\".\"createdById\", \"public\".\"jobs\".\"createdAt\", \"public\".\"jobs\".\"updatedAt\", \"public\".\"jobs\".\"completedAt\" FROM \"public\".\"jobs\" WHERE (\"public\".\"jobs\".\"type\" = CAST($1::text AS \"public\".\"JobType\") AND \"public\".\"jobs\".\"status\" = CAST($2::text AS \"public\".\"JobStatus\") AND \"public\".\"jobs\".\"nextAttemptAt\" <= $3) ORDER BY \"public\".\"jobs\".\"createdAt\" ASC LIMIT $4 OFFSET $5","timestamp":"2026-08-12T09:30:59.313Z"}
{"level":"debug","message":"prisma query (237ms): COMMIT","timestamp":"2026-08-12T09:30:59.552Z"}
{"level":"debug","message":"prisma query (204ms): BEGIN","timestamp":"2026-08-12T09:31:00.925Z"}
{"level":"debug","message":"prisma query (204ms): BEGIN","timestamp":"2026-08-12T09:31:00.926Z"}
{"level":"debug","message":"prisma query (98ms): DEALLOCATE ALL","timestamp":"2026-08-12T09:31:01.024Z"}
{"level":"debug","message":"prisma query (99ms): DEALLOCATE ALL","timestamp":"2026-08-12T09:31:01.025Z"}
{"level":"debug","message":"prisma query (228ms): SELECT \"public\".\"jobs\".\"id\", \"public\".\"jobs\".\"type\"::text, \"public\".\"jobs\".\"status\"::text, \"public\".\"jobs\".\"payload\", \"public\".\"jobs\".\"result\", \"public\".\"jobs\".\"error\", \"public\".\"jobs\".\"attempts\", \"public\".\"jobs\".\"maxAttempts\", \"public\".\"jobs\".\"nextAttemptAt\", \"public\".\"jobs\".\"createdById\", \"public\".\"jobs\".\"createdAt\", \"public\".\"jobs\".\"updatedAt\", \"public\".\"jobs\".\"completedAt\" FROM \"public\".\"jobs\" WHERE (\"public\".\"jobs\".\"type\" = CAST($1::text AS \"public\".\"JobType\") AND \"public\".\"jobs\".\"status\" = CAST($2::text AS \"public\".\"JobStatus\") AND \"public\".\"jobs\".\"nextAttemptAt\" <= $3) ORDER BY \"public\".\"jobs\".\"createdAt\" ASC LIMIT $4 OFFSET $5","timestamp":"2026-08-12T09:31:01.256Z"}
{"level":"debug","message":"prisma query (228ms): SELECT \"public\".\"jobs\".\"id\", \"public\".\"jobs\".\"type\"::text, \"public\".\"jobs\".\"status\"::text, \"public\".\"jobs\".\"payload\", \"public\".\"jobs\".\"result\", \"public\".\"jobs\".\"error\", \"public\".\"jobs\".\"attempts\", \"public\".\"jobs\".\"maxAttempts\", \"public\".\"jobs\".\"nextAttemptAt\", \"public\".\"jobs\".\"createdById\", \"public\".\"jobs\".\"createdAt\", \"public\".\"jobs\".\"updatedAt\", \"public\".\"jobs\".\"completedAt\" FROM \"public\".\"jobs\" WHERE (\"public\".\"jobs\".\"type\" = CAST($1::text AS \"public\".\"JobType\") AND \"public\".\"jobs\".\"status\" = CAST($2::text AS \"public\".\"JobStatus\") AND \"public\".\"jobs\".\"nextAttemptAt\" <= $3) ORDER BY \"public\".\"jobs\".\"createdAt\" ASC LIMIT $4 OFFSET $5","timestamp":"2026-08-12T09:31:01.257Z"}
{"level":"debug","message":"prisma query (109ms): COMMIT","timestamp":"2026-08-12T09:31:01.362Z"}
{"level":"debug","message":"prisma query (108ms): COMMIT","timestamp":"2026-08-12T09:31:01.363Z"}
{"level":"debug","message":"prisma query (90ms): BEGIN","timestamp":"2026-08-12T09:31:02.829Z"}
{"level":"debug","message":"prisma query (91ms): BEGIN","timestamp":"2026-08-12T09:31:02.830Z"}
{"level":"debug","message":"prisma query (42ms): DEALLOCATE ALL","timestamp":"2026-08-12T09:31:02.893Z"}
{"level":"debug","message":"prisma query (43ms): DEALLOCATE ALL","timestamp":"2026-08-12T09:31:02.895Z"}
{"level":"debug","message":"prisma query (175ms): SELECT \"public\".\"jobs\".\"id\", \"public\".\"jobs\".\"type\"::text, \"public\".\"jobs\".\"status\"::text, \"public\".\"jobs\".\"payload\", \"public\".\"jobs\".\"result\", \"public\".\"jobs\".\"error\", \"public\".\"jobs\".\"attempts\", \"public\".\"jobs\".\"maxAttempts\", \"public\".\"jobs\".\"nextAttemptAt\", \"public\".\"jobs\".\"createdById\", \"public\".\"jobs\".\"createdAt\", \"public\".\"jobs\".\"updatedAt\", \"public\".\"jobs\".\"completedAt\" FROM \"public\".\"jobs\" WHERE (\"public\".\"jobs\".\"type\" = CAST($1::text AS \"public\".\"JobType\") AND \"public\".\"jobs\".\"status\" = CAST($2::text AS \"public\".\"JobStatus\") AND \"public\".\"jobs\".\"nextAttemptAt\" <= $3) ORDER BY \"public\".\"jobs\".\"createdAt\" ASC LIMIT $4 OFFSET $5","timestamp":"2026-08-12T09:31:03.094Z"}
{"level":"debug","message":"prisma query (176ms): SELECT \"public\".\"jobs\".\"id\", \"public\".\"jobs\".\"type\"::text, \"public\".\"jobs\".\"status\"::text, \"public\".\"jobs\".\"payload\", \"public\".\"jobs\".\"result\", \"public\".\"jobs\".\"error\", \"public\".\"jobs\".\"attempts\", \"public\".\"jobs\".\"maxAttempts\", \"public\".\"jobs\".\"nextAttemptAt\", \"public\".\"jobs\".\"createdById\", \"public\".\"jobs\".\"createdAt\", \"public\".\"jobs\".\"updatedAt\", \"public\".\"jobs\".\"completedAt\" FROM \"public\".\"jobs\" WHERE (\"public\".\"jobs\".\"type\" = CAST($1::text AS \"public\".\"JobType\") AND \"public\".\"jobs\".\"status\" = CAST($2::text AS \"public\".\"JobStatus\") AND \"public\".\"jobs\".\"nextAttemptAt\" <= $3) ORDER BY \"public\".\"jobs\".\"createdAt\" ASC LIMIT $4 OFFSET $5","timestamp":"2026-08-12T09:31:03.095Z"}
{"level":"debug","message":"prisma query (54ms): COMMIT","timestamp":"2026-08-12T09:31:03.101Z"}
{"level":"debug","message":"prisma query (54ms): COMMIT","timestamp":"2026-08-12T09:31:03.101Z"}
{"level":"debug","message":"prisma query (190ms): BEGIN","timestamp":"2026-08-12T09:31:04.940Z"}
{"level":"debug","message":"prisma query (190ms): BEGIN","timestamp":"2026-08-12T09:31:04.940Z"}
{"level":"debug","message":"prisma query (247ms): DEALLOCATE ALL","timestamp":"2026-08-12T09:31:05.187Z"}
{"level":"debug","message":"prisma query (248ms): DEALLOCATE ALL","timestamp":"2026-08-12T09:31:05.187Z"}
{"level":"debug","message":"prisma query (202ms): SELECT \"public\".\"jobs\".\"id\", \"public\".\"jobs\".\"type\"::text, \"public\".\"jobs\".\"status\"::text, \"public\".\"jobs\".\"payload\", \"public\".\"jobs\".\"result\", \"public\".\"jobs\".\"error\", \"public\".\"jobs\".\"attempts\", \"public\".\"jobs\".\"maxAttempts\", \"public\".\"jobs\".\"nextAttemptAt\", \"public\".\"jobs\".\"createdById\", \"public\".\"jobs\".\"createdAt\", \"public\".\"jobs\".\"updatedAt\", \"public\".\"jobs\".\"completedAt\" FROM \"public\".\"jobs\" WHERE (\"public\".\"jobs\".\"type\" = CAST($1::text AS \"public\".\"JobType\") AND \"public\".\"jobs\".\"status\" = CAST($2::text AS \"public\".\"JobStatus\") AND \"public\".\"jobs\".\"nextAttemptAt\" <= $3) ORDER BY \"public\".\"jobs\".\"createdAt\" ASC LIMIT $4 OFFSET $5","timestamp":"2026-08-12T09:31:05.390Z"}
{"level":"debug","message":"prisma query (77ms): COMMIT","timestamp":"2026-08-12T09:31:05.467Z"}
{"level":"debug","message":"prisma query (280ms): SELECT \"public\".\"jobs\".\"id\", \"public\".\"jobs\".\"type\"::text, \"public\".\"jobs\".\"status\"::text, \"public\".\"jobs\".\"payload\", \"public\".\"jobs\".\"result\", \"public\".\"jobs\".\"error\", \"public\".\"jobs\".\"attempts\", \"public\".\"jobs\".\"maxAttempts\", \"public\".\"jobs\".\"nextAttemptAt\", \"public\".\"jobs\".\"createdById\", \"public\".\"jobs\".\"createdAt\", \"public\".\"jobs\".\"updatedAt\", \"public\".\"jobs\".\"completedAt\" FROM \"public\".\"jobs\" WHERE (\"public\".\"jobs\".\"type\" = CAST($1::text AS \"public\".\"JobType\") AND \"public\".\"jobs\".\"status\" = CAST($2::text AS \"public\".\"JobStatus\") AND \"public\".\"jobs\".\"nextAttemptAt\" <= $3) ORDER BY \"public\".\"jobs\".\"createdAt\" ASC LIMIT $4 OFFSET $5","timestamp":"2026-08-12T09:31:05.468Z"}
{"level":"debug","message":"prisma query (52ms): COMMIT","timestamp":"2026-08-12T09:31:05.521Z"}
{"level":"debug","message":"prisma query (67ms): BEGIN","timestamp":"2026-08-12T09:31:06.829Z"}
{"level":"debug","message":"prisma query (70ms): BEGIN","timestamp":"2026-08-12T09:31:06.834Z"}
{"level":"debug","message":"prisma query (82ms): DEALLOCATE ALL","timestamp":"2026-08-12T09:31:06.916Z"}
{"level":"debug","message":"prisma query (92ms): DEALLOCATE ALL","timestamp":"2026-08-12T09:31:06.922Z"}
{"level":"debug","message":"prisma query (144ms): SELECT \"public\".\"jobs\".\"id\", \"public\".\"jobs\".\"type\"::text, \"public\".\"jobs\".\"status\"::text, \"public\".\"jobs\".\"payload\", \"public\".\"jobs\".\"result\", \"public\".\"jobs\".\"error\", \"public\".\"jobs\".\"attempts\", \"public\".\"jobs\".\"maxAttempts\", \"public\".\"jobs\".\"nextAttemptAt\", \"public\".\"jobs\".\"createdById\", \"public\".\"jobs\".\"createdAt\", \"public\".\"jobs\".\"updatedAt\", \"public\".\"jobs\".\"completedAt\" FROM \"public\".\"jobs\" WHERE (\"public\".\"jobs\".\"type\" = CAST($1::text AS \"public\".\"JobType\") AND \"public\".\"jobs\".\"status\" = CAST($2::text AS \"public\".\"JobStatus\") AND \"public\".\"jobs\".\"nextAttemptAt\" <= $3) ORDER BY \"public\".\"jobs\".\"createdAt\" ASC LIMIT $4 OFFSET $5","timestamp":"2026-08-12T09:31:07.068Z"}
{"level":"debug","message":"prisma query (150ms): SELECT \"public\".\"jobs\".\"id\", \"public\".\"jobs\".\"type\"::text, \"public\".\"jobs\".\"status\"::text, \"public\".\"jobs\".\"payload\", \"public\".\"jobs\".\"result\", \"public\".\"jobs\".\"error\", \"public\".\"jobs\".\"attempts\", \"public\".\"jobs\".\"maxAttempts\", \"public\".\"jobs\".\"nextAttemptAt\", \"public\".\"jobs\".\"createdById\", \"public\".\"jobs\".\"createdAt\", \"public\".\"jobs\".\"updatedAt\", \"public\".\"jobs\".\"completedAt\" FROM \"public\".\"jobs\" WHERE (\"public\".\"jobs\".\"type\" = CAST($1::text AS \"public\".\"JobType\") AND \"public\".\"jobs\".\"status\" = CAST($2::text AS \"public\".\"JobStatus\") AND \"public\".\"jobs\".\"nextAttemptAt\" <= $3) ORDER BY \"public\".\"jobs\".\"createdAt\" ASC LIMIT $4 OFFSET $5","timestamp":"2026-08-12T09:31:07.068Z"}
{"level":"debug","message":"prisma query (78ms): COMMIT","timestamp":"2026-08-12T09:31:07.146Z"}
{"level":"debug","message":"prisma query (78ms): COMMIT","timestamp":"2026-08-12T09:31:07.147Z"}
{"level":"debug","message":"prisma query (101ms): BEGIN","timestamp":"2026-08-12T09:31:08.879Z"}
{"level":"debug","message":"prisma query (101ms): BEGIN","timestamp":"2026-08-12T09:31:08.879Z"}
{"level":"debug","message":"prisma query (306ms): DEALLOCATE ALL","timestamp":"2026-08-12T09:31:09.185Z"}
{"level":"debug","message":"prisma query (307ms): DEALLOCATE ALL","timestamp":"2026-08-12T09:31:09.187Z"}
{"level":"debug","message":"prisma query (289ms): SELECT \"public\".\"jobs\".\"id\", \"public\".\"jobs\".\"type\"::text, \"public\".\"jobs\".\"status\"::text, \"public\".\"jobs\".\"payload\", \"public\".\"jobs\".\"result\", \"public\".\"jobs\".\"error\", \"public\".\"jobs\".\"attempts\", \"public\".\"jobs\".\"maxAttempts\", \"public\".\"jobs\".\"nextAttemptAt\", \"public\".\"jobs\".\"createdById\", \"public\".\"jobs\".\"createdAt\", \"public\".\"jobs\".\"updatedAt\", \"public\".\"jobs\".\"completedAt\" FROM \"public\".\"jobs\" WHERE (\"public\".\"jobs\".\"type\" = CAST($1::text AS \"public\".\"JobType\") AND \"public\".\"jobs\".\"status\" = CAST($2::text AS \"public\".\"JobStatus\") AND \"public\".\"jobs\".\"nextAttemptAt\" <= $3) ORDER BY \"public\".\"jobs\".\"createdAt\" ASC LIMIT $4 OFFSET $5","timestamp":"2026-08-12T09:31:09.476Z"}
{"level":"debug","message":"prisma query (289ms): SELECT \"public\".\"jobs\".\"id\", \"public\".\"jobs\".\"type\"::text, \"public\".\"jobs\".\"status\"::text, \"public\".\"jobs\".\"payload\", \"public\".\"jobs\".\"result\", \"public\".\"jobs\".\"error\", \"public\".\"jobs\".\"attempts\", \"public\".\"jobs\".\"maxAttempts\", \"public\".\"jobs\".\"nextAttemptAt\", \"public\".\"jobs\".\"createdById\", \"public\".\"jobs\".\"createdAt\", \"public\".\"jobs\".\"updatedAt\", \"public\".\"jobs\".\"completedAt\" FROM \"public\".\"jobs\" WHERE (\"public\".\"jobs\".\"type\" = CAST($1::text AS \"public\".\"JobType\") AND \"public\".\"jobs\".\"status\" = CAST($2::text AS \"public\".\"JobStatus\") AND \"public\".\"jobs\".\"nextAttemptAt\" <= $3) ORDER BY \"public\".\"jobs\".\"createdAt\" ASC LIMIT $4 OFFSET $5","timestamp":"2026-08-12T09:31:09.477Z"}
{"level":"debug","message":"prisma query (91ms): COMMIT","timestamp":"2026-08-12T09:31:09.568Z"}
{"level":"debug","message":"prisma query (91ms): COMMIT","timestamp":"2026-08-12T09:31:09.568Z"}
{"level":"debug","message":"prisma query (52ms): SELECT 1","timestamp":"2026-08-12T09:31:10.835Z"}
{"level":"debug","message":"prisma query (53ms): BEGIN","timestamp":"2026-08-12T09:31:10.835Z"}
{"level":"debug","message":"prisma query (76ms): DEALLOCATE ALL","timestamp":"2026-08-12T09:31:10.912Z"}
{"level":"debug","message":"prisma query (76ms): BEGIN","timestamp":"2026-08-12T09:31:10.912Z"}
{"level":"debug","message":"prisma query (79ms): DEALLOCATE ALL","timestamp":"2026-08-12T09:31:10.991Z"}
{"level":"debug","message":"prisma query (161ms): SELECT \"public\".\"jobs\".\"id\", \"public\".\"jobs\".\"type\"::text, \"public\".\"jobs\".\"status\"::text, \"public\".\"jobs\".\"payload\", \"public\".\"jobs\".\"result\", \"public\".\"jobs\".\"error\", \"public\".\"jobs\".\"attempts\", \"public\".\"jobs\".\"maxAttempts\", \"public\".\"jobs\".\"nextAttemptAt\", \"public\".\"jobs\".\"createdById\", \"public\".\"jobs\".\"createdAt\", \"public\".\"jobs\".\"updatedAt\", \"public\".\"jobs\".\"completedAt\" FROM \"public\".\"jobs\" WHERE (\"public\".\"jobs\".\"type\" = CAST($1::text AS \"public\".\"JobType\") AND \"public\".\"jobs\".\"status\" = CAST($2::text AS \"public\".\"JobStatus\") AND \"public\".\"jobs\".\"nextAttemptAt\" <= $3) ORDER BY \"public\".\"jobs\".\"createdAt\" ASC LIMIT $4 OFFSET $5","timestamp":"2026-08-12T09:31:11.073Z"}
{"level":"debug","message":"prisma query (586ms): COMMIT","timestamp":"2026-08-12T09:31:11.661Z"}
{"level":"debug","message":"prisma query (669ms): SELECT \"public\".\"jobs\".\"id\", \"public\".\"jobs\".\"type\"::text, \"public\".\"jobs\".\"status\"::text, \"public\".\"jobs\".\"payload\", \"public\".\"jobs\".\"result\", \"public\".\"jobs\".\"error\", \"public\".\"jobs\".\"attempts\", \"public\".\"jobs\".\"maxAttempts\", \"public\".\"jobs\".\"nextAttemptAt\", \"public\".\"jobs\".\"createdById\", \"public\".\"jobs\".\"createdAt\", \"public\".\"jobs\".\"updatedAt\", \"public\".\"jobs\".\"completedAt\" FROM \"public\".\"jobs\" WHERE (\"public\".\"jobs\".\"type\" = CAST($1::text AS \"public\".\"JobType\") AND \"public\".\"jobs\".\"status\" = CAST($2::text AS \"public\".\"JobStatus\") AND \"public\".\"jobs\".\"nextAttemptAt\" <= $3) ORDER BY \"public\".\"jobs\".\"createdAt\" ASC LIMIT $4 OFFSET $5","timestamp":"2026-08-12T09:31:11.661Z"}
{"level":"debug","message":"prisma query (96ms): COMMIT","timestamp":"2026-08-12T09:31:11.758Z"}
{"level":"debug","message":"prisma query (76ms): BEGIN","timestamp":"2026-08-12T09:31:12.869Z"}
{"level":"debug","message":"prisma query (75ms): BEGIN","timestamp":"2026-08-12T09:31:12.871Z"}
{"level":"debug","message":"prisma query (54ms): DEALLOCATE ALL","timestamp":"2026-08-12T09:31:12.924Z"}
{"level":"debug","message":"prisma query (54ms): DEALLOCATE ALL","timestamp":"2026-08-12T09:31:12.925Z"}
{"level":"debug","message":"prisma query (260ms): SELECT \"public\".\"jobs\".\"id\", \"public\".\"jobs\".\"type\"::text, \"public\".\"jobs\".\"status\"::text, \"public\".\"jobs\".\"payload\", \"public\".\"jobs\".\"result\", \"public\".\"jobs\".\"error\", \"public\".\"jobs\".\"attempts\", \"public\".\"jobs\".\"maxAttempts\", \"public\".\"jobs\".\"nextAttemptAt\", \"public\".\"jobs\".\"createdById\", \"public\".\"jobs\".\"createdAt\", \"public\".\"jobs\".\"updatedAt\", \"public\".\"jobs\".\"completedAt\" FROM \"public\".\"jobs\" WHERE (\"public\".\"jobs\".\"type\" = CAST($1::text AS \"public\".\"JobType\") AND \"public\".\"jobs\".\"status\" = CAST($2::text AS \"public\".\"JobStatus\") AND \"public\".\"jobs\".\"nextAttemptAt\" <= $3) ORDER BY \"public\".\"jobs\".\"createdAt\" ASC LIMIT $4 OFFSET $5","timestamp":"2026-08-12T09:31:13.186Z"}
{"level":"debug","message":"prisma query (260ms): SELECT \"public\".\"jobs\".\"id\", \"public\".\"jobs\".\"type\"::text, \"public\".\"jobs\".\"status\"::text, \"public\".\"jobs\".\"payload\", \"public\".\"jobs\".\"result\", \"public\".\"jobs\".\"error\", \"public\".\"jobs\".\"attempts\", \"public\".\"jobs\".\"maxAttempts\", \"public\".\"jobs\".\"nextAttemptAt\", \"public\".\"jobs\".\"createdById\", \"public\".\"jobs\".\"createdAt\", \"public\".\"jobs\".\"updatedAt\", \"public\".\"jobs\".\"completedAt\" FROM \"public\".\"jobs\" WHERE (\"public\".\"jobs\".\"type\" = CAST($1::text AS \"public\".\"JobType\") AND \"public\".\"jobs\".\"status\" = CAST($2::text AS \"public\".\"JobStatus\") AND \"public\".\"jobs\".\"nextAttemptAt\" <= $3) ORDER BY \"public\".\"jobs\".\"createdAt\" ASC LIMIT $4 OFFSET $5","timestamp":"2026-08-12T09:31:13.187Z"}
{"level":"debug","message":"prisma query (231ms): COMMIT","timestamp":"2026-08-12T09:31:13.417Z"}
{"level":"debug","message":"prisma query (232ms): COMMIT","timestamp":"2026-08-12T09:31:13.418Z"}
{"level":"debug","message":"prisma query (56ms): BEGIN","timestamp":"2026-08-12T09:31:14.860Z"}
{"level":"debug","message":"prisma query (68ms): SELECT 1","timestamp":"2026-08-12T09:31:14.871Z"}
{"level":"debug","message":"prisma query (59ms): DEALLOCATE ALL","timestamp":"2026-08-12T09:31:14.919Z"}
{"level":"debug","message":"prisma query (69ms): BEGIN","timestamp":"2026-08-12T09:31:14.942Z"}
{"level":"debug","message":"prisma query (56ms): DEALLOCATE ALL","timestamp":"2026-08-12T09:31:14.998Z"}
{"level":"debug","message":"prisma query (143ms): SELECT \"public\".\"jobs\".\"id\", \"public\".\"jobs\".\"type\"::text, \"public\".\"jobs\".\"status\"::text, \"public\".\"jobs\".\"payload\", \"public\".\"jobs\".\"result\", \"public\".\"jobs\".\"error\", \"public\".\"jobs\".\"attempts\", \"public\".\"jobs\".\"maxAttempts\", \"public\".\"jobs\".\"nextAttemptAt\", \"public\".\"jobs\".\"createdById\", \"public\".\"jobs\".\"createdAt\", \"public\".\"jobs\".\"updatedAt\", \"public\".\"jobs\".\"completedAt\" FROM \"public\".\"jobs\" WHERE (\"public\".\"jobs\".\"type\" = CAST($1::text AS \"public\".\"JobType\") AND \"public\".\"jobs\".\"status\" = CAST($2::text AS \"public\".\"JobStatus\") AND \"public\".\"jobs\".\"nextAttemptAt\" <= $3) ORDER BY \"public\".\"jobs\".\"createdAt\" ASC LIMIT $4 OFFSET $5","timestamp":"2026-08-12T09:31:15.063Z"}
{"level":"debug","message":"prisma query (40ms): COMMIT","timestamp":"2026-08-12T09:31:15.103Z"}
{"level":"debug","message":"prisma query (148ms): SELECT \"public\".\"jobs\".\"id\", \"public\".\"jobs\".\"type\"::text, \"public\".\"jobs\".\"status\"::text, \"public\".\"jobs\".\"payload\", \"public\".\"jobs\".\"result\", \"public\".\"jobs\".\"error\", \"public\".\"jobs\".\"attempts\", \"public\".\"jobs\".\"maxAttempts\", \"public\".\"jobs\".\"nextAttemptAt\", \"public\".\"jobs\".\"createdById\", \"public\".\"jobs\".\"createdAt\", \"public\".\"jobs\".\"updatedAt\", \"public\".\"jobs\".\"completedAt\" FROM \"public\".\"jobs\" WHERE (\"public\".\"jobs\".\"type\" = CAST($1::text AS \"public\".\"JobType\") AND \"public\".\"jobs\".\"status\" = CAST($2::text AS \"public\".\"JobStatus\") AND \"public\".\"jobs\".\"nextAttemptAt\" <= $3) ORDER BY \"public\".\"jobs\".\"createdAt\" ASC LIMIT $4 OFFSET $5","timestamp":"2026-08-12T09:31:15.147Z"}
{"level":"debug","message":"prisma query (51ms): COMMIT","timestamp":"2026-08-12T09:31:15.198Z"}
{"level":"debug","message":"prisma query (88ms): BEGIN","timestamp":"2026-08-12T09:31:16.903Z"}
{"level":"debug","message":"prisma query (88ms): BEGIN","timestamp":"2026-08-12T09:31:16.903Z"}
{"level":"debug","message":"prisma query (39ms): DEALLOCATE ALL","timestamp":"2026-08-12T09:31:16.943Z"}
{"level":"debug","message":"prisma query (50ms): DEALLOCATE ALL","timestamp":"2026-08-12T09:31:16.954Z"}
{"level":"debug","message":"prisma query (111ms): SELECT \"public\".\"jobs\".\"id\", \"public\".\"jobs\".\"type\"::text, \"public\".\"jobs\".\"status\"::text, \"public\".\"jobs\".\"payload\", \"public\".\"jobs\".\"result\", \"public\".\"jobs\".\"error\", \"public\".\"jobs\".\"attempts\", \"public\".\"jobs\".\"maxAttempts\", \"public\".\"jobs\".\"nextAttemptAt\", \"public\".\"jobs\".\"createdById\", \"public\".\"jobs\".\"createdAt\", \"public\".\"jobs\".\"updatedAt\", \"public\".\"jobs\".\"completedAt\" FROM \"public\".\"jobs\" WHERE (\"public\".\"jobs\".\"type\" = CAST($1::text AS \"public\".\"JobType\") AND \"public\".\"jobs\".\"status\" = CAST($2::text AS \"public\".\"JobStatus\") AND \"public\".\"jobs\".\"nextAttemptAt\" <= $3) ORDER BY \"public\".\"jobs\".\"createdAt\" ASC LIMIT $4 OFFSET $5","timestamp":"2026-08-12T09:31:17.065Z"}
{"level":"debug","message":"prisma query (129ms): SELECT \"public\".\"jobs\".\"id\", \"public\".\"jobs\".\"type\"::text, \"public\".\"jobs\".\"status\"::text, \"public\".\"jobs\".\"payload\", \"public\".\"jobs\".\"result\", \"public\".\"jobs\".\"error\", \"public\".\"jobs\".\"attempts\", \"public\".\"jobs\".\"maxAttempts\", \"public\".\"jobs\".\"nextAttemptAt\", \"public\".\"jobs\".\"createdById\", \"public\".\"jobs\".\"createdAt\", \"public\".\"jobs\".\"updatedAt\", \"public\".\"jobs\".\"completedAt\" FROM \"public\".\"jobs\" WHERE (\"public\".\"jobs\".\"type\" = CAST($1::text AS \"public\".\"JobType\") AND \"public\".\"jobs\".\"status\" = CAST($2::text AS \"public\".\"JobStatus\") AND \"public\".\"jobs\".\"nextAttemptAt\" <= $3) ORDER BY \"public\".\"jobs\".\"createdAt\" ASC LIMIT $4 OFFSET $5","timestamp":"2026-08-12T09:31:17.073Z"}
{"level":"debug","message":"prisma query (41ms): COMMIT","timestamp":"2026-08-12T09:31:17.115Z"}
{"level":"debug","message":"prisma query (49ms): COMMIT","timestamp":"2026-08-12T09:31:17.116Z"}
{"level":"debug","message":"prisma query (46ms): BEGIN","timestamp":"2026-08-12T09:31:18.871Z"}
{"level":"debug","message":"prisma query (46ms): BEGIN","timestamp":"2026-08-12T09:31:18.871Z"}
{"level":"debug","message":"prisma query (78ms): DEALLOCATE ALL","timestamp":"2026-08-12T09:31:18.949Z"}
{"level":"debug","message":"prisma query (79ms): DEALLOCATE ALL","timestamp":"2026-08-12T09:31:18.950Z"}
{"level":"debug","message":"prisma query (133ms): SELECT \"public\".\"jobs\".\"id\", \"public\".\"jobs\".\"type\"::text, \"public\".\"jobs\".\"status\"::text, \"public\".\"jobs\".\"payload\", \"public\".\"jobs\".\"result\", \"public\".\"jobs\".\"error\", \"public\".\"jobs\".\"attempts\", \"public\".\"jobs\".\"maxAttempts\", \"public\".\"jobs\".\"nextAttemptAt\", \"public\".\"jobs\".\"createdById\", \"public\".\"jobs\".\"createdAt\", \"public\".\"jobs\".\"updatedAt\", \"public\".\"jobs\".\"completedAt\" FROM \"public\".\"jobs\" WHERE (\"public\".\"jobs\".\"type\" = CAST($1::text AS \"public\".\"JobType\") AND \"public\".\"jobs\".\"status\" = CAST($2::text AS \"public\".\"JobStatus\") AND \"public\".\"jobs\".\"nextAttemptAt\" <= $3) ORDER BY \"public\".\"jobs\".\"createdAt\" ASC LIMIT $4 OFFSET $5","timestamp":"2026-08-12T09:31:19.083Z"}
{"level":"debug","message":"prisma query (142ms): SELECT \"public\".\"jobs\".\"id\", \"public\".\"jobs\".\"type\"::text, \"public\".\"jobs\".\"status\"::text, \"public\".\"jobs\".\"payload\", \"public\".\"jobs\".\"result\", \"public\".\"jobs\".\"error\", \"public\".\"jobs\".\"attempts\", \"public\".\"jobs\".\"maxAttempts\", \"public\".\"jobs\".\"nextAttemptAt\", \"public\".\"jobs\".\"createdById\", \"public\".\"jobs\".\"createdAt\", \"public\".\"jobs\".\"updatedAt\", \"public\".\"jobs\".\"completedAt\" FROM \"public\".\"jobs\" WHERE (\"public\".\"jobs\".\"type\" = CAST($1::text AS \"public\".\"JobType\") AND \"public\".\"jobs\".\"status\" = CAST($2::text AS \"public\".\"JobStatus\") AND \"public\".\"jobs\".\"nextAttemptAt\" <= $3) ORDER BY \"public\".\"jobs\".\"createdAt\" ASC LIMIT $4 OFFSET $5","timestamp":"2026-08-12T09:31:19.093Z"}
{"level":"debug","message":"prisma query (38ms): COMMIT","timestamp":"2026-08-12T09:31:19.122Z"}
{"level":"debug","message":"prisma query (59ms): COMMIT","timestamp":"2026-08-12T09:31:19.153Z"}
{"level":"debug","message":"prisma query (282ms): BEGIN","timestamp":"2026-08-12T09:31:21.110Z"}
{"level":"debug","message":"prisma query (281ms): BEGIN","timestamp":"2026-08-12T09:31:21.110Z"}
{"level":"debug","message":"prisma query (325ms): DEALLOCATE ALL","timestamp":"2026-08-12T09:31:21.437Z"}
{"level":"debug","message":"prisma query (326ms): DEALLOCATE ALL","timestamp":"2026-08-12T09:31:21.438Z"}
{"level":"debug","message":"prisma query (388ms): SELECT \"public\".\"jobs\".\"id\", \"public\".\"jobs\".\"type\"::text, \"public\".\"jobs\".\"status\"::text, \"public\".\"jobs\".\"payload\", \"public\".\"jobs\".\"result\", \"public\".\"jobs\".\"error\", \"public\".\"jobs\".\"attempts\", \"public\".\"jobs\".\"maxAttempts\", \"public\".\"jobs\".\"nextAttemptAt\", \"public\".\"jobs\".\"createdById\", \"public\".\"jobs\".\"createdAt\", \"public\".\"jobs\".\"updatedAt\", \"public\".\"jobs\".\"completedAt\" FROM \"public\".\"jobs\" WHERE (\"public\".\"jobs\".\"type\" = CAST($1::text AS \"public\".\"JobType\") AND \"public\".\"jobs\".\"status\" = CAST($2::text AS \"public\".\"JobStatus\") AND \"public\".\"jobs\".\"nextAttemptAt\" <= $3) ORDER BY \"public\".\"jobs\".\"createdAt\" ASC LIMIT $4 OFFSET $5","timestamp":"2026-08-12T09:31:21.825Z"}
{"level":"debug","message":"prisma query (396ms): SELECT \"public\".\"jobs\".\"id\", \"public\".\"jobs\".\"type\"::text, \"public\".\"jobs\".\"status\"::text, \"public\".\"jobs\".\"payload\", \"public\".\"jobs\".\"result\", \"public\".\"jobs\".\"error\", \"public\".\"jobs\".\"attempts\", \"public\".\"jobs\".\"maxAttempts\", \"public\".\"jobs\".\"nextAttemptAt\", \"public\".\"jobs\".\"createdById\", \"public\".\"jobs\".\"createdAt\", \"public\".\"jobs\".\"updatedAt\", \"public\".\"jobs\".\"completedAt\" FROM \"public\".\"jobs\" WHERE (\"public\".\"jobs\".\"type\" = CAST($1::text AS \"public\".\"JobType\") AND \"public\".\"jobs\".\"status\" = CAST($2::text AS \"public\".\"JobStatus\") AND \"public\".\"jobs\".\"nextAttemptAt\" <= $3) ORDER BY \"public\".\"jobs\".\"createdAt\" ASC LIMIT $4 OFFSET $5","timestamp":"2026-08-12T09:31:21.833Z"}
{"level":"debug","message":"prisma query (48ms): COMMIT","timestamp":"2026-08-12T09:31:21.874Z"}
{"level":"debug","message":"prisma query (41ms): COMMIT","timestamp":"2026-08-12T09:31:21.875Z"}
{"level":"debug","message":"prisma query (70ms): BEGIN","timestamp":"2026-08-12T09:31:22.913Z"}
{"level":"debug","message":"prisma query (71ms): BEGIN","timestamp":"2026-08-12T09:31:22.913Z"}
{"level":"debug","message":"prisma query (70ms): DEALLOCATE ALL","timestamp":"2026-08-12T09:31:22.983Z"}
{"level":"debug","message":"prisma query (70ms): DEALLOCATE ALL","timestamp":"2026-08-12T09:31:22.984Z"}
{"level":"debug","message":"prisma query (704ms): SELECT \"public\".\"jobs\".\"id\", \"public\".\"jobs\".\"type\"::text, \"public\".\"jobs\".\"status\"::text, \"public\".\"jobs\".\"payload\", \"public\".\"jobs\".\"result\", \"public\".\"jobs\".\"error\", \"public\".\"jobs\".\"attempts\", \"public\".\"jobs\".\"maxAttempts\", \"public\".\"jobs\".\"nextAttemptAt\", \"public\".\"jobs\".\"createdById\", \"public\".\"jobs\".\"createdAt\", \"public\".\"jobs\".\"updatedAt\", \"public\".\"jobs\".\"completedAt\" FROM \"public\".\"jobs\" WHERE (\"public\".\"jobs\".\"type\" = CAST($1::text AS \"public\".\"JobType\") AND \"public\".\"jobs\".\"status\" = CAST($2::text AS \"public\".\"JobStatus\") AND \"public\".\"jobs\".\"nextAttemptAt\" <= $3) ORDER BY \"public\".\"jobs\".\"createdAt\" ASC LIMIT $4 OFFSET $5","timestamp":"2026-08-12T09:31:23.696Z"}
{"level":"debug","message":"prisma query (704ms): SELECT \"public\".\"jobs\".\"id\", \"public\".\"jobs\".\"type\"::text, \"public\".\"jobs\".\"status\"::text, \"public\".\"jobs\".\"payload\", \"public\".\"jobs\".\"result\", \"public\".\"jobs\".\"error\", \"public\".\"jobs\".\"attempts\", \"public\".\"jobs\".\"maxAttempts\", \"public\".\"jobs\".\"nextAttemptAt\", \"public\".\"jobs\".\"createdById\", \"public\".\"jobs\".\"createdAt\", \"public\".\"jobs\".\"updatedAt\", \"public\".\"jobs\".\"completedAt\" FROM \"public\".\"jobs\" WHERE (\"public\".\"jobs\".\"type\" = CAST($1::text AS \"public\".\"JobType\") AND \"public\".\"jobs\".\"status\" = CAST($2::text AS \"public\".\"JobStatus\") AND \"public\".\"jobs\".\"nextAttemptAt\" <= $3) ORDER BY \"public\".\"jobs\".\"createdAt\" ASC LIMIT $4 OFFSET $5","timestamp":"2026-08-12T09:31:23.696Z"}
{"level":"debug","message":"prisma query (155ms): COMMIT","timestamp":"2026-08-12T09:31:23.844Z"}
{"level":"debug","message":"prisma query (155ms): COMMIT","timestamp":"2026-08-12T09:31:23.845Z"}
{"level":"debug","message":"prisma query (110ms): BEGIN","timestamp":"2026-08-12T09:31:24.958Z"}
{"level":"debug","message":"prisma query (112ms): BEGIN","timestamp":"2026-08-12T09:31:24.960Z"}
{"level":"debug","message":"prisma query (251ms): DEALLOCATE ALL","timestamp":"2026-08-12T09:31:25.205Z"}
{"level":"debug","message":"prisma query (254ms): DEALLOCATE ALL","timestamp":"2026-08-12T09:31:25.206Z"}
{"level":"debug","message":"prisma query (235ms): SELECT \"public\".\"jobs\".\"id\", \"public\".\"jobs\".\"type\"::text, \"public\".\"jobs\".\"status\"::text, \"public\".\"jobs\".\"payload\", \"public\".\"jobs\".\"result\", \"public\".\"jobs\".\"error\", \"public\".\"jobs\".\"attempts\", \"public\".\"jobs\".\"maxAttempts\", \"public\".\"jobs\".\"nextAttemptAt\", \"public\".\"jobs\".\"createdById\", \"public\".\"jobs\".\"createdAt\", \"public\".\"jobs\".\"updatedAt\", \"public\".\"jobs\".\"completedAt\" FROM \"public\".\"jobs\" WHERE (\"public\".\"jobs\".\"type\" = CAST($1::text AS \"public\".\"JobType\") AND \"public\".\"jobs\".\"status\" = CAST($2::text AS \"public\".\"JobStatus\") AND \"public\".\"jobs\".\"nextAttemptAt\" <= $3) ORDER BY \"public\".\"jobs\".\"createdAt\" ASC LIMIT $4 OFFSET $5","timestamp":"2026-08-12T09:31:25.441Z"}
{"level":"debug","message":"prisma query (233ms): SELECT \"public\".\"jobs\".\"id\", \"public\".\"jobs\".\"type\"::text, \"public\".\"jobs\".\"status\"::text, \"public\".\"jobs\".\"payload\", \"public\".\"jobs\".\"result\", \"public\".\"jobs\".\"error\", \"public\".\"jobs\".\"attempts\", \"public\".\"jobs\".\"maxAttempts\", \"public\".\"jobs\".\"nextAttemptAt\", \"public\".\"jobs\".\"createdById\", \"public\".\"jobs\".\"createdAt\", \"public\".\"jobs\".\"updatedAt\", \"public\".\"jobs\".\"completedAt\" FROM \"public\".\"jobs\" WHERE (\"public\".\"jobs\".\"type\" = CAST($1::text AS \"public\".\"JobType\") AND \"public\".\"jobs\".\"status\" = CAST($2::text AS \"public\".\"JobStatus\") AND \"public\".\"jobs\".\"nextAttemptAt\" <= $3) ORDER BY \"public\".\"jobs\".\"createdAt\" ASC LIMIT $4 OFFSET $5","timestamp":"2026-08-12T09:31:25.442Z"}
{"level":"debug","message":"prisma query (66ms): COMMIT","timestamp":"2026-08-12T09:31:25.508Z"}
{"level":"debug","message":"prisma query (66ms): COMMIT","timestamp":"2026-08-12T09:31:25.508Z"}
{"level":"debug","message":"prisma query (211ms): SELECT 1","timestamp":"2026-08-12T09:31:27.066Z"}
{"level":"debug","message":"prisma query (211ms): BEGIN","timestamp":"2026-08-12T09:31:27.066Z"}
{"level":"debug","message":"prisma query (55ms): DEALLOCATE ALL","timestamp":"2026-08-12T09:31:27.122Z"}
{"level":"debug","message":"prisma query (56ms): BEGIN","timestamp":"2026-08-12T09:31:27.123Z"}
{"level":"debug","message":"prisma query (58ms): DEALLOCATE ALL","timestamp":"2026-08-12T09:31:27.181Z"}
{"level":"debug","message":"prisma query (84ms): SELECT \"public\".\"jobs\".\"id\", \"public\".\"jobs\".\"type\"::text, \"public\".\"jobs\".\"status\"::text, \"public\".\"jobs\".\"payload\", \"public\".\"jobs\".\"result\", \"public\".\"jobs\".\"error\", \"public\".\"jobs\".\"attempts\", \"public\".\"jobs\".\"maxAttempts\", \"public\".\"jobs\".\"nextAttemptAt\", \"public\".\"jobs\".\"createdById\", \"public\".\"jobs\".\"createdAt\", \"public\".\"jobs\".\"updatedAt\", \"public\".\"jobs\".\"completedAt\" FROM \"public\".\"jobs\" WHERE (\"public\".\"jobs\".\"type\" = CAST($1::text AS \"public\".\"JobType\") AND \"public\".\"jobs\".\"status\" = CAST($2::text AS \"public\".\"JobStatus\") AND \"public\".\"jobs\".\"nextAttemptAt\" <= $3) ORDER BY \"public\".\"jobs\".\"createdAt\" ASC LIMIT $4 OFFSET $5","timestamp":"2026-08-12T09:31:27.266Z"}
{"level":"debug","message":"prisma query (142ms): SELECT \"public\".\"jobs\".\"id\", \"public\".\"jobs\".\"type\"::text, \"public\".\"jobs\".\"status\"::text, \"public\".\"jobs\".\"payload\", \"public\".\"jobs\".\"result\", \"public\".\"jobs\".\"error\", \"public\".\"jobs\".\"attempts\", \"public\".\"jobs\".\"maxAttempts\", \"public\".\"jobs\".\"nextAttemptAt\", \"public\".\"jobs\".\"createdById\", \"public\".\"jobs\".\"createdAt\", \"public\".\"jobs\".\"updatedAt\", \"public\".\"jobs\".\"completedAt\" FROM \"public\".\"jobs\" WHERE (\"public\".\"jobs\".\"type\" = CAST($1::text AS \"public\".\"JobType\") AND \"public\".\"jobs\".\"status\" = CAST($2::text AS \"public\".\"JobStatus\") AND \"public\".\"jobs\".\"nextAttemptAt\" <= $3) ORDER BY \"public\".\"jobs\".\"createdAt\" ASC LIMIT $4 OFFSET $5","timestamp":"2026-08-12T09:31:27.266Z"}
{"level":"debug","message":"prisma query (45ms): COMMIT","timestamp":"2026-08-12T09:31:27.312Z"}
{"level":"debug","message":"prisma query (45ms): COMMIT","timestamp":"2026-08-12T09:31:27.312Z"}
{"level":"debug","message":"prisma query (58ms): BEGIN","timestamp":"2026-08-12T09:31:28.352Z"}
{"level":"debug","message":"prisma query (67ms): DEALLOCATE ALL","timestamp":"2026-08-12T09:31:28.420Z"}
{"level":"debug","message":"prisma query (133ms): SELECT \"public\".\"users\".\"id\", \"public\".\"users\".\"name\", \"public\".\"users\".\"email\", \"public\".\"users\".\"passwordHash\", \"public\".\"users\".\"roleId\", \"public\".\"users\".\"isActive\", \"public\".\"users\".\"lastLoginAt\", \"public\".\"users\".\"createdAt\", \"public\".\"users\".\"updatedAt\" FROM \"public\".\"users\" WHERE (\"public\".\"users\".\"email\" = $1 AND 1=1) LIMIT $2 OFFSET $3","timestamp":"2026-08-12T09:31:28.553Z"}
{"level":"debug","message":"prisma query (72ms): COMMIT","timestamp":"2026-08-12T09:31:28.626Z"}
{"level":"debug","message":"prisma query (54ms): BEGIN","timestamp":"2026-08-12T09:31:28.682Z"}
{"level":"debug","message":"prisma query (61ms): DEALLOCATE ALL","timestamp":"2026-08-12T09:31:28.744Z"}
{"level":"debug","message":"prisma query (134ms): INSERT INTO \"public\".\"login_attempts\" (\"id\",\"email\",\"success\",\"failureReason\",\"ipAddress\",\"userAgent\",\"createdAt\") VALUES ($1,$2,$3,$4,$5,$6,$7) RETURNING \"public\".\"login_attempts\".\"id\", \"public\".\"login_attempts\".\"email\", \"public\".\"login_attempts\".\"userId\", \"public\".\"login_attempts\".\"success\", \"public\".\"login_attempts\".\"failureReason\", \"public\".\"login_attempts\".\"ipAddress\", \"public\".\"login_attempts\".\"userAgent\", \"public\".\"login_attempts\".\"createdAt\"","timestamp":"2026-08-12T09:31:28.879Z"}
{"level":"debug","message":"prisma query (88ms): BEGIN","timestamp":"2026-08-12T09:31:28.957Z"}
{"level":"debug","message":"prisma query (77ms): COMMIT","timestamp":"2026-08-12T09:31:28.957Z"}
{"ip":"::1","level":"warn","message":"Invalid email or password","method":"POST","path":"/api/v1/auth/login","statusCode":401,"timestamp":"2026-08-12T09:31:28.960Z"}
{"level":"http","message":"\u001b[0mPOST /api/v1/auth/login \u001b[33m401\u001b[0m 677.631 ms - 571\u001b[0m","timestamp":"2026-08-12T09:31:28.966Z"}
{"level":"debug","message":"prisma query (65ms): DEALLOCATE ALL","timestamp":"2026-08-12T09:31:29.023Z"}
{"level":"debug","message":"prisma query (87ms): SELECT \"public\".\"jobs\".\"id\", \"public\".\"jobs\".\"type\"::text, \"public\".\"jobs\".\"status\"::text, \"public\".\"jobs\".\"payload\", \"public\".\"jobs\".\"result\", \"public\".\"jobs\".\"error\", \"public\".\"jobs\".\"attempts\", \"public\".\"jobs\".\"maxAttempts\", \"public\".\"jobs\".\"nextAttemptAt\", \"public\".\"jobs\".\"createdById\", \"public\".\"jobs\".\"createdAt\", \"public\".\"jobs\".\"updatedAt\", \"public\".\"jobs\".\"completedAt\" FROM \"public\".\"jobs\" WHERE (\"public\".\"jobs\".\"type\" = CAST($1::text AS \"public\".\"JobType\") AND \"public\".\"jobs\".\"status\" = CAST($2::text AS \"public\".\"JobStatus\") AND \"public\".\"jobs\".\"nextAttemptAt\" <= $3) ORDER BY \"public\".\"jobs\".\"createdAt\" ASC LIMIT $4 OFFSET $5","timestamp":"2026-08-12T09:31:29.111Z"}
{"level":"debug","message":"prisma query (41ms): COMMIT","timestamp":"2026-08-12T09:31:29.152Z"}
{"level":"debug","message":"prisma query (55ms): BEGIN","timestamp":"2026-08-12T09:31:29.399Z"}
{"level":"debug","message":"prisma query (69ms): DEALLOCATE ALL","timestamp":"2026-08-12T09:31:29.468Z"}
{"level":"debug","message":"prisma query (114ms): SELECT \"public\".\"jobs\".\"id\", \"public\".\"jobs\".\"type\"::text, \"public\".\"jobs\".\"status\"::text, \"public\".\"jobs\".\"payload\", \"public\".\"jobs\".\"result\", \"public\".\"jobs\".\"error\", \"public\".\"jobs\".\"attempts\", \"public\".\"jobs\".\"maxAttempts\", \"public\".\"jobs\".\"nextAttemptAt\", \"public\".\"jobs\".\"createdById\", \"public\".\"jobs\".\"createdAt\", \"public\".\"jobs\".\"updatedAt\", \"public\".\"jobs\".\"completedAt\" FROM \"public\".\"jobs\" WHERE (\"public\".\"jobs\".\"type\" = CAST($1::text AS \"public\".\"JobType\") AND \"public\".\"jobs\".\"status\" = CAST($2::text AS \"public\".\"JobStatus\") AND \"public\".\"jobs\".\"nextAttemptAt\" <= $3) ORDER BY \"public\".\"jobs\".\"createdAt\" ASC LIMIT $4 OFFSET $5","timestamp":"2026-08-12T09:31:29.583Z"}
{"level":"debug","message":"prisma query (39ms): COMMIT","timestamp":"2026-08-12T09:31:29.624Z"}
{"level":"debug","message":"prisma query (70ms): BEGIN","timestamp":"2026-08-12T09:31:30.953Z"}
{"level":"debug","message":"prisma query (71ms): SELECT 1","timestamp":"2026-08-12T09:31:30.954Z"}
{"level":"debug","message":"prisma query (61ms): DEALLOCATE ALL","timestamp":"2026-08-12T09:31:31.014Z"}
{"level":"debug","message":"prisma query (69ms): BEGIN","timestamp":"2026-08-12T09:31:31.023Z"}
{"level":"debug","message":"prisma query (54ms): DEALLOCATE ALL","timestamp":"2026-08-12T09:31:31.078Z"}
{"level":"debug","message":"prisma query (145ms): SELECT \"public\".\"jobs\".\"id\", \"public\".\"jobs\".\"type\"::text, \"public\".\"jobs\".\"status\"::text, \"public\".\"jobs\".\"payload\", \"public\".\"jobs\".\"result\", \"public\".\"jobs\".\"error\", \"public\".\"jobs\".\"attempts\", \"public\".\"jobs\".\"maxAttempts\", \"public\".\"jobs\".\"nextAttemptAt\", \"public\".\"jobs\".\"createdById\", \"public\".\"jobs\".\"createdAt\", \"public\".\"jobs\".\"updatedAt\", \"public\".\"jobs\".\"completedAt\" FROM \"public\".\"jobs\" WHERE (\"public\".\"jobs\".\"type\" = CAST($1::text AS \"public\".\"JobType\") AND \"public\".\"jobs\".\"status\" = CAST($2::text AS \"public\".\"JobStatus\") AND \"public\".\"jobs\".\"nextAttemptAt\" <= $3) ORDER BY \"public\".\"jobs\".\"createdAt\" ASC LIMIT $4 OFFSET $5","timestamp":"2026-08-12T09:31:31.229Z"}
{"level":"debug","message":"prisma query (72ms): COMMIT","timestamp":"2026-08-12T09:31:31.233Z"}
{"level":"debug","message":"prisma query (154ms): SELECT \"public\".\"jobs\".\"id\", \"public\".\"jobs\".\"type\"::text, \"public\".\"jobs\".\"status\"::text, \"public\".\"jobs\".\"payload\", \"public\".\"jobs\".\"result\", \"public\".\"jobs\".\"error\", \"public\".\"jobs\".\"attempts\", \"public\".\"jobs\".\"maxAttempts\", \"public\".\"jobs\".\"nextAttemptAt\", \"public\".\"jobs\".\"createdById\", \"public\".\"jobs\".\"createdAt\", \"public\".\"jobs\".\"updatedAt\", \"public\".\"jobs\".\"completedAt\" FROM \"public\".\"jobs\" WHERE (\"public\".\"jobs\".\"type\" = CAST($1::text AS \"public\".\"JobType\") AND \"public\".\"jobs\".\"status\" = CAST($2::text AS \"public\".\"JobStatus\") AND \"public\".\"jobs\".\"nextAttemptAt\" <= $3) ORDER BY \"public\".\"jobs\".\"createdAt\" ASC LIMIT $4 OFFSET $5","timestamp":"2026-08-12T09:31:31.234Z"}
{"level":"debug","message":"prisma query (78ms): COMMIT","timestamp":"2026-08-12T09:31:31.312Z"}
{"level":"debug","message":"prisma query (309ms): BEGIN","timestamp":"2026-08-12T09:31:33.204Z"}
{"level":"debug","message":"prisma query (309ms): BEGIN","timestamp":"2026-08-12T09:31:33.205Z"}
{"level":"debug","message":"prisma query (114ms): DEALLOCATE ALL","timestamp":"2026-08-12T09:31:33.320Z"}
{"level":"debug","message":"prisma query (115ms): DEALLOCATE ALL","timestamp":"2026-08-12T09:31:33.320Z"}
{"level":"debug","message":"prisma query (273ms): SELECT \"public\".\"jobs\".\"id\", \"public\".\"jobs\".\"type\"::text, \"public\".\"jobs\".\"status\"::text, \"public\".\"jobs\".\"payload\", \"public\".\"jobs\".\"result\", \"public\".\"jobs\".\"error\", \"public\".\"jobs\".\"attempts\", \"public\".\"jobs\".\"maxAttempts\", \"public\".\"jobs\".\"nextAttemptAt\", \"public\".\"jobs\".\"createdById\", \"public\".\"jobs\".\"createdAt\", \"public\".\"jobs\".\"updatedAt\", \"public\".\"jobs\".\"completedAt\" FROM \"public\".\"jobs\" WHERE (\"public\".\"jobs\".\"type\" = CAST($1::text AS \"public\".\"JobType\") AND \"public\".\"jobs\".\"status\" = CAST($2::text AS \"public\".\"JobStatus\") AND \"public\".\"jobs\".\"nextAttemptAt\" <= $3) ORDER BY \"public\".\"jobs\".\"createdAt\" ASC LIMIT $4 OFFSET $5","timestamp":"2026-08-12T09:31:33.593Z"}
{"level":"debug","message":"prisma query (273ms): SELECT \"public\".\"jobs\".\"id\", \"public\".\"jobs\".\"type\"::text, \"public\".\"jobs\".\"status\"::text, \"public\".\"jobs\".\"payload\", \"public\".\"jobs\".\"result\", \"public\".\"jobs\".\"error\", \"public\".\"jobs\".\"attempts\", \"public\".\"jobs\".\"maxAttempts\", \"public\".\"jobs\".\"nextAttemptAt\", \"public\".\"jobs\".\"createdById\", \"public\".\"jobs\".\"createdAt\", \"public\".\"jobs\".\"updatedAt\", \"public\".\"jobs\".\"completedAt\" FROM \"public\".\"jobs\" WHERE (\"public\".\"jobs\".\"type\" = CAST($1::text AS \"public\".\"JobType\") AND \"public\".\"jobs\".\"status\" = CAST($2::text AS \"public\".\"JobStatus\") AND \"public\".\"jobs\".\"nextAttemptAt\" <= $3) ORDER BY \"public\".\"jobs\".\"createdAt\" ASC LIMIT $4 OFFSET $5","timestamp":"2026-08-12T09:31:33.594Z"}
{"level":"debug","message":"prisma query (602ms): COMMIT","timestamp":"2026-08-12T09:31:34.196Z"}
{"level":"debug","message":"prisma query (602ms): COMMIT","timestamp":"2026-08-12T09:31:34.196Z"}
{"level":"debug","message":"prisma query (40ms): BEGIN","timestamp":"2026-08-12T09:31:34.943Z"}
{"level":"debug","message":"prisma query (40ms): BEGIN","timestamp":"2026-08-12T09:31:34.944Z"}
{"level":"debug","message":"prisma query (79ms): DEALLOCATE ALL","timestamp":"2026-08-12T09:31:35.023Z"}
{"level":"debug","message":"prisma query (79ms): DEALLOCATE ALL","timestamp":"2026-08-12T09:31:35.024Z"}
{"level":"debug","message":"prisma query (120ms): SELECT \"public\".\"jobs\".\"id\", \"public\".\"jobs\".\"type\"::text, \"public\".\"jobs\".\"status\"::text, \"public\".\"jobs\".\"payload\", \"public\".\"jobs\".\"result\", \"public\".\"jobs\".\"error\", \"public\".\"jobs\".\"attempts\", \"public\".\"jobs\".\"maxAttempts\", \"public\".\"jobs\".\"nextAttemptAt\", \"public\".\"jobs\".\"createdById\", \"public\".\"jobs\".\"createdAt\", \"public\".\"jobs\".\"updatedAt\", \"public\".\"jobs\".\"completedAt\" FROM \"public\".\"jobs\" WHERE (\"public\".\"jobs\".\"type\" = CAST($1::text AS \"public\".\"JobType\") AND \"public\".\"jobs\".\"status\" = CAST($2::text AS \"public\".\"JobStatus\") AND \"public\".\"jobs\".\"nextAttemptAt\" <= $3) ORDER BY \"public\".\"jobs\".\"createdAt\" ASC LIMIT $4 OFFSET $5","timestamp":"2026-08-12T09:31:35.144Z"}
{"level":"debug","message":"prisma query (135ms): SELECT \"public\".\"jobs\".\"id\", \"public\".\"jobs\".\"type\"::text, \"public\".\"jobs\".\"status\"::text, \"public\".\"jobs\".\"payload\", \"public\".\"jobs\".\"result\", \"public\".\"jobs\".\"error\", \"public\".\"jobs\".\"attempts\", \"public\".\"jobs\".\"maxAttempts\", \"public\".\"jobs\".\"nextAttemptAt\", \"public\".\"jobs\".\"createdById\", \"public\".\"jobs\".\"createdAt\", \"public\".\"jobs\".\"updatedAt\", \"public\".\"jobs\".\"completedAt\" FROM \"public\".\"jobs\" WHERE (\"public\".\"jobs\".\"type\" = CAST($1::text AS \"public\".\"JobType\") AND \"public\".\"jobs\".\"status\" = CAST($2::text AS \"public\".\"JobStatus\") AND \"public\".\"jobs\".\"nextAttemptAt\" <= $3) ORDER BY \"public\".\"jobs\".\"createdAt\" ASC LIMIT $4 OFFSET $5","timestamp":"2026-08-12T09:31:35.159Z"}
{"level":"debug","message":"prisma query (58ms): COMMIT","timestamp":"2026-08-12T09:31:35.203Z"}
{"level":"debug","message":"prisma query (58ms): COMMIT","timestamp":"2026-08-12T09:31:35.219Z"}
{"level":"debug","message":"prisma query (307ms): BEGIN","timestamp":"2026-08-12T09:31:36.006Z"}
{"level":"debug","message":"prisma query (143ms): DEALLOCATE ALL","timestamp":"2026-08-12T09:31:36.149Z"}
{"level":"debug","message":"prisma query (138ms): SELECT \"public\".\"users\".\"id\", \"public\".\"users\".\"name\", \"public\".\"users\".\"email\", \"public\".\"users\".\"passwordHash\", \"public\".\"users\".\"roleId\", \"public\".\"users\".\"isActive\", \"public\".\"users\".\"lastLoginAt\", \"public\".\"users\".\"createdAt\", \"public\".\"users\".\"updatedAt\" FROM \"public\".\"users\" WHERE (\"public\".\"users\".\"email\" = $1 AND 1=1) LIMIT $2 OFFSET $3","timestamp":"2026-08-12T09:31:36.288Z"}
{"level":"debug","message":"prisma query (392ms): COMMIT","timestamp":"2026-08-12T09:31:36.680Z"}
{"level":"debug","message":"prisma query (229ms): BEGIN","timestamp":"2026-08-12T09:31:36.911Z"}
{"level":"debug","message":"prisma query (71ms): BEGIN","timestamp":"2026-08-12T09:31:36.981Z"}
{"level":"debug","message":"prisma query (74ms): BEGIN","timestamp":"2026-08-12T09:31:36.985Z"}
{"level":"debug","message":"prisma query (73ms): DEALLOCATE ALL","timestamp":"2026-08-12T09:31:36.986Z"}
{"level":"debug","message":"prisma query (46ms): DEALLOCATE ALL","timestamp":"2026-08-12T09:31:37.029Z"}
{"level":"debug","message":"prisma query (43ms): DEALLOCATE ALL","timestamp":"2026-08-12T09:31:37.031Z"}
{"level":"debug","message":"prisma query (121ms): INSERT INTO \"public\".\"login_attempts\" (\"id\",\"email\",\"success\",\"failureReason\",\"ipAddress\",\"userAgent\",\"createdAt\") VALUES ($1,$2,$3,$4,$5,$6,$7) RETURNING \"public\".\"login_attempts\".\"id\", \"public\".\"login_attempts\".\"email\", \"public\".\"login_attempts\".\"userId\", \"public\".\"login_attempts\".\"success\", \"public\".\"login_attempts\".\"failureReason\", \"public\".\"login_attempts\".\"ipAddress\", \"public\".\"login_attempts\".\"userAgent\", \"public\".\"login_attempts\".\"createdAt\"","timestamp":"2026-08-12T09:31:37.107Z"}
{"level":"debug","message":"prisma query (317ms): SELECT \"public\".\"jobs\".\"id\", \"public\".\"jobs\".\"type\"::text, \"public\".\"jobs\".\"status\"::text, \"public\".\"jobs\".\"payload\", \"public\".\"jobs\".\"result\", \"public\".\"jobs\".\"error\", \"public\".\"jobs\".\"attempts\", \"public\".\"jobs\".\"maxAttempts\", \"public\".\"jobs\".\"nextAttemptAt\", \"public\".\"jobs\".\"createdById\", \"public\".\"jobs\".\"createdAt\", \"public\".\"jobs\".\"updatedAt\", \"public\".\"jobs\".\"completedAt\" FROM \"public\".\"jobs\" WHERE (\"public\".\"jobs\".\"type\" = CAST($1::text AS \"public\".\"JobType\") AND \"public\".\"jobs\".\"status\" = CAST($2::text AS \"public\".\"JobStatus\") AND \"public\".\"jobs\".\"nextAttemptAt\" <= $3) ORDER BY \"public\".\"jobs\".\"createdAt\" ASC LIMIT $4 OFFSET $5","timestamp":"2026-08-12T09:31:37.347Z"}
{"level":"debug","message":"prisma query (238ms): COMMIT","timestamp":"2026-08-12T09:31:37.347Z"}
{"ip":"::1","level":"warn","message":"Invalid email or password","method":"POST","path":"/api/v1/auth/login","statusCode":401,"timestamp":"2026-08-12T09:31:37.348Z"}
{"level":"http","message":"\u001b[0mPOST /api/v1/auth/login \u001b[33m401\u001b[0m 1653.905 ms - 571\u001b[0m","timestamp":"2026-08-12T09:31:37.357Z"}
{"level":"debug","message":"prisma query (159ms): COMMIT","timestamp":"2026-08-12T09:31:37.506Z"}
{"level":"debug","message":"prisma query (477ms): SELECT \"public\".\"jobs\".\"id\", \"public\".\"jobs\".\"type\"::text, \"public\".\"jobs\".\"status\"::text, \"public\".\"jobs\".\"payload\", \"public\".\"jobs\".\"result\", \"public\".\"jobs\".\"error\", \"public\".\"jobs\".\"attempts\", \"public\".\"jobs\".\"maxAttempts\", \"public\".\"jobs\".\"nextAttemptAt\", \"public\".\"jobs\".\"createdById\", \"public\".\"jobs\".\"createdAt\", \"public\".\"jobs\".\"updatedAt\", \"public\".\"jobs\".\"completedAt\" FROM \"public\".\"jobs\" WHERE (\"public\".\"jobs\".\"type\" = CAST($1::text AS \"public\".\"JobType\") AND \"public\".\"jobs\".\"status\" = CAST($2::text AS \"public\".\"JobStatus\") AND \"public\".\"jobs\".\"nextAttemptAt\" <= $3) ORDER BY \"public\".\"jobs\".\"createdAt\" ASC LIMIT $4 OFFSET $5","timestamp":"2026-08-12T09:31:37.507Z"}
{"level":"debug","message":"prisma query (89ms): COMMIT","timestamp":"2026-08-12T09:31:37.596Z"}
{"level":"debug","message":"prisma query (61ms): BEGIN","timestamp":"2026-08-12T09:31:38.984Z"}
{"level":"debug","message":"prisma query (62ms): BEGIN","timestamp":"2026-08-12T09:31:38.985Z"}
{"level":"debug","message":"prisma query (76ms): DEALLOCATE ALL","timestamp":"2026-08-12T09:31:39.061Z"}
{"level":"debug","message":"prisma query (75ms): DEALLOCATE ALL","timestamp":"2026-08-12T09:31:39.061Z"}
{"level":"debug","message":"prisma query (128ms): SELECT \"public\".\"jobs\".\"id\", \"public\".\"jobs\".\"type\"::text, \"public\".\"jobs\".\"status\"::text, \"public\".\"jobs\".\"payload\", \"public\".\"jobs\".\"result\", \"public\".\"jobs\".\"error\", \"public\".\"jobs\".\"attempts\", \"public\".\"jobs\".\"maxAttempts\", \"public\".\"jobs\".\"nextAttemptAt\", \"public\".\"jobs\".\"createdById\", \"public\".\"jobs\".\"createdAt\", \"public\".\"jobs\".\"updatedAt\", \"public\".\"jobs\".\"completedAt\" FROM \"public\".\"jobs\" WHERE (\"public\".\"jobs\".\"type\" = CAST($1::text AS \"public\".\"JobType\") AND \"public\".\"jobs\".\"status\" = CAST($2::text AS \"public\".\"JobStatus\") AND \"public\".\"jobs\".\"nextAttemptAt\" <= $3) ORDER BY \"public\".\"jobs\".\"createdAt\" ASC LIMIT $4 OFFSET $5","timestamp":"2026-08-12T09:31:39.190Z"}
{"level":"debug","message":"prisma query (128ms): SELECT \"public\".\"jobs\".\"id\", \"public\".\"jobs\".\"type\"::text, \"public\".\"jobs\".\"status\"::text, \"public\".\"jobs\".\"payload\", \"public\".\"jobs\".\"result\", \"public\".\"jobs\".\"error\", \"public\".\"jobs\".\"attempts\", \"public\".\"jobs\".\"maxAttempts\", \"public\".\"jobs\".\"nextAttemptAt\", \"public\".\"jobs\".\"createdById\", \"public\".\"jobs\".\"createdAt\", \"public\".\"jobs\".\"updatedAt\", \"public\".\"jobs\".\"completedAt\" FROM \"public\".\"jobs\" WHERE (\"public\".\"jobs\".\"type\" = CAST($1::text AS \"public\".\"JobType\") AND \"public\".\"jobs\".\"status\" = CAST($2::text AS \"public\".\"JobStatus\") AND \"public\".\"jobs\".\"nextAttemptAt\" <= $3) ORDER BY \"public\".\"jobs\".\"createdAt\" ASC LIMIT $4 OFFSET $5","timestamp":"2026-08-12T09:31:39.191Z"}
{"level":"debug","message":"prisma query (79ms): COMMIT","timestamp":"2026-08-12T09:31:39.269Z"}
{"level":"debug","message":"prisma query (80ms): COMMIT","timestamp":"2026-08-12T09:31:39.271Z"}
{"level":"debug","message":"prisma query (61ms): BEGIN","timestamp":"2026-08-12T09:31:40.988Z"}
{"level":"debug","message":"prisma query (62ms): BEGIN","timestamp":"2026-08-12T09:31:40.989Z"}
{"level":"debug","message":"prisma query (51ms): DEALLOCATE ALL","timestamp":"2026-08-12T09:31:41.040Z"}
{"level":"debug","message":"prisma query (53ms): DEALLOCATE ALL","timestamp":"2026-08-12T09:31:41.042Z"}
{"level":"debug","message":"prisma query (151ms): SELECT \"public\".\"jobs\".\"id\", \"public\".\"jobs\".\"type\"::text, \"public\".\"jobs\".\"status\"::text, \"public\".\"jobs\".\"payload\", \"public\".\"jobs\".\"result\", \"public\".\"jobs\".\"error\", \"public\".\"jobs\".\"attempts\", \"public\".\"jobs\".\"maxAttempts\", \"public\".\"jobs\".\"nextAttemptAt\", \"public\".\"jobs\".\"createdById\", \"public\".\"jobs\".\"createdAt\", \"public\".\"jobs\".\"updatedAt\", \"public\".\"jobs\".\"completedAt\" FROM \"public\".\"jobs\" WHERE (\"public\".\"jobs\".\"type\" = CAST($1::text AS \"public\".\"JobType\") AND \"public\".\"jobs\".\"status\" = CAST($2::text AS \"public\".\"JobStatus\") AND \"public\".\"jobs\".\"nextAttemptAt\" <= $3) ORDER BY \"public\".\"jobs\".\"createdAt\" ASC LIMIT $4 OFFSET $5","timestamp":"2026-08-12T09:31:41.193Z"}
{"level":"debug","message":"prisma query (150ms): SELECT \"public\".\"jobs\".\"id\", \"public\".\"jobs\".\"type\"::text, \"public\".\"jobs\".\"status\"::text, \"public\".\"jobs\".\"payload\", \"public\".\"jobs\".\"result\", \"public\".\"jobs\".\"error\", \"public\".\"jobs\".\"attempts\", \"public\".\"jobs\".\"maxAttempts\", \"public\".\"jobs\".\"nextAttemptAt\", \"public\".\"jobs\".\"createdById\", \"public\".\"jobs\".\"createdAt\", \"public\".\"jobs\".\"updatedAt\", \"public\".\"jobs\".\"completedAt\" FROM \"public\".\"jobs\" WHERE (\"public\".\"jobs\".\"type\" = CAST($1::text AS \"public\".\"JobType\") AND \"public\".\"jobs\".\"status\" = CAST($2::text AS \"public\".\"JobStatus\") AND \"public\".\"jobs\".\"nextAttemptAt\" <= $3) ORDER BY \"public\".\"jobs\".\"createdAt\" ASC LIMIT $4 OFFSET $5","timestamp":"2026-08-12T09:31:41.193Z"}
{"level":"debug","message":"prisma query (71ms): COMMIT","timestamp":"2026-08-12T09:31:41.264Z"}
{"level":"debug","message":"prisma query (73ms): COMMIT","timestamp":"2026-08-12T09:31:41.267Z"}
{"level":"debug","message":"prisma query (319ms): SELECT 1","timestamp":"2026-08-12T09:31:43.251Z"}
{"level":"debug","message":"prisma query (319ms): BEGIN","timestamp":"2026-08-12T09:31:43.252Z"}
{"level":"debug","message":"prisma query (182ms): DEALLOCATE ALL","timestamp":"2026-08-12T09:31:43.435Z"}
{"level":"debug","message":"prisma query (183ms): BEGIN","timestamp":"2026-08-12T09:31:43.435Z"}
{"level":"debug","message":"prisma query (59ms): DEALLOCATE ALL","timestamp":"2026-08-12T09:31:43.494Z"}
{"level":"debug","message":"prisma query (109ms): SELECT \"public\".\"jobs\".\"id\", \"public\".\"jobs\".\"type\"::text, \"public\".\"jobs\".\"status\"::text, \"public\".\"jobs\".\"payload\", \"public\".\"jobs\".\"result\", \"public\".\"jobs\".\"error\", \"public\".\"jobs\".\"attempts\", \"public\".\"jobs\".\"maxAttempts\", \"public\".\"jobs\".\"nextAttemptAt\", \"public\".\"jobs\".\"createdById\", \"public\".\"jobs\".\"createdAt\", \"public\".\"jobs\".\"updatedAt\", \"public\".\"jobs\".\"completedAt\" FROM \"public\".\"jobs\" WHERE (\"public\".\"jobs\".\"type\" = CAST($1::text AS \"public\".\"JobType\") AND \"public\".\"jobs\".\"status\" = CAST($2::text AS \"public\".\"JobStatus\") AND \"public\".\"jobs\".\"nextAttemptAt\" <= $3) ORDER BY \"public\".\"jobs\".\"createdAt\" ASC LIMIT $4 OFFSET $5","timestamp":"2026-08-12T09:31:43.544Z"}
{"level":"debug","message":"prisma query (127ms): SELECT \"public\".\"jobs\".\"id\", \"public\".\"jobs\".\"type\"::text, \"public\".\"jobs\".\"status\"::text, \"public\".\"jobs\".\"payload\", \"public\".\"jobs\".\"result\", \"public\".\"jobs\".\"error\", \"public\".\"jobs\".\"attempts\", \"public\".\"jobs\".\"maxAttempts\", \"public\".\"jobs\".\"nextAttemptAt\", \"public\".\"jobs\".\"createdById\", \"public\".\"jobs\".\"createdAt\", \"public\".\"jobs\".\"updatedAt\", \"public\".\"jobs\".\"completedAt\" FROM \"public\".\"jobs\" WHERE (\"public\".\"jobs\".\"type\" = CAST($1::text AS \"public\".\"JobType\") AND \"public\".\"jobs\".\"status\" = CAST($2::text AS \"public\".\"JobStatus\") AND \"public\".\"jobs\".\"nextAttemptAt\" <= $3) ORDER BY \"public\".\"jobs\".\"createdAt\" ASC LIMIT $4 OFFSET $5","timestamp":"2026-08-12T09:31:43.623Z"}
{"level":"debug","message":"prisma query (89ms): COMMIT","timestamp":"2026-08-12T09:31:43.634Z"}
{"level":"debug","message":"prisma query (49ms): COMMIT","timestamp":"2026-08-12T09:31:43.673Z"}
{"level":"debug","message":"prisma query (78ms): BEGIN","timestamp":"2026-08-12T09:31:45.049Z"}
{"level":"debug","message":"prisma query (78ms): BEGIN","timestamp":"2026-08-12T09:31:45.049Z"}
{"level":"debug","message":"prisma query (623ms): DEALLOCATE ALL","timestamp":"2026-08-12T09:31:45.664Z"}
{"level":"debug","message":"prisma query (630ms): DEALLOCATE ALL","timestamp":"2026-08-12T09:31:45.672Z"}
{"level":"debug","message":"prisma query (444ms): SELECT \"public\".\"jobs\".\"id\", \"public\".\"jobs\".\"type\"::text, \"public\".\"jobs\".\"status\"::text, \"public\".\"jobs\".\"payload\", \"public\".\"jobs\".\"result\", \"public\".\"jobs\".\"error\", \"public\".\"jobs\".\"attempts\", \"public\".\"jobs\".\"maxAttempts\", \"public\".\"jobs\".\"nextAttemptAt\", \"public\".\"jobs\".\"createdById\", \"public\".\"jobs\".\"createdAt\", \"public\".\"jobs\".\"updatedAt\", \"public\".\"jobs\".\"completedAt\" FROM \"public\".\"jobs\" WHERE (\"public\".\"jobs\".\"type\" = CAST($1::text AS \"public\".\"JobType\") AND \"public\".\"jobs\".\"status\" = CAST($2::text AS \"public\".\"JobStatus\") AND \"public\".\"jobs\".\"nextAttemptAt\" <= $3) ORDER BY \"public\".\"jobs\".\"createdAt\" ASC LIMIT $4 OFFSET $5","timestamp":"2026-08-12T09:31:46.117Z"}
{"level":"debug","message":"prisma query (452ms): SELECT \"public\".\"jobs\".\"id\", \"public\".\"jobs\".\"type\"::text, \"public\".\"jobs\".\"status\"::text, \"public\".\"jobs\".\"payload\", \"public\".\"jobs\".\"result\", \"public\".\"jobs\".\"error\", \"public\".\"jobs\".\"attempts\", \"public\".\"jobs\".\"maxAttempts\", \"public\".\"jobs\".\"nextAttemptAt\", \"public\".\"jobs\".\"createdById\", \"public\".\"jobs\".\"createdAt\", \"public\".\"jobs\".\"updatedAt\", \"public\".\"jobs\".\"completedAt\" FROM \"public\".\"jobs\" WHERE (\"public\".\"jobs\".\"type\" = CAST($1::text AS \"public\".\"JobType\") AND \"public\".\"jobs\".\"status\" = CAST($2::text AS \"public\".\"JobStatus\") AND \"public\".\"jobs\".\"nextAttemptAt\" <= $3) ORDER BY \"public\".\"jobs\".\"createdAt\" ASC LIMIT $4 OFFSET $5","timestamp":"2026-08-12T09:31:46.118Z"}
{"level":"debug","message":"prisma query (310ms): COMMIT","timestamp":"2026-08-12T09:31:46.428Z"}
{"level":"debug","message":"prisma query (310ms): COMMIT","timestamp":"2026-08-12T09:31:46.428Z"}
{"level":"debug","message":"prisma query (311ms): BEGIN","timestamp":"2026-08-12T09:31:47.287Z"}
{"level":"debug","message":"prisma query (312ms): SELECT 1","timestamp":"2026-08-12T09:31:47.288Z"}
{"level":"debug","message":"prisma query (343ms): BEGIN","timestamp":"2026-08-12T09:31:47.632Z"}
{"level":"debug","message":"prisma query (344ms): DEALLOCATE ALL","timestamp":"2026-08-12T09:31:47.632Z"}
{"level":"debug","message":"prisma query (287ms): DEALLOCATE ALL","timestamp":"2026-08-12T09:31:47.919Z"}
{"level":"debug","message":"prisma query (360ms): SELECT \"public\".\"jobs\".\"id\", \"public\".\"jobs\".\"type\"::text, \"public\".\"jobs\".\"status\"::text, \"public\".\"jobs\".\"payload\", \"public\".\"jobs\".\"result\", \"public\".\"jobs\".\"error\", \"public\".\"jobs\".\"attempts\", \"public\".\"jobs\".\"maxAttempts\", \"public\".\"jobs\".\"nextAttemptAt\", \"public\".\"jobs\".\"createdById\", \"public\".\"jobs\".\"createdAt\", \"public\".\"jobs\".\"updatedAt\", \"public\".\"jobs\".\"completedAt\" FROM \"public\".\"jobs\" WHERE (\"public\".\"jobs\".\"type\" = CAST($1::text AS \"public\".\"JobType\") AND \"public\".\"jobs\".\"status\" = CAST($2::text AS \"public\".\"JobStatus\") AND \"public\".\"jobs\".\"nextAttemptAt\" <= $3) ORDER BY \"public\".\"jobs\".\"createdAt\" ASC LIMIT $4 OFFSET $5","timestamp":"2026-08-12T09:31:47.993Z"}
{"level":"debug","message":"prisma query (79ms): COMMIT","timestamp":"2026-08-12T09:31:48.072Z"}
{"level":"debug","message":"prisma query (153ms): SELECT \"public\".\"jobs\".\"id\", \"public\".\"jobs\".\"type\"::text, \"public\".\"jobs\".\"status\"::text, \"public\".\"jobs\".\"payload\", \"public\".\"jobs\".\"result\", \"public\".\"jobs\".\"error\", \"public\".\"jobs\".\"attempts\", \"public\".\"jobs\".\"maxAttempts\", \"public\".\"jobs\".\"nextAttemptAt\", \"public\".\"jobs\".\"createdById\", \"public\".\"jobs\".\"createdAt\", \"public\".\"jobs\".\"updatedAt\", \"public\".\"jobs\".\"completedAt\" FROM \"public\".\"jobs\" WHERE (\"public\".\"jobs\".\"type\" = CAST($1::text AS \"public\".\"JobType\") AND \"public\".\"jobs\".\"status\" = CAST($2::text AS \"public\".\"JobStatus\") AND \"public\".\"jobs\".\"nextAttemptAt\" <= $3) ORDER BY \"public\".\"jobs\".\"createdAt\" ASC LIMIT $4 OFFSET $5","timestamp":"2026-08-12T09:31:48.073Z"}
{"level":"debug","message":"prisma query (86ms): COMMIT","timestamp":"2026-08-12T09:31:48.159Z"}
{"level":"debug","message":"prisma query (59ms): BEGIN","timestamp":"2026-08-12T09:31:49.036Z"}
{"level":"debug","message":"prisma query (57ms): BEGIN","timestamp":"2026-08-12T09:31:49.037Z"}
{"level":"debug","message":"prisma query (71ms): DEALLOCATE ALL","timestamp":"2026-08-12T09:31:49.108Z"}
{"level":"debug","message":"prisma query (72ms): DEALLOCATE ALL","timestamp":"2026-08-12T09:31:49.109Z"}
{"level":"debug","message":"prisma query (406ms): SELECT \"public\".\"jobs\".\"id\", \"public\".\"jobs\".\"type\"::text, \"public\".\"jobs\".\"status\"::text, \"public\".\"jobs\".\"payload\", \"public\".\"jobs\".\"result\", \"public\".\"jobs\".\"error\", \"public\".\"jobs\".\"attempts\", \"public\".\"jobs\".\"maxAttempts\", \"public\".\"jobs\".\"nextAttemptAt\", \"public\".\"jobs\".\"createdById\", \"public\".\"jobs\".\"createdAt\", \"public\".\"jobs\".\"updatedAt\", \"public\".\"jobs\".\"completedAt\" FROM \"public\".\"jobs\" WHERE (\"public\".\"jobs\".\"type\" = CAST($1::text AS \"public\".\"JobType\") AND \"public\".\"jobs\".\"status\" = CAST($2::text AS \"public\".\"JobStatus\") AND \"public\".\"jobs\".\"nextAttemptAt\" <= $3) ORDER BY \"public\".\"jobs\".\"createdAt\" ASC LIMIT $4 OFFSET $5","timestamp":"2026-08-12T09:31:49.515Z"}
{"level":"debug","message":"prisma query (405ms): SELECT \"public\".\"jobs\".\"id\", \"public\".\"jobs\".\"type\"::text, \"public\".\"jobs\".\"status\"::text, \"public\".\"jobs\".\"payload\", \"public\".\"jobs\".\"result\", \"public\".\"jobs\".\"error\", \"public\".\"jobs\".\"attempts\", \"public\".\"jobs\".\"maxAttempts\", \"public\".\"jobs\".\"nextAttemptAt\", \"public\".\"jobs\".\"createdById\", \"public\".\"jobs\".\"createdAt\", \"public\".\"jobs\".\"updatedAt\", \"public\".\"jobs\".\"completedAt\" FROM \"public\".\"jobs\" WHERE (\"public\".\"jobs\".\"type\" = CAST($1::text AS \"public\".\"JobType\") AND \"public\".\"jobs\".\"status\" = CAST($2::text AS \"public\".\"JobStatus\") AND \"public\".\"jobs\".\"nextAttemptAt\" <= $3) ORDER BY \"public\".\"jobs\".\"createdAt\" ASC LIMIT $4 OFFSET $5","timestamp":"2026-08-12T09:31:49.515Z"}
{"level":"debug","message":"prisma query (167ms): COMMIT","timestamp":"2026-08-12T09:31:49.682Z"}
{"level":"debug","message":"prisma query (167ms): COMMIT","timestamp":"2026-08-12T09:31:49.683Z"}
{"level":"debug","message":"prisma query (109ms): BEGIN","timestamp":"2026-08-12T09:31:51.102Z"}
{"level":"debug","message":"prisma query (111ms): BEGIN","timestamp":"2026-08-12T09:31:51.103Z"}
{"level":"debug","message":"prisma query (58ms): DEALLOCATE ALL","timestamp":"2026-08-12T09:31:51.161Z"}
{"level":"debug","message":"prisma query (59ms): DEALLOCATE ALL","timestamp":"2026-08-12T09:31:51.161Z"}
{"level":"debug","message":"prisma query (122ms): SELECT \"public\".\"jobs\".\"id\", \"public\".\"jobs\".\"type\"::text, \"public\".\"jobs\".\"status\"::text, \"public\".\"jobs\".\"payload\", \"public\".\"jobs\".\"result\", \"public\".\"jobs\".\"error\", \"public\".\"jobs\".\"attempts\", \"public\".\"jobs\".\"maxAttempts\", \"public\".\"jobs\".\"nextAttemptAt\", \"public\".\"jobs\".\"createdById\", \"public\".\"jobs\".\"createdAt\", \"public\".\"jobs\".\"updatedAt\", \"public\".\"jobs\".\"completedAt\" FROM \"public\".\"jobs\" WHERE (\"public\".\"jobs\".\"type\" = CAST($1::text AS \"public\".\"JobType\") AND \"public\".\"jobs\".\"status\" = CAST($2::text AS \"public\".\"JobStatus\") AND \"public\".\"jobs\".\"nextAttemptAt\" <= $3) ORDER BY \"public\".\"jobs\".\"createdAt\" ASC LIMIT $4 OFFSET $5","timestamp":"2026-08-12T09:31:51.285Z"}
{"level":"debug","message":"prisma query (122ms): SELECT \"public\".\"jobs\".\"id\", \"public\".\"jobs\".\"type\"::text, \"public\".\"jobs\".\"status\"::text, \"public\".\"jobs\".\"payload\", \"public\".\"jobs\".\"result\", \"public\".\"jobs\".\"error\", \"public\".\"jobs\".\"attempts\", \"public\".\"jobs\".\"maxAttempts\", \"public\".\"jobs\".\"nextAttemptAt\", \"public\".\"jobs\".\"createdById\", \"public\".\"jobs\".\"createdAt\", \"public\".\"jobs\".\"updatedAt\", \"public\".\"jobs\".\"completedAt\" FROM \"public\".\"jobs\" WHERE (\"public\".\"jobs\".\"type\" = CAST($1::text AS \"public\".\"JobType\") AND \"public\".\"jobs\".\"status\" = CAST($2::text AS \"public\".\"JobStatus\") AND \"public\".\"jobs\".\"nextAttemptAt\" <= $3) ORDER BY \"public\".\"jobs\".\"createdAt\" ASC LIMIT $4 OFFSET $5","timestamp":"2026-08-12T09:31:51.286Z"}
{"level":"debug","message":"prisma query (286ms): COMMIT","timestamp":"2026-08-12T09:31:51.571Z"}
{"level":"debug","message":"prisma query (286ms): COMMIT","timestamp":"2026-08-12T09:31:51.571Z"}
{"level":"debug","message":"prisma query (72ms): BEGIN","timestamp":"2026-08-12T09:31:53.073Z"}
{"level":"debug","message":"prisma query (74ms): BEGIN","timestamp":"2026-08-12T09:31:53.073Z"}
{"level":"debug","message":"prisma query (69ms): DEALLOCATE ALL","timestamp":"2026-08-12T09:31:53.142Z"}
{"level":"debug","message":"prisma query (79ms): DEALLOCATE ALL","timestamp":"2026-08-12T09:31:53.153Z"}
{"level":"debug","message":"prisma query (118ms): SELECT \"public\".\"jobs\".\"id\", \"public\".\"jobs\".\"type\"::text, \"public\".\"jobs\".\"status\"::text, \"public\".\"jobs\".\"payload\", \"public\".\"jobs\".\"result\", \"public\".\"jobs\".\"error\", \"public\".\"jobs\".\"attempts\", \"public\".\"jobs\".\"maxAttempts\", \"public\".\"jobs\".\"nextAttemptAt\", \"public\".\"jobs\".\"createdById\", \"public\".\"jobs\".\"createdAt\", \"public\".\"jobs\".\"updatedAt\", \"public\".\"jobs\".\"completedAt\" FROM \"public\".\"jobs\" WHERE (\"public\".\"jobs\".\"type\" = CAST($1::text AS \"public\".\"JobType\") AND \"public\".\"jobs\".\"status\" = CAST($2::text AS \"public\".\"JobStatus\") AND \"public\".\"jobs\".\"nextAttemptAt\" <= $3) ORDER BY \"public\".\"jobs\".\"createdAt\" ASC LIMIT $4 OFFSET $5","timestamp":"2026-08-12T09:31:53.261Z"}
{"level":"debug","message":"prisma query (118ms): SELECT \"public\".\"jobs\".\"id\", \"public\".\"jobs\".\"type\"::text, \"public\".\"jobs\".\"status\"::text, \"public\".\"jobs\".\"payload\", \"public\".\"jobs\".\"result\", \"public\".\"jobs\".\"error\", \"public\".\"jobs\".\"attempts\", \"public\".\"jobs\".\"maxAttempts\", \"public\".\"jobs\".\"nextAttemptAt\", \"public\".\"jobs\".\"createdById\", \"public\".\"jobs\".\"createdAt\", \"public\".\"jobs\".\"updatedAt\", \"public\".\"jobs\".\"completedAt\" FROM \"public\".\"jobs\" WHERE (\"public\".\"jobs\".\"type\" = CAST($1::text AS \"public\".\"JobType\") AND \"public\".\"jobs\".\"status\" = CAST($2::text AS \"public\".\"JobStatus\") AND \"public\".\"jobs\".\"nextAttemptAt\" <= $3) ORDER BY \"public\".\"jobs\".\"createdAt\" ASC LIMIT $4 OFFSET $5","timestamp":"2026-08-12T09:31:53.272Z"}
{"level":"debug","message":"prisma query (40ms): COMMIT","timestamp":"2026-08-12T09:31:53.302Z"}
{"level":"debug","message":"prisma query (78ms): COMMIT","timestamp":"2026-08-12T09:31:53.351Z"}
{"level":"debug","message":"prisma query (187ms): BEGIN","timestamp":"2026-08-12T09:31:55.198Z"}
{"level":"debug","message":"prisma query (188ms): BEGIN","timestamp":"2026-08-12T09:31:55.199Z"}
{"level":"debug","message":"prisma query (197ms): DEALLOCATE ALL","timestamp":"2026-08-12T09:31:55.398Z"}
{"level":"debug","message":"prisma query (198ms): DEALLOCATE ALL","timestamp":"2026-08-12T09:31:55.398Z"}
{"level":"debug","message":"prisma query (346ms): SELECT \"public\".\"jobs\".\"id\", \"public\".\"jobs\".\"type\"::text, \"public\".\"jobs\".\"status\"::text, \"public\".\"jobs\".\"payload\", \"public\".\"jobs\".\"result\", \"public\".\"jobs\".\"error\", \"public\".\"jobs\".\"attempts\", \"public\".\"jobs\".\"maxAttempts\", \"public\".\"jobs\".\"nextAttemptAt\", \"public\".\"jobs\".\"createdById\", \"public\".\"jobs\".\"createdAt\", \"public\".\"jobs\".\"updatedAt\", \"public\".\"jobs\".\"completedAt\" FROM \"public\".\"jobs\" WHERE (\"public\".\"jobs\".\"type\" = CAST($1::text AS \"public\".\"JobType\") AND \"public\".\"jobs\".\"status\" = CAST($2::text AS \"public\".\"JobStatus\") AND \"public\".\"jobs\".\"nextAttemptAt\" <= $3) ORDER BY \"public\".\"jobs\".\"createdAt\" ASC LIMIT $4 OFFSET $5","timestamp":"2026-08-12T09:31:55.743Z"}
{"level":"debug","message":"prisma query (345ms): SELECT \"public\".\"jobs\".\"id\", \"public\".\"jobs\".\"type\"::text, \"public\".\"jobs\".\"status\"::text, \"public\".\"jobs\".\"payload\", \"public\".\"jobs\".\"result\", \"public\".\"jobs\".\"error\", \"public\".\"jobs\".\"attempts\", \"public\".\"jobs\".\"maxAttempts\", \"public\".\"jobs\".\"nextAttemptAt\", \"public\".\"jobs\".\"createdById\", \"public\".\"jobs\".\"createdAt\", \"public\".\"jobs\".\"updatedAt\", \"public\".\"jobs\".\"completedAt\" FROM \"public\".\"jobs\" WHERE (\"public\".\"jobs\".\"type\" = CAST($1::text AS \"public\".\"JobType\") AND \"public\".\"jobs\".\"status\" = CAST($2::text AS \"public\".\"JobStatus\") AND \"public\".\"jobs\".\"nextAttemptAt\" <= $3) ORDER BY \"public\".\"jobs\".\"createdAt\" ASC LIMIT $4 OFFSET $5","timestamp":"2026-08-12T09:31:55.744Z"}
{"level":"debug","message":"prisma query (95ms): COMMIT","timestamp":"2026-08-12T09:31:55.838Z"}
{"level":"debug","message":"prisma query (95ms): COMMIT","timestamp":"2026-08-12T09:31:55.839Z"}
{"level":"debug","message":"prisma query (100ms): BEGIN","timestamp":"2026-08-12T09:31:57.126Z"}
{"level":"debug","message":"prisma query (100ms): BEGIN","timestamp":"2026-08-12T09:31:57.126Z"}
{"level":"debug","message":"prisma query (56ms): DEALLOCATE ALL","timestamp":"2026-08-12T09:31:57.182Z"}
{"level":"debug","message":"prisma query (56ms): DEALLOCATE ALL","timestamp":"2026-08-12T09:31:57.183Z"}
{"level":"debug","message":"prisma query (200ms): SELECT \"public\".\"jobs\".\"id\", \"public\".\"jobs\".\"type\"::text, \"public\".\"jobs\".\"status\"::text, \"public\".\"jobs\".\"payload\", \"public\".\"jobs\".\"result\", \"public\".\"jobs\".\"error\", \"public\".\"jobs\".\"attempts\", \"public\".\"jobs\".\"maxAttempts\", \"public\".\"jobs\".\"nextAttemptAt\", \"public\".\"jobs\".\"createdById\", \"public\".\"jobs\".\"createdAt\", \"public\".\"jobs\".\"updatedAt\", \"public\".\"jobs\".\"completedAt\" FROM \"public\".\"jobs\" WHERE (\"public\".\"jobs\".\"type\" = CAST($1::text AS \"public\".\"JobType\") AND \"public\".\"jobs\".\"status\" = CAST($2::text AS \"public\".\"JobStatus\") AND \"public\".\"jobs\".\"nextAttemptAt\" <= $3) ORDER BY \"public\".\"jobs\".\"createdAt\" ASC LIMIT $4 OFFSET $5","timestamp":"2026-08-12T09:31:57.384Z"}
{"level":"debug","message":"prisma query (200ms): SELECT \"public\".\"jobs\".\"id\", \"public\".\"jobs\".\"type\"::text, \"public\".\"jobs\".\"status\"::text, \"public\".\"jobs\".\"payload\", \"public\".\"jobs\".\"result\", \"public\".\"jobs\".\"error\", \"public\".\"jobs\".\"attempts\", \"public\".\"jobs\".\"maxAttempts\", \"public\".\"jobs\".\"nextAttemptAt\", \"public\".\"jobs\".\"createdById\", \"public\".\"jobs\".\"createdAt\", \"public\".\"jobs\".\"updatedAt\", \"public\".\"jobs\".\"completedAt\" FROM \"public\".\"jobs\" WHERE (\"public\".\"jobs\".\"type\" = CAST($1::text AS \"public\".\"JobType\") AND \"public\".\"jobs\".\"status\" = CAST($2::text AS \"public\".\"JobStatus\") AND \"public\".\"jobs\".\"nextAttemptAt\" <= $3) ORDER BY \"public\".\"jobs\".\"createdAt\" ASC LIMIT $4 OFFSET $5","timestamp":"2026-08-12T09:31:57.384Z"}
{"level":"debug","message":"prisma query (101ms): COMMIT","timestamp":"2026-08-12T09:31:57.486Z"}
{"level":"debug","message":"prisma query (101ms): COMMIT","timestamp":"2026-08-12T09:31:57.486Z"}
{"level":"debug","message":"prisma query (246ms): BEGIN","timestamp":"2026-08-12T09:31:59.287Z"}
{"level":"debug","message":"prisma query (247ms): SELECT 1","timestamp":"2026-08-12T09:31:59.288Z"}
{"level":"debug","message":"prisma query (248ms): BEGIN","timestamp":"2026-08-12T09:31:59.537Z"}
{"level":"debug","message":"prisma query (249ms): DEALLOCATE ALL","timestamp":"2026-08-12T09:31:59.538Z"}
{"level":"debug","message":"prisma query (120ms): DEALLOCATE ALL","timestamp":"2026-08-12T09:31:59.658Z"}
{"level":"debug","message":"prisma query (232ms): SELECT \"public\".\"jobs\".\"id\", \"public\".\"jobs\".\"type\"::text, \"public\".\"jobs\".\"status\"::text, \"public\".\"jobs\".\"payload\", \"public\".\"jobs\".\"result\", \"public\".\"jobs\".\"error\", \"public\".\"jobs\".\"attempts\", \"public\".\"jobs\".\"maxAttempts\", \"public\".\"jobs\".\"nextAttemptAt\", \"public\".\"jobs\".\"createdById\", \"public\".\"jobs\".\"createdAt\", \"public\".\"jobs\".\"updatedAt\", \"public\".\"jobs\".\"completedAt\" FROM \"public\".\"jobs\" WHERE (\"public\".\"jobs\".\"type\" = CAST($1::text AS \"public\".\"JobType\") AND \"public\".\"jobs\".\"status\" = CAST($2::text AS \"public\".\"JobStatus\") AND \"public\".\"jobs\".\"nextAttemptAt\" <= $3) ORDER BY \"public\".\"jobs\".\"createdAt\" ASC LIMIT $4 OFFSET $5","timestamp":"2026-08-12T09:31:59.822Z"}
{"level":"debug","message":"prisma query (249ms): SELECT \"public\".\"jobs\".\"id\", \"public\".\"jobs\".\"type\"::text, \"public\".\"jobs\".\"status\"::text, \"public\".\"jobs\".\"payload\", \"public\".\"jobs\".\"result\", \"public\".\"jobs\".\"error\", \"public\".\"jobs\".\"attempts\", \"public\".\"jobs\".\"maxAttempts\", \"public\".\"jobs\".\"nextAttemptAt\", \"public\".\"jobs\".\"createdById\", \"public\".\"jobs\".\"createdAt\", \"public\".\"jobs\".\"updatedAt\", \"public\".\"jobs\".\"completedAt\" FROM \"public\".\"jobs\" WHERE (\"public\".\"jobs\".\"type\" = CAST($1::text AS \"public\".\"JobType\") AND \"public\".\"jobs\".\"status\" = CAST($2::text AS \"public\".\"JobStatus\") AND \"public\".\"jobs\".\"nextAttemptAt\" <= $3) ORDER BY \"public\".\"jobs\".\"createdAt\" ASC LIMIT $4 OFFSET $5","timestamp":"2026-08-12T09:31:59.908Z"}
{"level":"debug","message":"prisma query (138ms): COMMIT","timestamp":"2026-08-12T09:31:59.908Z"}
{"level":"debug","message":"prisma query (133ms): COMMIT","timestamp":"2026-08-12T09:32:00.041Z"}
{"level":"debug","message":"prisma query (132ms): BEGIN","timestamp":"2026-08-12T09:32:01.174Z"}
{"level":"debug","message":"prisma query (132ms): BEGIN","timestamp":"2026-08-12T09:32:01.175Z"}
{"level":"debug","message":"prisma query (54ms): DEALLOCATE ALL","timestamp":"2026-08-12T09:32:01.228Z"}
{"level":"debug","message":"prisma query (109ms): DEALLOCATE ALL","timestamp":"2026-08-12T09:32:01.283Z"}
{"level":"debug","message":"prisma query (200ms): SELECT \"public\".\"jobs\".\"id\", \"public\".\"jobs\".\"type\"::text, \"public\".\"jobs\".\"status\"::text, \"public\".\"jobs\".\"payload\", \"public\".\"jobs\".\"result\", \"public\".\"jobs\".\"error\", \"public\".\"jobs\".\"attempts\", \"public\".\"jobs\".\"maxAttempts\", \"public\".\"jobs\".\"nextAttemptAt\", \"public\".\"jobs\".\"createdById\", \"public\".\"jobs\".\"createdAt\", \"public\".\"jobs\".\"updatedAt\", \"public\".\"jobs\".\"completedAt\" FROM \"public\".\"jobs\" WHERE (\"public\".\"jobs\".\"type\" = CAST($1::text AS \"public\".\"JobType\") AND \"public\".\"jobs\".\"status\" = CAST($2::text AS \"public\".\"JobStatus\") AND \"public\".\"jobs\".\"nextAttemptAt\" <= $3) ORDER BY \"public\".\"jobs\".\"createdAt\" ASC LIMIT $4 OFFSET $5","timestamp":"2026-08-12T09:32:01.429Z"}
{"level":"debug","message":"prisma query (145ms): SELECT \"public\".\"jobs\".\"id\", \"public\".\"jobs\".\"type\"::text, \"public\".\"jobs\".\"status\"::text, \"public\".\"jobs\".\"payload\", \"public\".\"jobs\".\"result\", \"public\".\"jobs\".\"error\", \"public\".\"jobs\".\"attempts\", \"public\".\"jobs\".\"maxAttempts\", \"public\".\"jobs\".\"nextAttemptAt\", \"public\".\"jobs\".\"createdById\", \"public\".\"jobs\".\"createdAt\", \"public\".\"jobs\".\"updatedAt\", \"public\".\"jobs\".\"completedAt\" FROM \"public\".\"jobs\" WHERE (\"public\".\"jobs\".\"type\" = CAST($1::text AS \"public\".\"JobType\") AND \"public\".\"jobs\".\"status\" = CAST($2::text AS \"public\".\"JobStatus\") AND \"public\".\"jobs\".\"nextAttemptAt\" <= $3) ORDER BY \"public\".\"jobs\".\"createdAt\" ASC LIMIT $4 OFFSET $5","timestamp":"2026-08-12T09:32:01.430Z"}
{"level":"debug","message":"prisma query (89ms): COMMIT","timestamp":"2026-08-12T09:32:01.519Z"}
{"level":"debug","message":"prisma query (89ms): COMMIT","timestamp":"2026-08-12T09:32:01.520Z"}
{"level":"debug","message":"prisma query (149ms): SELECT 1","timestamp":"2026-08-12T09:32:03.204Z"}
{"level":"debug","message":"prisma query (149ms): BEGIN","timestamp":"2026-08-12T09:32:03.205Z"}
{"level":"debug","message":"prisma query (311ms): DEALLOCATE ALL","timestamp":"2026-08-12T09:32:03.517Z"}
{"level":"debug","message":"prisma query (311ms): BEGIN","timestamp":"2026-08-12T09:32:03.518Z"}
{"level":"debug","message":"prisma query (107ms): DEALLOCATE ALL","timestamp":"2026-08-12T09:32:03.624Z"}
{"level":"debug","message":"prisma query (200ms): SELECT \"public\".\"jobs\".\"id\", \"public\".\"jobs\".\"type\"::text, \"public\".\"jobs\".\"status\"::text, \"public\".\"jobs\".\"payload\", \"public\".\"jobs\".\"result\", \"public\".\"jobs\".\"error\", \"public\".\"jobs\".\"attempts\", \"public\".\"jobs\".\"maxAttempts\", \"public\".\"jobs\".\"nextAttemptAt\", \"public\".\"jobs\".\"createdById\", \"public\".\"jobs\".\"createdAt\", \"public\".\"jobs\".\"updatedAt\", \"public\".\"jobs\".\"completedAt\" FROM \"public\".\"jobs\" WHERE (\"public\".\"jobs\".\"type\" = CAST($1::text AS \"public\".\"JobType\") AND \"public\".\"jobs\".\"status\" = CAST($2::text AS \"public\".\"JobStatus\") AND \"public\".\"jobs\".\"nextAttemptAt\" <= $3) ORDER BY \"public\".\"jobs\".\"createdAt\" ASC LIMIT $4 OFFSET $5","timestamp":"2026-08-12T09:32:03.716Z"}
{"level":"debug","message":"prisma query (54ms): COMMIT","timestamp":"2026-08-12T09:32:03.771Z"}
{"level":"debug","message":"prisma query (145ms): SELECT \"public\".\"jobs\".\"id\", \"public\".\"jobs\".\"type\"::text, \"public\".\"jobs\".\"status\"::text, \"public\".\"jobs\".\"payload\", \"public\".\"jobs\".\"result\", \"public\".\"jobs\".\"error\", \"public\".\"jobs\".\"attempts\", \"public\".\"jobs\".\"maxAttempts\", \"public\".\"jobs\".\"nextAttemptAt\", \"public\".\"jobs\".\"createdById\", \"public\".\"jobs\".\"createdAt\", \"public\".\"jobs\".\"updatedAt\", \"public\".\"jobs\".\"completedAt\" FROM \"public\".\"jobs\" WHERE (\"public\".\"jobs\".\"type\" = CAST($1::text AS \"public\".\"JobType\") AND \"public\".\"jobs\".\"status\" = CAST($2::text AS \"public\".\"JobStatus\") AND \"public\".\"jobs\".\"nextAttemptAt\" <= $3) ORDER BY \"public\".\"jobs\".\"createdAt\" ASC LIMIT $4 OFFSET $5","timestamp":"2026-08-12T09:32:03.771Z"}
{"level":"debug","message":"prisma query (56ms): COMMIT","timestamp":"2026-08-12T09:32:03.828Z"}
{"level":"debug","message":"prisma query (83ms): BEGIN","timestamp":"2026-08-12T09:32:05.145Z"}
{"level":"debug","message":"prisma query (107ms): BEGIN","timestamp":"2026-08-12T09:32:05.170Z"}
{"level":"debug","message":"prisma query (52ms): DEALLOCATE ALL","timestamp":"2026-08-12T09:32:05.198Z"}
{"level":"debug","message":"prisma query (79ms): DEALLOCATE ALL","timestamp":"2026-08-12T09:32:05.249Z"}
{"level":"debug","message":"prisma query (127ms): SELECT \"public\".\"jobs\".\"id\", \"public\".\"jobs\".\"type\"::text, \"public\".\"jobs\".\"status\"::text, \"public\".\"jobs\".\"payload\", \"public\".\"jobs\".\"result\", \"public\".\"jobs\".\"error\", \"public\".\"jobs\".\"attempts\", \"public\".\"jobs\".\"maxAttempts\", \"public\".\"jobs\".\"nextAttemptAt\", \"public\".\"jobs\".\"createdById\", \"public\".\"jobs\".\"createdAt\", \"public\".\"jobs\".\"updatedAt\", \"public\".\"jobs\".\"completedAt\" FROM \"public\".\"jobs\" WHERE (\"public\".\"jobs\".\"type\" = CAST($1::text AS \"public\".\"JobType\") AND \"public\".\"jobs\".\"status\" = CAST($2::text AS \"public\".\"JobStatus\") AND \"public\".\"jobs\".\"nextAttemptAt\" <= $3) ORDER BY \"public\".\"jobs\".\"createdAt\" ASC LIMIT $4 OFFSET $5","timestamp":"2026-08-12T09:32:05.326Z"}
{"level":"debug","message":"prisma query (137ms): SELECT \"public\".\"jobs\".\"id\", \"public\".\"jobs\".\"type\"::text, \"public\".\"jobs\".\"status\"::text, \"public\".\"jobs\".\"payload\", \"public\".\"jobs\".\"result\", \"public\".\"jobs\".\"error\", \"public\".\"jobs\".\"attempts\", \"public\".\"jobs\".\"maxAttempts\", \"public\".\"jobs\".\"nextAttemptAt\", \"public\".\"jobs\".\"createdById\", \"public\".\"jobs\".\"createdAt\", \"public\".\"jobs\".\"updatedAt\", \"public\".\"jobs\".\"completedAt\" FROM \"public\".\"jobs\" WHERE (\"public\".\"jobs\".\"type\" = CAST($1::text AS \"public\".\"JobType\") AND \"public\".\"jobs\".\"status\" = CAST($2::text AS \"public\".\"JobStatus\") AND \"public\".\"jobs\".\"nextAttemptAt\" <= $3) ORDER BY \"public\".\"jobs\".\"createdAt\" ASC LIMIT $4 OFFSET $5","timestamp":"2026-08-12T09:32:05.387Z"}
{"level":"debug","message":"prisma query (65ms): COMMIT","timestamp":"2026-08-12T09:32:05.392Z"}
{"level":"debug","message":"prisma query (89ms): COMMIT","timestamp":"2026-08-12T09:32:05.477Z"}
{"level":"debug","message":"prisma query (216ms): BEGIN","timestamp":"2026-08-12T09:32:07.286Z"}
{"level":"debug","message":"prisma query (216ms): BEGIN","timestamp":"2026-08-12T09:32:07.286Z"}
{"level":"debug","message":"prisma query (171ms): DEALLOCATE ALL","timestamp":"2026-08-12T09:32:07.458Z"}
{"level":"debug","message":"prisma query (172ms): DEALLOCATE ALL","timestamp":"2026-08-12T09:32:07.458Z"}
{"level":"debug","message":"prisma query (214ms): SELECT \"public\".\"jobs\".\"id\", \"public\".\"jobs\".\"type\"::text, \"public\".\"jobs\".\"status\"::text, \"public\".\"jobs\".\"payload\", \"public\".\"jobs\".\"result\", \"public\".\"jobs\".\"error\", \"public\".\"jobs\".\"attempts\", \"public\".\"jobs\".\"maxAttempts\", \"public\".\"jobs\".\"nextAttemptAt\", \"public\".\"jobs\".\"createdById\", \"public\".\"jobs\".\"createdAt\", \"public\".\"jobs\".\"updatedAt\", \"public\".\"jobs\".\"completedAt\" FROM \"public\".\"jobs\" WHERE (\"public\".\"jobs\".\"type\" = CAST($1::text AS \"public\".\"JobType\") AND \"public\".\"jobs\".\"status\" = CAST($2::text AS \"public\".\"JobStatus\") AND \"public\".\"jobs\".\"nextAttemptAt\" <= $3) ORDER BY \"public\".\"jobs\".\"createdAt\" ASC LIMIT $4 OFFSET $5","timestamp":"2026-08-12T09:32:07.674Z"}
{"level":"debug","message":"prisma query (215ms): SELECT \"public\".\"jobs\".\"id\", \"public\".\"jobs\".\"type\"::text, \"public\".\"jobs\".\"status\"::text, \"public\".\"jobs\".\"payload\", \"public\".\"jobs\".\"result\", \"public\".\"jobs\".\"error\", \"public\".\"jobs\".\"attempts\", \"public\".\"jobs\".\"maxAttempts\", \"public\".\"jobs\".\"nextAttemptAt\", \"public\".\"jobs\".\"createdById\", \"public\".\"jobs\".\"createdAt\", \"public\".\"jobs\".\"updatedAt\", \"public\".\"jobs\".\"completedAt\" FROM \"public\".\"jobs\" WHERE (\"public\".\"jobs\".\"type\" = CAST($1::text AS \"public\".\"JobType\") AND \"public\".\"jobs\".\"status\" = CAST($2::text AS \"public\".\"JobStatus\") AND \"public\".\"jobs\".\"nextAttemptAt\" <= $3) ORDER BY \"public\".\"jobs\".\"createdAt\" ASC LIMIT $4 OFFSET $5","timestamp":"2026-08-12T09:32:07.674Z"}
{"level":"debug","message":"prisma query (70ms): COMMIT","timestamp":"2026-08-12T09:32:07.744Z"}
{"level":"debug","message":"prisma query (70ms): COMMIT","timestamp":"2026-08-12T09:32:07.744Z"}
{"level":"debug","message":"prisma query (60ms): BEGIN","timestamp":"2026-08-12T09:32:09.144Z"}
{"level":"debug","message":"prisma query (67ms): BEGIN","timestamp":"2026-08-12T09:32:09.151Z"}
{"level":"debug","message":"prisma query (47ms): DEALLOCATE ALL","timestamp":"2026-08-12T09:32:09.192Z"}
{"level":"debug","message":"prisma query (99ms): DEALLOCATE ALL","timestamp":"2026-08-12T09:32:09.252Z"}
{"level":"debug","message":"prisma query (140ms): SELECT \"public\".\"jobs\".\"id\", \"public\".\"jobs\".\"type\"::text, \"public\".\"jobs\".\"status\"::text, \"public\".\"jobs\".\"payload\", \"public\".\"jobs\".\"result\", \"public\".\"jobs\".\"error\", \"public\".\"jobs\".\"attempts\", \"public\".\"jobs\".\"maxAttempts\", \"public\".\"jobs\".\"nextAttemptAt\", \"public\".\"jobs\".\"createdById\", \"public\".\"jobs\".\"createdAt\", \"public\".\"jobs\".\"updatedAt\", \"public\".\"jobs\".\"completedAt\" FROM \"public\".\"jobs\" WHERE (\"public\".\"jobs\".\"type\" = CAST($1::text AS \"public\".\"JobType\") AND \"public\".\"jobs\".\"status\" = CAST($2::text AS \"public\".\"JobStatus\") AND \"public\".\"jobs\".\"nextAttemptAt\" <= $3) ORDER BY \"public\".\"jobs\".\"createdAt\" ASC LIMIT $4 OFFSET $5","timestamp":"2026-08-12T09:32:09.333Z"}
{"level":"debug","message":"prisma query (148ms): COMMIT","timestamp":"2026-08-12T09:32:09.482Z"}
{"level":"debug","message":"prisma query (230ms): SELECT \"public\".\"jobs\".\"id\", \"public\".\"jobs\".\"type\"::text, \"public\".\"jobs\".\"status\"::text, \"public\".\"jobs\".\"payload\", \"public\".\"jobs\".\"result\", \"public\".\"jobs\".\"error\", \"public\".\"jobs\".\"attempts\", \"public\".\"jobs\".\"maxAttempts\", \"public\".\"jobs\".\"nextAttemptAt\", \"public\".\"jobs\".\"createdById\", \"public\".\"jobs\".\"createdAt\", \"public\".\"jobs\".\"updatedAt\", \"public\".\"jobs\".\"completedAt\" FROM \"public\".\"jobs\" WHERE (\"public\".\"jobs\".\"type\" = CAST($1::text AS \"public\".\"JobType\") AND \"public\".\"jobs\".\"status\" = CAST($2::text AS \"public\".\"JobStatus\") AND \"public\".\"jobs\".\"nextAttemptAt\" <= $3) ORDER BY \"public\".\"jobs\".\"createdAt\" ASC LIMIT $4 OFFSET $5","timestamp":"2026-08-12T09:32:09.483Z"}
{"level":"debug","message":"prisma query (69ms): COMMIT","timestamp":"2026-08-12T09:32:09.552Z"}
{"level":"debug","message":"prisma query (203ms): BEGIN","timestamp":"2026-08-12T09:32:11.290Z"}
{"level":"debug","message":"prisma query (204ms): BEGIN","timestamp":"2026-08-12T09:32:11.291Z"}
{"level":"debug","message":"prisma query (283ms): DEALLOCATE ALL","timestamp":"2026-08-12T09:32:11.575Z"}
{"level":"debug","message":"prisma query (283ms): DEALLOCATE ALL","timestamp":"2026-08-12T09:32:11.576Z"}
{"level":"debug","message":"prisma query (167ms): SELECT \"public\".\"jobs\".\"id\", \"public\".\"jobs\".\"type\"::text, \"public\".\"jobs\".\"status\"::text, \"public\".\"jobs\".\"payload\", \"public\".\"jobs\".\"result\", \"public\".\"jobs\".\"error\", \"public\".\"jobs\".\"attempts\", \"public\".\"jobs\".\"maxAttempts\", \"public\".\"jobs\".\"nextAttemptAt\", \"public\".\"jobs\".\"createdById\", \"public\".\"jobs\".\"createdAt\", \"public\".\"jobs\".\"updatedAt\", \"public\".\"jobs\".\"completedAt\" FROM \"public\".\"jobs\" WHERE (\"public\".\"jobs\".\"type\" = CAST($1::text AS \"public\".\"JobType\") AND \"public\".\"jobs\".\"status\" = CAST($2::text AS \"public\".\"JobStatus\") AND \"public\".\"jobs\".\"nextAttemptAt\" <= $3) ORDER BY \"public\".\"jobs\".\"createdAt\" ASC LIMIT $4 OFFSET $5","timestamp":"2026-08-12T09:32:11.742Z"}
{"level":"debug","message":"prisma query (205ms): SELECT \"public\".\"jobs\".\"id\", \"public\".\"jobs\".\"type\"::text, \"public\".\"jobs\".\"status\"::text, \"public\".\"jobs\".\"payload\", \"public\".\"jobs\".\"result\", \"public\".\"jobs\".\"error\", \"public\".\"jobs\".\"attempts\", \"public\".\"jobs\".\"maxAttempts\", \"public\".\"jobs\".\"nextAttemptAt\", \"public\".\"jobs\".\"createdById\", \"public\".\"jobs\".\"createdAt\", \"public\".\"jobs\".\"updatedAt\", \"public\".\"jobs\".\"completedAt\" FROM \"public\".\"jobs\" WHERE (\"public\".\"jobs\".\"type\" = CAST($1::text AS \"public\".\"JobType\") AND \"public\".\"jobs\".\"status\" = CAST($2::text AS \"public\".\"JobStatus\") AND \"public\".\"jobs\".\"nextAttemptAt\" <= $3) ORDER BY \"public\".\"jobs\".\"createdAt\" ASC LIMIT $4 OFFSET $5","timestamp":"2026-08-12T09:32:11.780Z"}
{"level":"debug","message":"prisma query (51ms): COMMIT","timestamp":"2026-08-12T09:32:11.794Z"}
{"level":"debug","message":"prisma query (41ms): COMMIT","timestamp":"2026-08-12T09:32:11.822Z"}
{"level":"debug","message":"prisma query (50ms): BEGIN","timestamp":"2026-08-12T09:32:13.144Z"}
{"level":"debug","message":"prisma query (65ms): BEGIN","timestamp":"2026-08-12T09:32:13.162Z"}
{"level":"debug","message":"prisma query (56ms): DEALLOCATE ALL","timestamp":"2026-08-12T09:32:13.218Z"}
{"level":"debug","message":"prisma query (73ms): DEALLOCATE ALL","timestamp":"2026-08-12T09:32:13.219Z"}
{"level":"debug","message":"prisma query (193ms): SELECT \"public\".\"jobs\".\"id\", \"public\".\"jobs\".\"type\"::text, \"public\".\"jobs\".\"status\"::text, \"public\".\"jobs\".\"payload\", \"public\".\"jobs\".\"result\", \"public\".\"jobs\".\"error\", \"public\".\"jobs\".\"attempts\", \"public\".\"jobs\".\"maxAttempts\", \"public\".\"jobs\".\"nextAttemptAt\", \"public\".\"jobs\".\"createdById\", \"public\".\"jobs\".\"createdAt\", \"public\".\"jobs\".\"updatedAt\", \"public\".\"jobs\".\"completedAt\" FROM \"public\".\"jobs\" WHERE (\"public\".\"jobs\".\"type\" = CAST($1::text AS \"public\".\"JobType\") AND \"public\".\"jobs\".\"status\" = CAST($2::text AS \"public\".\"JobStatus\") AND \"public\".\"jobs\".\"nextAttemptAt\" <= $3) ORDER BY \"public\".\"jobs\".\"createdAt\" ASC LIMIT $4 OFFSET $5","timestamp":"2026-08-12T09:32:13.411Z"}
{"level":"debug","message":"prisma query (193ms): SELECT \"public\".\"jobs\".\"id\", \"public\".\"jobs\".\"type\"::text, \"public\".\"jobs\".\"status\"::text, \"public\".\"jobs\".\"payload\", \"public\".\"jobs\".\"result\", \"public\".\"jobs\".\"error\", \"public\".\"jobs\".\"attempts\", \"public\".\"jobs\".\"maxAttempts\", \"public\".\"jobs\".\"nextAttemptAt\", \"public\".\"jobs\".\"createdById\", \"public\".\"jobs\".\"createdAt\", \"public\".\"jobs\".\"updatedAt\", \"public\".\"jobs\".\"completedAt\" FROM \"public\".\"jobs\" WHERE (\"public\".\"jobs\".\"type\" = CAST($1::text AS \"public\".\"JobType\") AND \"public\".\"jobs\".\"status\" = CAST($2::text AS \"public\".\"JobStatus\") AND \"public\".\"jobs\".\"nextAttemptAt\" <= $3) ORDER BY \"public\".\"jobs\".\"createdAt\" ASC LIMIT $4 OFFSET $5","timestamp":"2026-08-12T09:32:13.412Z"}
{"level":"debug","message":"prisma query (55ms): COMMIT","timestamp":"2026-08-12T09:32:13.468Z"}
{"level":"debug","message":"prisma query (55ms): COMMIT","timestamp":"2026-08-12T09:32:13.469Z"}
{"level":"debug","message":"prisma query (222ms): SELECT 1","timestamp":"2026-08-12T09:32:15.325Z"}
{"level":"debug","message":"prisma query (221ms): BEGIN","timestamp":"2026-08-12T09:32:15.326Z"}
{"level":"debug","message":"prisma query (296ms): DEALLOCATE ALL","timestamp":"2026-08-12T09:32:15.621Z"}
{"level":"debug","message":"prisma query (295ms): BEGIN","timestamp":"2026-08-12T09:32:15.622Z"}
{"level":"debug","message":"prisma query (85ms): DEALLOCATE ALL","timestamp":"2026-08-12T09:32:15.707Z"}
{"level":"debug","message":"prisma query (181ms): SELECT \"public\".\"jobs\".\"id\", \"public\".\"jobs\".\"type\"::text, \"public\".\"jobs\".\"status\"::text, \"public\".\"jobs\".\"payload\", \"public\".\"jobs\".\"result\", \"public\".\"jobs\".\"error\", \"public\".\"jobs\".\"attempts\", \"public\".\"jobs\".\"maxAttempts\", \"public\".\"jobs\".\"nextAttemptAt\", \"public\".\"jobs\".\"createdById\", \"public\".\"jobs\".\"createdAt\", \"public\".\"jobs\".\"updatedAt\", \"public\".\"jobs\".\"completedAt\" FROM \"public\".\"jobs\" WHERE (\"public\".\"jobs\".\"type\" = CAST($1::text AS \"public\".\"JobType\") AND \"public\".\"jobs\".\"status\" = CAST($2::text AS \"public\".\"JobStatus\") AND \"public\".\"jobs\".\"nextAttemptAt\" <= $3) ORDER BY \"public\".\"jobs\".\"createdAt\" ASC LIMIT $4 OFFSET $5","timestamp":"2026-08-12T09:32:15.804Z"}
{"level":"debug","message":"prisma query (51ms): COMMIT","timestamp":"2026-08-12T09:32:15.855Z"}
{"level":"debug","message":"prisma query (147ms): SELECT \"public\".\"jobs\".\"id\", \"public\".\"jobs\".\"type\"::text, \"public\".\"jobs\".\"status\"::text, \"public\".\"jobs\".\"payload\", \"public\".\"jobs\".\"result\", \"public\".\"jobs\".\"error\", \"public\".\"jobs\".\"attempts\", \"public\".\"jobs\".\"maxAttempts\", \"public\".\"jobs\".\"nextAttemptAt\", \"public\".\"jobs\".\"createdById\", \"public\".\"jobs\".\"createdAt\", \"public\".\"jobs\".\"updatedAt\", \"public\".\"jobs\".\"completedAt\" FROM \"public\".\"jobs\" WHERE (\"public\".\"jobs\".\"type\" = CAST($1::text AS \"public\".\"JobType\") AND \"public\".\"jobs\".\"status\" = CAST($2::text AS \"public\".\"JobStatus\") AND \"public\".\"jobs\".\"nextAttemptAt\" <= $3) ORDER BY \"public\".\"jobs\".\"createdAt\" ASC LIMIT $4 OFFSET $5","timestamp":"2026-08-12T09:32:15.856Z"}
{"level":"debug","message":"prisma query (45ms): COMMIT","timestamp":"2026-08-12T09:32:15.901Z"}
{"level":"debug","message":"prisma query (85ms): BEGIN","timestamp":"2026-08-12T09:32:17.188Z"}
{"level":"debug","message":"prisma query (88ms): BEGIN","timestamp":"2026-08-12T09:32:17.192Z"}
{"level":"debug","message":"prisma query (71ms): DEALLOCATE ALL","timestamp":"2026-08-12T09:32:17.264Z"}
{"level":"debug","message":"prisma query (76ms): DEALLOCATE ALL","timestamp":"2026-08-12T09:32:17.265Z"}
{"level":"debug","message":"prisma query (137ms): SELECT \"public\".\"jobs\".\"id\", \"public\".\"jobs\".\"type\"::text, \"public\".\"jobs\".\"status\"::text, \"public\".\"jobs\".\"payload\", \"public\".\"jobs\".\"result\", \"public\".\"jobs\".\"error\", \"public\".\"jobs\".\"attempts\", \"public\".\"jobs\".\"maxAttempts\", \"public\".\"jobs\".\"nextAttemptAt\", \"public\".\"jobs\".\"createdById\", \"public\".\"jobs\".\"createdAt\", \"public\".\"jobs\".\"updatedAt\", \"public\".\"jobs\".\"completedAt\" FROM \"public\".\"jobs\" WHERE (\"public\".\"jobs\".\"type\" = CAST($1::text AS \"public\".\"JobType\") AND \"public\".\"jobs\".\"status\" = CAST($2::text AS \"public\".\"JobStatus\") AND \"public\".\"jobs\".\"nextAttemptAt\" <= $3) ORDER BY \"public\".\"jobs\".\"createdAt\" ASC LIMIT $4 OFFSET $5","timestamp":"2026-08-12T09:32:17.402Z"}
{"level":"debug","message":"prisma query (147ms): SELECT \"public\".\"jobs\".\"id\", \"public\".\"jobs\".\"type\"::text, \"public\".\"jobs\".\"status\"::text, \"public\".\"jobs\".\"payload\", \"public\".\"jobs\".\"result\", \"public\".\"jobs\".\"error\", \"public\".\"jobs\".\"attempts\", \"public\".\"jobs\".\"maxAttempts\", \"public\".\"jobs\".\"nextAttemptAt\", \"public\".\"jobs\".\"createdById\", \"public\".\"jobs\".\"createdAt\", \"public\".\"jobs\".\"updatedAt\", \"public\".\"jobs\".\"completedAt\" FROM \"public\".\"jobs\" WHERE (\"public\".\"jobs\".\"type\" = CAST($1::text AS \"public\".\"JobType\") AND \"public\".\"jobs\".\"status\" = CAST($2::text AS \"public\".\"JobStatus\") AND \"public\".\"jobs\".\"nextAttemptAt\" <= $3) ORDER BY \"public\".\"jobs\".\"createdAt\" ASC LIMIT $4 OFFSET $5","timestamp":"2026-08-12T09:32:17.412Z"}
{"level":"debug","message":"prisma query (54ms): COMMIT","timestamp":"2026-08-12T09:32:17.457Z"}
{"level":"debug","message":"prisma query (470ms): COMMIT","timestamp":"2026-08-12T09:32:17.884Z"}
{"level":"debug","message":"prisma query (527ms): BEGIN","timestamp":"2026-08-12T09:32:19.634Z"}
{"level":"debug","message":"prisma query (528ms): SELECT 1","timestamp":"2026-08-12T09:32:19.634Z"}
{"level":"debug","message":"prisma query (73ms): DEALLOCATE ALL","timestamp":"2026-08-12T09:32:19.707Z"}
{"level":"debug","message":"prisma query (100ms): BEGIN","timestamp":"2026-08-12T09:32:19.735Z"}
{"level":"debug","message":"prisma query (83ms): DEALLOCATE ALL","timestamp":"2026-08-12T09:32:19.819Z"}
{"level":"debug","message":"prisma query (157ms): SELECT \"public\".\"jobs\".\"id\", \"public\".\"jobs\".\"type\"::text, \"public\".\"jobs\".\"status\"::text, \"public\".\"jobs\".\"payload\", \"public\".\"jobs\".\"result\", \"public\".\"jobs\".\"error\", \"public\".\"jobs\".\"attempts\", \"public\".\"jobs\".\"maxAttempts\", \"public\".\"jobs\".\"nextAttemptAt\", \"public\".\"jobs\".\"createdById\", \"public\".\"jobs\".\"createdAt\", \"public\".\"jobs\".\"updatedAt\", \"public\".\"jobs\".\"completedAt\" FROM \"public\".\"jobs\" WHERE (\"public\".\"jobs\".\"type\" = CAST($1::text AS \"public\".\"JobType\") AND \"public\".\"jobs\".\"status\" = CAST($2::text AS \"public\".\"JobStatus\") AND \"public\".\"jobs\".\"nextAttemptAt\" <= $3) ORDER BY \"public\".\"jobs\".\"createdAt\" ASC LIMIT $4 OFFSET $5","timestamp":"2026-08-12T09:32:19.865Z"}
{"level":"debug","message":"prisma query (45ms): COMMIT","timestamp":"2026-08-12T09:32:19.912Z"}
{"level":"debug","message":"prisma query (92ms): SELECT \"public\".\"jobs\".\"id\", \"public\".\"jobs\".\"type\"::text, \"public\".\"jobs\".\"status\"::text, \"public\".\"jobs\".\"payload\", \"public\".\"jobs\".\"result\", \"public\".\"jobs\".\"error\", \"public\".\"jobs\".\"attempts\", \"public\".\"jobs\".\"maxAttempts\", \"public\".\"jobs\".\"nextAttemptAt\", \"public\".\"jobs\".\"createdById\", \"public\".\"jobs\".\"createdAt\", \"public\".\"jobs\".\"updatedAt\", \"public\".\"jobs\".\"completedAt\" FROM \"public\".\"jobs\" WHERE (\"public\".\"jobs\".\"type\" = CAST($1::text AS \"public\".\"JobType\") AND \"public\".\"jobs\".\"status\" = CAST($2::text AS \"public\".\"JobStatus\") AND \"public\".\"jobs\".\"nextAttemptAt\" <= $3) ORDER BY \"public\".\"jobs\".\"createdAt\" ASC LIMIT $4 OFFSET $5","timestamp":"2026-08-12T09:32:19.912Z"}
{"level":"debug","message":"prisma query (89ms): COMMIT","timestamp":"2026-08-12T09:32:20.001Z"}
{"level":"debug","message":"prisma query (67ms): BEGIN","timestamp":"2026-08-12T09:32:21.182Z"}
{"level":"debug","message":"prisma query (301ms): DEALLOCATE ALL","timestamp":"2026-08-12T09:32:21.483Z"}
{"level":"debug","message":"prisma query (385ms): BEGIN","timestamp":"2026-08-12T09:32:21.502Z"}
{"level":"debug","message":"prisma query (85ms): DEALLOCATE ALL","timestamp":"2026-08-12T09:32:21.588Z"}
{"level":"debug","message":"prisma query (128ms): SELECT \"public\".\"jobs\".\"id\", \"public\".\"jobs\".\"type\"::text, \"public\".\"jobs\".\"status\"::text, \"public\".\"jobs\".\"payload\", \"public\".\"jobs\".\"result\", \"public\".\"jobs\".\"error\", \"public\".\"jobs\".\"attempts\", \"public\".\"jobs\".\"maxAttempts\", \"public\".\"jobs\".\"nextAttemptAt\", \"public\".\"jobs\".\"createdById\", \"public\".\"jobs\".\"createdAt\", \"public\".\"jobs\".\"updatedAt\", \"public\".\"jobs\".\"completedAt\" FROM \"public\".\"jobs\" WHERE (\"public\".\"jobs\".\"type\" = CAST($1::text AS \"public\".\"JobType\") AND \"public\".\"jobs\".\"status\" = CAST($2::text AS \"public\".\"JobStatus\") AND \"public\".\"jobs\".\"nextAttemptAt\" <= $3) ORDER BY \"public\".\"jobs\".\"createdAt\" ASC LIMIT $4 OFFSET $5","timestamp":"2026-08-12T09:32:21.613Z"}
{"level":"debug","message":"prisma query (142ms): COMMIT","timestamp":"2026-08-12T09:32:21.755Z"}
{"level":"debug","message":"prisma query (496ms): SELECT \"public\".\"jobs\".\"id\", \"public\".\"jobs\".\"type\"::text, \"public\".\"jobs\".\"status\"::text, \"public\".\"jobs\".\"payload\", \"public\".\"jobs\".\"result\", \"public\".\"jobs\".\"error\", \"public\".\"jobs\".\"attempts\", \"public\".\"jobs\".\"maxAttempts\", \"public\".\"jobs\".\"nextAttemptAt\", \"public\".\"jobs\".\"createdById\", \"public\".\"jobs\".\"createdAt\", \"public\".\"jobs\".\"updatedAt\", \"public\".\"jobs\".\"completedAt\" FROM \"public\".\"jobs\" WHERE (\"public\".\"jobs\".\"type\" = CAST($1::text AS \"public\".\"JobType\") AND \"public\".\"jobs\".\"status\" = CAST($2::text AS \"public\".\"JobStatus\") AND \"public\".\"jobs\".\"nextAttemptAt\" <= $3) ORDER BY \"public\".\"jobs\".\"createdAt\" ASC LIMIT $4 OFFSET $5","timestamp":"2026-08-12T09:32:22.085Z"}
{"level":"debug","message":"prisma query (950ms): COMMIT","timestamp":"2026-08-12T09:32:23.036Z"}
{"level":"debug","message":"prisma query (329ms): BEGIN","timestamp":"2026-08-12T09:32:23.450Z"}
{"level":"debug","message":"prisma query (328ms): BEGIN","timestamp":"2026-08-12T09:32:23.451Z"}
{"level":"debug","message":"prisma query (63ms): DEALLOCATE ALL","timestamp":"2026-08-12T09:32:23.514Z"}
{"level":"debug","message":"prisma query (63ms): DEALLOCATE ALL","timestamp":"2026-08-12T09:32:23.516Z"}
{"level":"debug","message":"prisma query (308ms): SELECT \"public\".\"jobs\".\"id\", \"public\".\"jobs\".\"type\"::text, \"public\".\"jobs\".\"status\"::text, \"public\".\"jobs\".\"payload\", \"public\".\"jobs\".\"result\", \"public\".\"jobs\".\"error\", \"public\".\"jobs\".\"attempts\", \"public\".\"jobs\".\"maxAttempts\", \"public\".\"jobs\".\"nextAttemptAt\", \"public\".\"jobs\".\"createdById\", \"public\".\"jobs\".\"createdAt\", \"public\".\"jobs\".\"updatedAt\", \"public\".\"jobs\".\"completedAt\" FROM \"public\".\"jobs\" WHERE (\"public\".\"jobs\".\"type\" = CAST($1::text AS \"public\".\"JobType\") AND \"public\".\"jobs\".\"status\" = CAST($2::text AS \"public\".\"JobStatus\") AND \"public\".\"jobs\".\"nextAttemptAt\" <= $3) ORDER BY \"public\".\"jobs\".\"createdAt\" ASC LIMIT $4 OFFSET $5","timestamp":"2026-08-12T09:32:23.823Z"}
{"level":"debug","message":"prisma query (308ms): SELECT \"public\".\"jobs\".\"id\", \"public\".\"jobs\".\"type\"::text, \"public\".\"jobs\".\"status\"::text, \"public\".\"jobs\".\"payload\", \"public\".\"jobs\".\"result\", \"public\".\"jobs\".\"error\", \"public\".\"jobs\".\"attempts\", \"public\".\"jobs\".\"maxAttempts\", \"public\".\"jobs\".\"nextAttemptAt\", \"public\".\"jobs\".\"createdById\", \"public\".\"jobs\".\"createdAt\", \"public\".\"jobs\".\"updatedAt\", \"public\".\"jobs\".\"completedAt\" FROM \"public\".\"jobs\" WHERE (\"public\".\"jobs\".\"type\" = CAST($1::text AS \"public\".\"JobType\") AND \"public\".\"jobs\".\"status\" = CAST($2::text AS \"public\".\"JobStatus\") AND \"public\".\"jobs\".\"nextAttemptAt\" <= $3) ORDER BY \"public\".\"jobs\".\"createdAt\" ASC LIMIT $4 OFFSET $5","timestamp":"2026-08-12T09:32:23.824Z"}
{"level":"debug","message":"prisma query (190ms): COMMIT","timestamp":"2026-08-12T09:32:24.014Z"}
{"level":"debug","message":"prisma query (191ms): COMMIT","timestamp":"2026-08-12T09:32:24.014Z"}
{"level":"debug","message":"prisma query (46ms): BEGIN","timestamp":"2026-08-12T09:32:25.171Z"}
{"level":"debug","message":"prisma query (56ms): BEGIN","timestamp":"2026-08-12T09:32:25.181Z"}
{"level":"debug","message":"prisma query (43ms): DEALLOCATE ALL","timestamp":"2026-08-12T09:32:25.214Z"}
{"level":"debug","message":"prisma query (81ms): DEALLOCATE ALL","timestamp":"2026-08-12T09:32:25.263Z"}
{"level":"debug","message":"prisma query (137ms): SELECT \"public\".\"jobs\".\"id\", \"public\".\"jobs\".\"type\"::text, \"public\".\"jobs\".\"status\"::text, \"public\".\"jobs\".\"payload\", \"public\".\"jobs\".\"result\", \"public\".\"jobs\".\"error\", \"public\".\"jobs\".\"attempts\", \"public\".\"jobs\".\"maxAttempts\", \"public\".\"jobs\".\"nextAttemptAt\", \"public\".\"jobs\".\"createdById\", \"public\".\"jobs\".\"createdAt\", \"public\".\"jobs\".\"updatedAt\", \"public\".\"jobs\".\"completedAt\" FROM \"public\".\"jobs\" WHERE (\"public\".\"jobs\".\"type\" = CAST($1::text AS \"public\".\"JobType\") AND \"public\".\"jobs\".\"status\" = CAST($2::text AS \"public\".\"JobStatus\") AND \"public\".\"jobs\".\"nextAttemptAt\" <= $3) ORDER BY \"public\".\"jobs\".\"createdAt\" ASC LIMIT $4 OFFSET $5","timestamp":"2026-08-12T09:32:25.352Z"}
{"level":"debug","message":"prisma query (81ms): COMMIT","timestamp":"2026-08-12T09:32:25.434Z"}
{"level":"debug","message":"prisma query (170ms): SELECT \"public\".\"jobs\".\"id\", \"public\".\"jobs\".\"type\"::text, \"public\".\"jobs\".\"status\"::text, \"public\".\"jobs\".\"payload\", \"public\".\"jobs\".\"result\", \"public\".\"jobs\".\"error\", \"public\".\"jobs\".\"attempts\", \"public\".\"jobs\".\"maxAttempts\", \"public\".\"jobs\".\"nextAttemptAt\", \"public\".\"jobs\".\"createdById\", \"public\".\"jobs\".\"createdAt\", \"public\".\"jobs\".\"updatedAt\", \"public\".\"jobs\".\"completedAt\" FROM \"public\".\"jobs\" WHERE (\"public\".\"jobs\".\"type\" = CAST($1::text AS \"public\".\"JobType\") AND \"public\".\"jobs\".\"status\" = CAST($2::text AS \"public\".\"JobStatus\") AND \"public\".\"jobs\".\"nextAttemptAt\" <= $3) ORDER BY \"public\".\"jobs\".\"createdAt\" ASC LIMIT $4 OFFSET $5","timestamp":"2026-08-12T09:32:25.435Z"}
{"level":"debug","message":"prisma query (77ms): COMMIT","timestamp":"2026-08-12T09:32:25.512Z"}
{"level":"debug","message":"prisma query (306ms): BEGIN","timestamp":"2026-08-12T09:32:26.171Z"}
{"level":"debug","message":"prisma query (267ms): DEALLOCATE ALL","timestamp":"2026-08-12T09:32:26.438Z"}
{"level":"debug","message":"prisma query (323ms): SELECT \"public\".\"users\".\"id\", \"public\".\"users\".\"name\", \"public\".\"users\".\"email\", \"public\".\"users\".\"passwordHash\", \"public\".\"users\".\"roleId\", \"public\".\"users\".\"isActive\", \"public\".\"users\".\"lastLoginAt\", \"public\".\"users\".\"createdAt\", \"public\".\"users\".\"updatedAt\" FROM \"public\".\"users\" WHERE (\"public\".\"users\".\"email\" = $1 AND 1=1) LIMIT $2 OFFSET $3","timestamp":"2026-08-12T09:32:26.765Z"}
{"level":"debug","message":"prisma query (379ms): COMMIT","timestamp":"2026-08-12T09:32:27.143Z"}
{"level":"debug","message":"prisma query (319ms): SELECT 1","timestamp":"2026-08-12T09:32:27.459Z"}
{"level":"debug","message":"prisma query (313ms): BEGIN","timestamp":"2026-08-12T09:32:27.460Z"}
{"level":"debug","message":"prisma query (318ms): BEGIN","timestamp":"2026-08-12T09:32:27.461Z"}
{"level":"debug","message":"prisma query (62ms): DEALLOCATE ALL","timestamp":"2026-08-12T09:32:27.525Z"}
{"level":"debug","message":"prisma query (63ms): DEALLOCATE ALL","timestamp":"2026-08-12T09:32:27.526Z"}
{"level":"debug","message":"prisma query (64ms): BEGIN","timestamp":"2026-08-12T09:32:27.527Z"}
{"level":"debug","message":"prisma query (144ms): DEALLOCATE ALL","timestamp":"2026-08-12T09:32:27.668Z"}
{"level":"debug","message":"prisma query (235ms): SELECT \"public\".\"jobs\".\"id\", \"public\".\"jobs\".\"type\"::text, \"public\".\"jobs\".\"status\"::text, \"public\".\"jobs\".\"payload\", \"public\".\"jobs\".\"result\", \"public\".\"jobs\".\"error\", \"public\".\"jobs\".\"attempts\", \"public\".\"jobs\".\"maxAttempts\", \"public\".\"jobs\".\"nextAttemptAt\", \"public\".\"jobs\".\"createdById\", \"public\".\"jobs\".\"createdAt\", \"public\".\"jobs\".\"updatedAt\", \"public\".\"jobs\".\"completedAt\" FROM \"public\".\"jobs\" WHERE (\"public\".\"jobs\".\"type\" = CAST($1::text AS \"public\".\"JobType\") AND \"public\".\"jobs\".\"status\" = CAST($2::text AS \"public\".\"JobStatus\") AND \"public\".\"jobs\".\"nextAttemptAt\" <= $3) ORDER BY \"public\".\"jobs\".\"createdAt\" ASC LIMIT $4 OFFSET $5","timestamp":"2026-08-12T09:32:27.758Z"}
{"level":"debug","message":"prisma query (236ms): INSERT INTO \"public\".\"login_attempts\" (\"id\",\"email\",\"success\",\"failureReason\",\"ipAddress\",\"userAgent\",\"createdAt\") VALUES ($1,$2,$3,$4,$5,$6,$7) RETURNING \"public\".\"login_attempts\".\"id\", \"public\".\"login_attempts\".\"email\", \"public\".\"login_attempts\".\"userId\", \"public\".\"login_attempts\".\"success\", \"public\".\"login_attempts\".\"failureReason\", \"public\".\"login_attempts\".\"ipAddress\", \"public\".\"login_attempts\".\"userAgent\", \"public\".\"login_attempts\".\"createdAt\"","timestamp":"2026-08-12T09:32:27.759Z"}
{"level":"debug","message":"prisma query (168ms): SELECT \"public\".\"jobs\".\"id\", \"public\".\"jobs\".\"type\"::text, \"public\".\"jobs\".\"status\"::text, \"public\".\"jobs\".\"payload\", \"public\".\"jobs\".\"result\", \"public\".\"jobs\".\"error\", \"public\".\"jobs\".\"attempts\", \"public\".\"jobs\".\"maxAttempts\", \"public\".\"jobs\".\"nextAttemptAt\", \"public\".\"jobs\".\"createdById\", \"public\".\"jobs\".\"createdAt\", \"public\".\"jobs\".\"updatedAt\", \"public\".\"jobs\".\"completedAt\" FROM \"public\".\"jobs\" WHERE (\"public\".\"jobs\".\"type\" = CAST($1::text AS \"public\".\"JobType\") AND \"public\".\"jobs\".\"status\" = CAST($2::text AS \"public\".\"JobStatus\") AND \"public\".\"jobs\".\"nextAttemptAt\" <= $3) ORDER BY \"public\".\"jobs\".\"createdAt\" ASC LIMIT $4 OFFSET $5","timestamp":"2026-08-12T09:32:27.837Z"}
{"level":"debug","message":"prisma query (82ms): COMMIT","timestamp":"2026-08-12T09:32:27.841Z"}
{"level":"debug","message":"prisma query (82ms): COMMIT","timestamp":"2026-08-12T09:32:27.842Z"}
{"ip":"::1","level":"warn","message":"Invalid email or password","method":"POST","path":"/api/v1/auth/login","statusCode":401,"timestamp":"2026-08-12T09:32:27.843Z"}
{"level":"http","message":"\u001b[0mPOST /api/v1/auth/login \u001b[33m401\u001b[0m 1987.222 ms - 571\u001b[0m","timestamp":"2026-08-12T09:32:27.847Z"}
{"level":"debug","message":"prisma query (74ms): COMMIT","timestamp":"2026-08-12T09:32:27.912Z"}
{"level":"debug","message":"prisma query (77ms): BEGIN","timestamp":"2026-08-12T09:32:29.222Z"}
{"level":"debug","message":"prisma query (79ms): BEGIN","timestamp":"2026-08-12T09:32:29.223Z"}
{"level":"debug","message":"prisma query (128ms): DEALLOCATE ALL","timestamp":"2026-08-12T09:32:29.350Z"}
{"level":"debug","message":"prisma query (128ms): DEALLOCATE ALL","timestamp":"2026-08-12T09:32:29.351Z"}
{"level":"debug","message":"prisma query (101ms): SELECT \"public\".\"jobs\".\"id\", \"public\".\"jobs\".\"type\"::text, \"public\".\"jobs\".\"status\"::text, \"public\".\"jobs\".\"payload\", \"public\".\"jobs\".\"result\", \"public\".\"jobs\".\"error\", \"public\".\"jobs\".\"attempts\", \"public\".\"jobs\".\"maxAttempts\", \"public\".\"jobs\".\"nextAttemptAt\", \"public\".\"jobs\".\"createdById\", \"public\".\"jobs\".\"createdAt\", \"public\".\"jobs\".\"updatedAt\", \"public\".\"jobs\".\"completedAt\" FROM \"public\".\"jobs\" WHERE (\"public\".\"jobs\".\"type\" = CAST($1::text AS \"public\".\"JobType\") AND \"public\".\"jobs\".\"status\" = CAST($2::text AS \"public\".\"JobStatus\") AND \"public\".\"jobs\".\"nextAttemptAt\" <= $3) ORDER BY \"public\".\"jobs\".\"createdAt\" ASC LIMIT $4 OFFSET $5","timestamp":"2026-08-12T09:32:29.452Z"}
{"level":"debug","message":"prisma query (113ms): SELECT \"public\".\"jobs\".\"id\", \"public\".\"jobs\".\"type\"::text, \"public\".\"jobs\".\"status\"::text, \"public\".\"jobs\".\"payload\", \"public\".\"jobs\".\"result\", \"public\".\"jobs\".\"error\", \"public\".\"jobs\".\"attempts\", \"public\".\"jobs\".\"maxAttempts\", \"public\".\"jobs\".\"nextAttemptAt\", \"public\".\"jobs\".\"createdById\", \"public\".\"jobs\".\"createdAt\", \"public\".\"jobs\".\"updatedAt\", \"public\".\"jobs\".\"completedAt\" FROM \"public\".\"jobs\" WHERE (\"public\".\"jobs\".\"type\" = CAST($1::text AS \"public\".\"JobType\") AND \"public\".\"jobs\".\"status\" = CAST($2::text AS \"public\".\"JobStatus\") AND \"public\".\"jobs\".\"nextAttemptAt\" <= $3) ORDER BY \"public\".\"jobs\".\"createdAt\" ASC LIMIT $4 OFFSET $5","timestamp":"2026-08-12T09:32:29.464Z"}
{"level":"debug","message":"prisma query (50ms): COMMIT","timestamp":"2026-08-12T09:32:29.502Z"}
{"level":"debug","message":"prisma query (87ms): COMMIT","timestamp":"2026-08-12T09:32:29.552Z"}
{"level":"debug","message":"prisma query (348ms): SELECT 1","timestamp":"2026-08-12T09:32:31.496Z"}
{"level":"debug","message":"prisma query (348ms): BEGIN","timestamp":"2026-08-12T09:32:31.496Z"}
{"level":"debug","message":"prisma query (180ms): DEALLOCATE ALL","timestamp":"2026-08-12T09:32:31.676Z"}
{"level":"debug","message":"prisma query (181ms): BEGIN","timestamp":"2026-08-12T09:32:31.677Z"}
{"level":"debug","message":"prisma query (77ms): DEALLOCATE ALL","timestamp":"2026-08-12T09:32:31.754Z"}
{"level":"debug","message":"prisma query (145ms): SELECT \"public\".\"jobs\".\"id\", \"public\".\"jobs\".\"type\"::text, \"public\".\"jobs\".\"status\"::text, \"public\".\"jobs\".\"payload\", \"public\".\"jobs\".\"result\", \"public\".\"jobs\".\"error\", \"public\".\"jobs\".\"attempts\", \"public\".\"jobs\".\"maxAttempts\", \"public\".\"jobs\".\"nextAttemptAt\", \"public\".\"jobs\".\"createdById\", \"public\".\"jobs\".\"createdAt\", \"public\".\"jobs\".\"updatedAt\", \"public\".\"jobs\".\"completedAt\" FROM \"public\".\"jobs\" WHERE (\"public\".\"jobs\".\"type\" = CAST($1::text AS \"public\".\"JobType\") AND \"public\".\"jobs\".\"status\" = CAST($2::text AS \"public\".\"JobStatus\") AND \"public\".\"jobs\".\"nextAttemptAt\" <= $3) ORDER BY \"public\".\"jobs\".\"createdAt\" ASC LIMIT $4 OFFSET $5","timestamp":"2026-08-12T09:32:31.823Z"}
{"level":"debug","message":"prisma query (48ms): COMMIT","timestamp":"2026-08-12T09:32:31.871Z"}
{"level":"debug","message":"prisma query (116ms): SELECT \"public\".\"jobs\".\"id\", \"public\".\"jobs\".\"type\"::text, \"public\".\"jobs\".\"status\"::text, \"public\".\"jobs\".\"payload\", \"public\".\"jobs\".\"result\", \"public\".\"jobs\".\"error\", \"public\".\"jobs\".\"attempts\", \"public\".\"jobs\".\"maxAttempts\", \"public\".\"jobs\".\"nextAttemptAt\", \"public\".\"jobs\".\"createdById\", \"public\".\"jobs\".\"createdAt\", \"public\".\"jobs\".\"updatedAt\", \"public\".\"jobs\".\"completedAt\" FROM \"public\".\"jobs\" WHERE (\"public\".\"jobs\".\"type\" = CAST($1::text AS \"public\".\"JobType\") AND \"public\".\"jobs\".\"status\" = CAST($2::text AS \"public\".\"JobStatus\") AND \"public\".\"jobs\".\"nextAttemptAt\" <= $3) ORDER BY \"public\".\"jobs\".\"createdAt\" ASC LIMIT $4 OFFSET $5","timestamp":"2026-08-12T09:32:31.872Z"}
{"level":"debug","message":"prisma query (81ms): COMMIT","timestamp":"2026-08-12T09:32:31.953Z"}
{"level":"debug","message":"prisma query (87ms): BEGIN","timestamp":"2026-08-12T09:32:33.238Z"}
{"level":"debug","message":"prisma query (87ms): BEGIN","timestamp":"2026-08-12T09:32:33.238Z"}
{"level":"debug","message":"prisma query (69ms): DEALLOCATE ALL","timestamp":"2026-08-12T09:32:33.308Z"}
{"level":"debug","message":"prisma query (70ms): DEALLOCATE ALL","timestamp":"2026-08-12T09:32:33.309Z"}
{"level":"debug","message":"prisma query (133ms): SELECT \"public\".\"jobs\".\"id\", \"public\".\"jobs\".\"type\"::text, \"public\".\"jobs\".\"status\"::text, \"public\".\"jobs\".\"payload\", \"public\".\"jobs\".\"result\", \"public\".\"jobs\".\"error\", \"public\".\"jobs\".\"attempts\", \"public\".\"jobs\".\"maxAttempts\", \"public\".\"jobs\".\"nextAttemptAt\", \"public\".\"jobs\".\"createdById\", \"public\".\"jobs\".\"createdAt\", \"public\".\"jobs\".\"updatedAt\", \"public\".\"jobs\".\"completedAt\" FROM \"public\".\"jobs\" WHERE (\"public\".\"jobs\".\"type\" = CAST($1::text AS \"public\".\"JobType\") AND \"public\".\"jobs\".\"status\" = CAST($2::text AS \"public\".\"JobStatus\") AND \"public\".\"jobs\".\"nextAttemptAt\" <= $3) ORDER BY \"public\".\"jobs\".\"createdAt\" ASC LIMIT $4 OFFSET $5","timestamp":"2026-08-12T09:32:33.442Z"}
{"level":"debug","message":"prisma query (142ms): SELECT \"public\".\"jobs\".\"id\", \"public\".\"jobs\".\"type\"::text, \"public\".\"jobs\".\"status\"::text, \"public\".\"jobs\".\"payload\", \"public\".\"jobs\".\"result\", \"public\".\"jobs\".\"error\", \"public\".\"jobs\".\"attempts\", \"public\".\"jobs\".\"maxAttempts\", \"public\".\"jobs\".\"nextAttemptAt\", \"public\".\"jobs\".\"createdById\", \"public\".\"jobs\".\"createdAt\", \"public\".\"jobs\".\"updatedAt\", \"public\".\"jobs\".\"completedAt\" FROM \"public\".\"jobs\" WHERE (\"public\".\"jobs\".\"type\" = CAST($1::text AS \"public\".\"JobType\") AND \"public\".\"jobs\".\"status\" = CAST($2::text AS \"public\".\"JobStatus\") AND \"public\".\"jobs\".\"nextAttemptAt\" <= $3) ORDER BY \"public\".\"jobs\".\"createdAt\" ASC LIMIT $4 OFFSET $5","timestamp":"2026-08-12T09:32:33.452Z"}
{"level":"debug","message":"prisma query (48ms): COMMIT","timestamp":"2026-08-12T09:32:33.491Z"}
{"level":"debug","message":"prisma query (59ms): COMMIT","timestamp":"2026-08-12T09:32:33.512Z"}
{"level":"debug","message":"prisma query (78ms): BEGIN","timestamp":"2026-08-12T09:32:35.241Z"}
{"level":"debug","message":"prisma query (77ms): BEGIN","timestamp":"2026-08-12T09:32:35.242Z"}
{"level":"debug","message":"prisma query (65ms): DEALLOCATE ALL","timestamp":"2026-08-12T09:32:35.307Z"}
{"level":"debug","message":"prisma query (66ms): DEALLOCATE ALL","timestamp":"2026-08-12T09:32:35.308Z"}
{"level":"debug","message":"prisma query (163ms): SELECT \"public\".\"jobs\".\"id\", \"public\".\"jobs\".\"type\"::text, \"public\".\"jobs\".\"status\"::text, \"public\".\"jobs\".\"payload\", \"public\".\"jobs\".\"result\", \"public\".\"jobs\".\"error\", \"public\".\"jobs\".\"attempts\", \"public\".\"jobs\".\"maxAttempts\", \"public\".\"jobs\".\"nextAttemptAt\", \"public\".\"jobs\".\"createdById\", \"public\".\"jobs\".\"createdAt\", \"public\".\"jobs\".\"updatedAt\", \"public\".\"jobs\".\"completedAt\" FROM \"public\".\"jobs\" WHERE (\"public\".\"jobs\".\"type\" = CAST($1::text AS \"public\".\"JobType\") AND \"public\".\"jobs\".\"status\" = CAST($2::text AS \"public\".\"JobStatus\") AND \"public\".\"jobs\".\"nextAttemptAt\" <= $3) ORDER BY \"public\".\"jobs\".\"createdAt\" ASC LIMIT $4 OFFSET $5","timestamp":"2026-08-12T09:32:35.473Z"}
{"level":"debug","message":"prisma query (164ms): SELECT \"public\".\"jobs\".\"id\", \"public\".\"jobs\".\"type\"::text, \"public\".\"jobs\".\"status\"::text, \"public\".\"jobs\".\"payload\", \"public\".\"jobs\".\"result\", \"public\".\"jobs\".\"error\", \"public\".\"jobs\".\"attempts\", \"public\".\"jobs\".\"maxAttempts\", \"public\".\"jobs\".\"nextAttemptAt\", \"public\".\"jobs\".\"createdById\", \"public\".\"jobs\".\"createdAt\", \"public\".\"jobs\".\"updatedAt\", \"public\".\"jobs\".\"completedAt\" FROM \"public\".\"jobs\" WHERE (\"public\".\"jobs\".\"type\" = CAST($1::text AS \"public\".\"JobType\") AND \"public\".\"jobs\".\"status\" = CAST($2::text AS \"public\".\"JobStatus\") AND \"public\".\"jobs\".\"nextAttemptAt\" <= $3) ORDER BY \"public\".\"jobs\".\"createdAt\" ASC LIMIT $4 OFFSET $5","timestamp":"2026-08-12T09:32:35.475Z"}
{"level":"debug","message":"prisma query (49ms): COMMIT","timestamp":"2026-08-12T09:32:35.521Z"}
{"level":"debug","message":"prisma query (64ms): COMMIT","timestamp":"2026-08-12T09:32:35.541Z"}
{"level":"debug","message":"prisma query (104ms): BEGIN","timestamp":"2026-08-12T09:32:37.272Z"}
{"level":"debug","message":"prisma query (102ms): BEGIN","timestamp":"2026-08-12T09:32:37.273Z"}
{"level":"debug","message":"prisma query (304ms): DEALLOCATE ALL","timestamp":"2026-08-12T09:32:37.577Z"}
{"level":"debug","message":"prisma query (305ms): DEALLOCATE ALL","timestamp":"2026-08-12T09:32:37.579Z"}
{"level":"debug","message":"prisma query (214ms): SELECT \"public\".\"jobs\".\"id\", \"public\".\"jobs\".\"type\"::text, \"public\".\"jobs\".\"status\"::text, \"public\".\"jobs\".\"payload\", \"public\".\"jobs\".\"result\", \"public\".\"jobs\".\"error\", \"public\".\"jobs\".\"attempts\", \"public\".\"jobs\".\"maxAttempts\", \"public\".\"jobs\".\"nextAttemptAt\", \"public\".\"jobs\".\"createdById\", \"public\".\"jobs\".\"createdAt\", \"public\".\"jobs\".\"updatedAt\", \"public\".\"jobs\".\"completedAt\" FROM \"public\".\"jobs\" WHERE (\"public\".\"jobs\".\"type\" = CAST($1::text AS \"public\".\"JobType\") AND \"public\".\"jobs\".\"status\" = CAST($2::text AS \"public\".\"JobStatus\") AND \"public\".\"jobs\".\"nextAttemptAt\" <= $3) ORDER BY \"public\".\"jobs\".\"createdAt\" ASC LIMIT $4 OFFSET $5","timestamp":"2026-08-12T09:32:37.793Z"}
{"level":"debug","message":"prisma query (215ms): SELECT \"public\".\"jobs\".\"id\", \"public\".\"jobs\".\"type\"::text, \"public\".\"jobs\".\"status\"::text, \"public\".\"jobs\".\"payload\", \"public\".\"jobs\".\"result\", \"public\".\"jobs\".\"error\", \"public\".\"jobs\".\"attempts\", \"public\".\"jobs\".\"maxAttempts\", \"public\".\"jobs\".\"nextAttemptAt\", \"public\".\"jobs\".\"createdById\", \"public\".\"jobs\".\"createdAt\", \"public\".\"jobs\".\"updatedAt\", \"public\".\"jobs\".\"completedAt\" FROM \"public\".\"jobs\" WHERE (\"public\".\"jobs\".\"type\" = CAST($1::text AS \"public\".\"JobType\") AND \"public\".\"jobs\".\"status\" = CAST($2::text AS \"public\".\"JobStatus\") AND \"public\".\"jobs\".\"nextAttemptAt\" <= $3) ORDER BY \"public\".\"jobs\".\"createdAt\" ASC LIMIT $4 OFFSET $5","timestamp":"2026-08-12T09:32:37.793Z"}
{"level":"debug","message":"prisma query (78ms): COMMIT","timestamp":"2026-08-12T09:32:37.872Z"}
{"level":"debug","message":"prisma query (79ms): COMMIT","timestamp":"2026-08-12T09:32:37.873Z"}
{"level":"debug","message":"prisma query (91ms): BEGIN","timestamp":"2026-08-12T09:32:39.262Z"}
{"level":"debug","message":"prisma query (381ms): BEGIN","timestamp":"2026-08-12T09:32:39.553Z"}
{"level":"debug","message":"prisma query (291ms): DEALLOCATE ALL","timestamp":"2026-08-12T09:32:39.554Z"}
{"level":"debug","message":"prisma query (78ms): DEALLOCATE ALL","timestamp":"2026-08-12T09:32:39.631Z"}
{"level":"debug","message":"prisma query (385ms): SELECT \"public\".\"jobs\".\"id\", \"public\".\"jobs\".\"type\"::text, \"public\".\"jobs\".\"status\"::text, \"public\".\"jobs\".\"payload\", \"public\".\"jobs\".\"result\", \"public\".\"jobs\".\"error\", \"public\".\"jobs\".\"attempts\", \"public\".\"jobs\".\"maxAttempts\", \"public\".\"jobs\".\"nextAttemptAt\", \"public\".\"jobs\".\"createdById\", \"public\".\"jobs\".\"createdAt\", \"public\".\"jobs\".\"updatedAt\", \"public\".\"jobs\".\"completedAt\" FROM \"public\".\"jobs\" WHERE (\"public\".\"jobs\".\"type\" = CAST($1::text AS \"public\".\"JobType\") AND \"public\".\"jobs\".\"status\" = CAST($2::text AS \"public\".\"JobStatus\") AND \"public\".\"jobs\".\"nextAttemptAt\" <= $3) ORDER BY \"public\".\"jobs\".\"createdAt\" ASC LIMIT $4 OFFSET $5","timestamp":"2026-08-12T09:32:39.940Z"}
{"level":"debug","message":"prisma query (159ms): COMMIT","timestamp":"2026-08-12T09:32:40.100Z"}
{"level":"debug","message":"prisma query (467ms): SELECT \"public\".\"jobs\".\"id\", \"public\".\"jobs\".\"type\"::text, \"public\".\"jobs\".\"status\"::text, \"public\".\"jobs\".\"payload\", \"public\".\"jobs\".\"result\", \"public\".\"jobs\".\"error\", \"public\".\"jobs\".\"attempts\", \"public\".\"jobs\".\"maxAttempts\", \"public\".\"jobs\".\"nextAttemptAt\", \"public\".\"jobs\".\"createdById\", \"public\".\"jobs\".\"createdAt\", \"public\".\"jobs\".\"updatedAt\", \"public\".\"jobs\".\"completedAt\" FROM \"public\".\"jobs\" WHERE (\"public\".\"jobs\".\"type\" = CAST($1::text AS \"public\".\"JobType\") AND \"public\".\"jobs\".\"status\" = CAST($2::text AS \"public\".\"JobStatus\") AND \"public\".\"jobs\".\"nextAttemptAt\" <= $3) ORDER BY \"public\".\"jobs\".\"createdAt\" ASC LIMIT $4 OFFSET $5","timestamp":"2026-08-12T09:32:40.101Z"}
{"level":"debug","message":"prisma query (51ms): COMMIT","timestamp":"2026-08-12T09:32:40.151Z"}
{"level":"debug","message":"prisma query (313ms): BEGIN","timestamp":"2026-08-12T09:32:41.491Z"}
{"level":"debug","message":"prisma query (313ms): BEGIN","timestamp":"2026-08-12T09:32:41.491Z"}
{"level":"debug","message":"prisma query (218ms): DEALLOCATE ALL","timestamp":"2026-08-12T09:32:41.711Z"}
{"level":"debug","message":"prisma query (219ms): DEALLOCATE ALL","timestamp":"2026-08-12T09:32:41.712Z"}
{"level":"debug","message":"prisma query (161ms): SELECT \"public\".\"jobs\".\"id\", \"public\".\"jobs\".\"type\"::text, \"public\".\"jobs\".\"status\"::text, \"public\".\"jobs\".\"payload\", \"public\".\"jobs\".\"result\", \"public\".\"jobs\".\"error\", \"public\".\"jobs\".\"attempts\", \"public\".\"jobs\".\"maxAttempts\", \"public\".\"jobs\".\"nextAttemptAt\", \"public\".\"jobs\".\"createdById\", \"public\".\"jobs\".\"createdAt\", \"public\".\"jobs\".\"updatedAt\", \"public\".\"jobs\".\"completedAt\" FROM \"public\".\"jobs\" WHERE (\"public\".\"jobs\".\"type\" = CAST($1::text AS \"public\".\"JobType\") AND \"public\".\"jobs\".\"status\" = CAST($2::text AS \"public\".\"JobStatus\") AND \"public\".\"jobs\".\"nextAttemptAt\" <= $3) ORDER BY \"public\".\"jobs\".\"createdAt\" ASC LIMIT $4 OFFSET $5","timestamp":"2026-08-12T09:32:41.872Z"}
{"level":"debug","message":"prisma query (161ms): SELECT \"public\".\"jobs\".\"id\", \"public\".\"jobs\".\"type\"::text, \"public\".\"jobs\".\"status\"::text, \"public\".\"jobs\".\"payload\", \"public\".\"jobs\".\"result\", \"public\".\"jobs\".\"error\", \"public\".\"jobs\".\"attempts\", \"public\".\"jobs\".\"maxAttempts\", \"public\".\"jobs\".\"nextAttemptAt\", \"public\".\"jobs\".\"createdById\", \"public\".\"jobs\".\"createdAt\", \"public\".\"jobs\".\"updatedAt\", \"public\".\"jobs\".\"completedAt\" FROM \"public\".\"jobs\" WHERE (\"public\".\"jobs\".\"type\" = CAST($1::text AS \"public\".\"JobType\") AND \"public\".\"jobs\".\"status\" = CAST($2::text AS \"public\".\"JobStatus\") AND \"public\".\"jobs\".\"nextAttemptAt\" <= $3) ORDER BY \"public\".\"jobs\".\"createdAt\" ASC LIMIT $4 OFFSET $5","timestamp":"2026-08-12T09:32:41.873Z"}
{"level":"debug","message":"prisma query (65ms): COMMIT","timestamp":"2026-08-12T09:32:41.938Z"}
{"level":"debug","message":"prisma query (65ms): COMMIT","timestamp":"2026-08-12T09:32:41.938Z"}
{"level":"debug","message":"prisma query (89ms): BEGIN","timestamp":"2026-08-12T09:32:43.272Z"}
{"level":"debug","message":"prisma query (89ms): SELECT 1","timestamp":"2026-08-12T09:32:43.273Z"}
{"level":"debug","message":"prisma query (76ms): DEALLOCATE ALL","timestamp":"2026-08-12T09:32:43.348Z"}
{"level":"debug","message":"prisma query (75ms): BEGIN","timestamp":"2026-08-12T09:32:43.348Z"}
{"level":"debug","message":"prisma query (83ms): DEALLOCATE ALL","timestamp":"2026-08-12T09:32:43.432Z"}
{"level":"debug","message":"prisma query (152ms): SELECT \"public\".\"jobs\".\"id\", \"public\".\"jobs\".\"type\"::text, \"public\".\"jobs\".\"status\"::text, \"public\".\"jobs\".\"payload\", \"public\".\"jobs\".\"result\", \"public\".\"jobs\".\"error\", \"public\".\"jobs\".\"attempts\", \"public\".\"jobs\".\"maxAttempts\", \"public\".\"jobs\".\"nextAttemptAt\", \"public\".\"jobs\".\"createdById\", \"public\".\"jobs\".\"createdAt\", \"public\".\"jobs\".\"updatedAt\", \"public\".\"jobs\".\"completedAt\" FROM \"public\".\"jobs\" WHERE (\"public\".\"jobs\".\"type\" = CAST($1::text AS \"public\".\"JobType\") AND \"public\".\"jobs\".\"status\" = CAST($2::text AS \"public\".\"JobStatus\") AND \"public\".\"jobs\".\"nextAttemptAt\" <= $3) ORDER BY \"public\".\"jobs\".\"createdAt\" ASC LIMIT $4 OFFSET $5","timestamp":"2026-08-12T09:32:43.501Z"}
{"level":"debug","message":"prisma query (42ms): COMMIT","timestamp":"2026-08-12T09:32:43.544Z"}
{"level":"debug","message":"prisma query (138ms): SELECT \"public\".\"jobs\".\"id\", \"public\".\"jobs\".\"type\"::text, \"public\".\"jobs\".\"status\"::text, \"public\".\"jobs\".\"payload\", \"public\".\"jobs\".\"result\", \"public\".\"jobs\".\"error\", \"public\".\"jobs\".\"attempts\", \"public\".\"jobs\".\"maxAttempts\", \"public\".\"jobs\".\"nextAttemptAt\", \"public\".\"jobs\".\"createdById\", \"public\".\"jobs\".\"createdAt\", \"public\".\"jobs\".\"updatedAt\", \"public\".\"jobs\".\"completedAt\" FROM \"public\".\"jobs\" WHERE (\"public\".\"jobs\".\"type\" = CAST($1::text AS \"public\".\"JobType\") AND \"public\".\"jobs\".\"status\" = CAST($2::text AS \"public\".\"JobStatus\") AND \"public\".\"jobs\".\"nextAttemptAt\" <= $3) ORDER BY \"public\".\"jobs\".\"createdAt\" ASC LIMIT $4 OFFSET $5","timestamp":"2026-08-12T09:32:43.571Z"}
{"level":"debug","message":"prisma query (56ms): COMMIT","timestamp":"2026-08-12T09:32:43.628Z"}
{"level":"debug","message":"prisma query (113ms): BEGIN","timestamp":"2026-08-12T09:32:45.301Z"}
{"level":"debug","message":"prisma query (113ms): BEGIN","timestamp":"2026-08-12T09:32:45.301Z"}
{"level":"debug","message":"prisma query (122ms): DEALLOCATE ALL","timestamp":"2026-08-12T09:32:45.424Z"}
{"level":"debug","message":"prisma query (124ms): DEALLOCATE ALL","timestamp":"2026-08-12T09:32:45.425Z"}
{"level":"debug","message":"prisma query (694ms): SELECT \"public\".\"jobs\".\"id\", \"public\".\"jobs\".\"type\"::text, \"public\".\"jobs\".\"status\"::text, \"public\".\"jobs\".\"payload\", \"public\".\"jobs\".\"result\", \"public\".\"jobs\".\"error\", \"public\".\"jobs\".\"attempts\", \"public\".\"jobs\".\"maxAttempts\", \"public\".\"jobs\".\"nextAttemptAt\", \"public\".\"jobs\".\"createdById\", \"public\".\"jobs\".\"createdAt\", \"public\".\"jobs\".\"updatedAt\", \"public\".\"jobs\".\"completedAt\" FROM \"public\".\"jobs\" WHERE (\"public\".\"jobs\".\"type\" = CAST($1::text AS \"public\".\"JobType\") AND \"public\".\"jobs\".\"status\" = CAST($2::text AS \"public\".\"JobStatus\") AND \"public\".\"jobs\".\"nextAttemptAt\" <= $3) ORDER BY \"public\".\"jobs\".\"createdAt\" ASC LIMIT $4 OFFSET $5","timestamp":"2026-08-12T09:32:46.120Z"}
{"level":"debug","message":"prisma query (695ms): SELECT \"public\".\"jobs\".\"id\", \"public\".\"jobs\".\"type\"::text, \"public\".\"jobs\".\"status\"::text, \"public\".\"jobs\".\"payload\", \"public\".\"jobs\".\"result\", \"public\".\"jobs\".\"error\", \"public\".\"jobs\".\"attempts\", \"public\".\"jobs\".\"maxAttempts\", \"public\".\"jobs\".\"nextAttemptAt\", \"public\".\"jobs\".\"createdById\", \"public\".\"jobs\".\"createdAt\", \"public\".\"jobs\".\"updatedAt\", \"public\".\"jobs\".\"completedAt\" FROM \"public\".\"jobs\" WHERE (\"public\".\"jobs\".\"type\" = CAST($1::text AS \"public\".\"JobType\") AND \"public\".\"jobs\".\"status\" = CAST($2::text AS \"public\".\"JobStatus\") AND \"public\".\"jobs\".\"nextAttemptAt\" <= $3) ORDER BY \"public\".\"jobs\".\"createdAt\" ASC LIMIT $4 OFFSET $5","timestamp":"2026-08-12T09:32:46.121Z"}
{"level":"debug","message":"prisma query (64ms): COMMIT","timestamp":"2026-08-12T09:32:46.184Z"}
{"level":"debug","message":"prisma query (64ms): COMMIT","timestamp":"2026-08-12T09:32:46.185Z"}
{"level":"debug","message":"prisma query (60ms): SELECT 1","timestamp":"2026-08-12T09:32:47.249Z"}
{"level":"debug","message":"prisma query (60ms): BEGIN","timestamp":"2026-08-12T09:32:47.250Z"}
{"level":"debug","message":"prisma query (52ms): DEALLOCATE ALL","timestamp":"2026-08-12T09:32:47.302Z"}
{"level":"debug","message":"prisma query (61ms): BEGIN","timestamp":"2026-08-12T09:32:47.311Z"}
{"level":"debug","message":"prisma query (49ms): DEALLOCATE ALL","timestamp":"2026-08-12T09:32:47.361Z"}
{"level":"debug","message":"prisma query (119ms): SELECT \"public\".\"jobs\".\"id\", \"public\".\"jobs\".\"type\"::text, \"public\".\"jobs\".\"status\"::text, \"public\".\"jobs\".\"payload\", \"public\".\"jobs\".\"result\", \"public\".\"jobs\".\"error\", \"public\".\"jobs\".\"attempts\", \"public\".\"jobs\".\"maxAttempts\", \"public\".\"jobs\".\"nextAttemptAt\", \"public\".\"jobs\".\"createdById\", \"public\".\"jobs\".\"createdAt\", \"public\".\"jobs\".\"updatedAt\", \"public\".\"jobs\".\"completedAt\" FROM \"public\".\"jobs\" WHERE (\"public\".\"jobs\".\"type\" = CAST($1::text AS \"public\".\"JobType\") AND \"public\".\"jobs\".\"status\" = CAST($2::text AS \"public\".\"JobStatus\") AND \"public\".\"jobs\".\"nextAttemptAt\" <= $3) ORDER BY \"public\".\"jobs\".\"createdAt\" ASC LIMIT $4 OFFSET $5","timestamp":"2026-08-12T09:32:47.422Z"}
{"level":"debug","message":"prisma query (49ms): COMMIT","timestamp":"2026-08-12T09:32:47.472Z"}
{"level":"debug","message":"prisma query (110ms): SELECT \"public\".\"jobs\".\"id\", \"public\".\"jobs\".\"type\"::text, \"public\".\"jobs\".\"status\"::text, \"public\".\"jobs\".\"payload\", \"public\".\"jobs\".\"result\", \"public\".\"jobs\".\"error\", \"public\".\"jobs\".\"attempts\", \"public\".\"jobs\".\"maxAttempts\", \"public\".\"jobs\".\"nextAttemptAt\", \"public\".\"jobs\".\"createdById\", \"public\".\"jobs\".\"createdAt\", \"public\".\"jobs\".\"updatedAt\", \"public\".\"jobs\".\"completedAt\" FROM \"public\".\"jobs\" WHERE (\"public\".\"jobs\".\"type\" = CAST($1::text AS \"public\".\"JobType\") AND \"public\".\"jobs\".\"status\" = CAST($2::text AS \"public\".\"JobStatus\") AND \"public\".\"jobs\".\"nextAttemptAt\" <= $3) ORDER BY \"public\".\"jobs\".\"createdAt\" ASC LIMIT $4 OFFSET $5","timestamp":"2026-08-12T09:32:47.473Z"}
{"level":"debug","message":"prisma query (80ms): COMMIT","timestamp":"2026-08-12T09:32:47.552Z"}
{"level":"debug","message":"prisma query (314ms): BEGIN","timestamp":"2026-08-12T09:32:49.516Z"}
{"level":"debug","message":"prisma query (314ms): BEGIN","timestamp":"2026-08-12T09:32:49.517Z"}
{"level":"debug","message":"prisma query (75ms): DEALLOCATE ALL","timestamp":"2026-08-12T09:32:49.591Z"}
{"level":"debug","message":"prisma query (76ms): DEALLOCATE ALL","timestamp":"2026-08-12T09:32:49.592Z"}
{"level":"debug","message":"prisma query (337ms): SELECT \"public\".\"jobs\".\"id\", \"public\".\"jobs\".\"type\"::text, \"public\".\"jobs\".\"status\"::text, \"public\".\"jobs\".\"payload\", \"public\".\"jobs\".\"result\", \"public\".\"jobs\".\"error\", \"public\".\"jobs\".\"attempts\", \"public\".\"jobs\".\"maxAttempts\", \"public\".\"jobs\".\"nextAttemptAt\", \"public\".\"jobs\".\"createdById\", \"public\".\"jobs\".\"createdAt\", \"public\".\"jobs\".\"updatedAt\", \"public\".\"jobs\".\"completedAt\" FROM \"public\".\"jobs\" WHERE (\"public\".\"jobs\".\"type\" = CAST($1::text AS \"public\".\"JobType\") AND \"public\".\"jobs\".\"status\" = CAST($2::text AS \"public\".\"JobStatus\") AND \"public\".\"jobs\".\"nextAttemptAt\" <= $3) ORDER BY \"public\".\"jobs\".\"createdAt\" ASC LIMIT $4 OFFSET $5","timestamp":"2026-08-12T09:32:49.930Z"}
{"level":"debug","message":"prisma query (337ms): SELECT \"public\".\"jobs\".\"id\", \"public\".\"jobs\".\"type\"::text, \"public\".\"jobs\".\"status\"::text, \"public\".\"jobs\".\"payload\", \"public\".\"jobs\".\"result\", \"public\".\"jobs\".\"error\", \"public\".\"jobs\".\"attempts\", \"public\".\"jobs\".\"maxAttempts\", \"public\".\"jobs\".\"nextAttemptAt\", \"public\".\"jobs\".\"createdById\", \"public\".\"jobs\".\"createdAt\", \"public\".\"jobs\".\"updatedAt\", \"public\".\"jobs\".\"completedAt\" FROM \"public\".\"jobs\" WHERE (\"public\".\"jobs\".\"type\" = CAST($1::text AS \"public\".\"JobType\") AND \"public\".\"jobs\".\"status\" = CAST($2::text AS \"public\".\"JobStatus\") AND \"public\".\"jobs\".\"nextAttemptAt\" <= $3) ORDER BY \"public\".\"jobs\".\"createdAt\" ASC LIMIT $4 OFFSET $5","timestamp":"2026-08-12T09:32:49.930Z"}
{"level":"debug","message":"prisma query (63ms): COMMIT","timestamp":"2026-08-12T09:32:49.994Z"}
{"level":"debug","message":"prisma query (63ms): COMMIT","timestamp":"2026-08-12T09:32:49.994Z"}
{"level":"debug","message":"prisma query (52ms): BEGIN","timestamp":"2026-08-12T09:32:51.261Z"}
{"level":"debug","message":"prisma query (70ms): BEGIN","timestamp":"2026-08-12T09:32:51.280Z"}
{"level":"debug","message":"prisma query (40ms): DEALLOCATE ALL","timestamp":"2026-08-12T09:32:51.301Z"}
{"level":"debug","message":"prisma query (78ms): DEALLOCATE ALL","timestamp":"2026-08-12T09:32:51.357Z"}
{"level":"debug","message":"prisma query (119ms): SELECT \"public\".\"jobs\".\"id\", \"public\".\"jobs\".\"type\"::text, \"public\".\"jobs\".\"status\"::text, \"public\".\"jobs\".\"payload\", \"public\".\"jobs\".\"result\", \"public\".\"jobs\".\"error\", \"public\".\"jobs\".\"attempts\", \"public\".\"jobs\".\"maxAttempts\", \"public\".\"jobs\".\"nextAttemptAt\", \"public\".\"jobs\".\"createdById\", \"public\".\"jobs\".\"createdAt\", \"public\".\"jobs\".\"updatedAt\", \"public\".\"jobs\".\"completedAt\" FROM \"public\".\"jobs\" WHERE (\"public\".\"jobs\".\"type\" = CAST($1::text AS \"public\".\"JobType\") AND \"public\".\"jobs\".\"status\" = CAST($2::text AS \"public\".\"JobStatus\") AND \"public\".\"jobs\".\"nextAttemptAt\" <= $3) ORDER BY \"public\".\"jobs\".\"createdAt\" ASC LIMIT $4 OFFSET $5","timestamp":"2026-08-12T09:32:51.421Z"}
{"level":"debug","message":"prisma query (50ms): COMMIT","timestamp":"2026-08-12T09:32:51.471Z"}
{"level":"debug","message":"prisma query (113ms): SELECT \"public\".\"jobs\".\"id\", \"public\".\"jobs\".\"type\"::text, \"public\".\"jobs\".\"status\"::text, \"public\".\"jobs\".\"payload\", \"public\".\"jobs\".\"result\", \"public\".\"jobs\".\"error\", \"public\".\"jobs\".\"attempts\", \"public\".\"jobs\".\"maxAttempts\", \"public\".\"jobs\".\"nextAttemptAt\", \"public\".\"jobs\".\"createdById\", \"public\".\"jobs\".\"createdAt\", \"public\".\"jobs\".\"updatedAt\", \"public\".\"jobs\".\"completedAt\" FROM \"public\".\"jobs\" WHERE (\"public\".\"jobs\".\"type\" = CAST($1::text AS \"public\".\"JobType\") AND \"public\".\"jobs\".\"status\" = CAST($2::text AS \"public\".\"JobStatus\") AND \"public\".\"jobs\".\"nextAttemptAt\" <= $3) ORDER BY \"public\".\"jobs\".\"createdAt\" ASC LIMIT $4 OFFSET $5","timestamp":"2026-08-12T09:32:51.472Z"}
{"level":"debug","message":"prisma query (99ms): COMMIT","timestamp":"2026-08-12T09:32:51.572Z"}
{"level":"debug","message":"prisma query (265ms): BEGIN","timestamp":"2026-08-12T09:32:53.478Z"}
{"level":"debug","message":"prisma query (265ms): BEGIN","timestamp":"2026-08-12T09:32:53.478Z"}
{"level":"debug","message":"prisma query (269ms): DEALLOCATE ALL","timestamp":"2026-08-12T09:32:53.748Z"}
{"level":"debug","message":"prisma query (269ms): DEALLOCATE ALL","timestamp":"2026-08-12T09:32:53.749Z"}
{"level":"debug","message":"prisma query (153ms): SELECT \"public\".\"jobs\".\"id\", \"public\".\"jobs\".\"type\"::text, \"public\".\"jobs\".\"status\"::text, \"public\".\"jobs\".\"payload\", \"public\".\"jobs\".\"result\", \"public\".\"jobs\".\"error\", \"public\".\"jobs\".\"attempts\", \"public\".\"jobs\".\"maxAttempts\", \"public\".\"jobs\".\"nextAttemptAt\", \"public\".\"jobs\".\"createdById\", \"public\".\"jobs\".\"createdAt\", \"public\".\"jobs\".\"updatedAt\", \"public\".\"jobs\".\"completedAt\" FROM \"public\".\"jobs\" WHERE (\"public\".\"jobs\".\"type\" = CAST($1::text AS \"public\".\"JobType\") AND \"public\".\"jobs\".\"status\" = CAST($2::text AS \"public\".\"JobStatus\") AND \"public\".\"jobs\".\"nextAttemptAt\" <= $3) ORDER BY \"public\".\"jobs\".\"createdAt\" ASC LIMIT $4 OFFSET $5","timestamp":"2026-08-12T09:32:53.901Z"}
{"level":"debug","message":"prisma query (163ms): SELECT \"public\".\"jobs\".\"id\", \"public\".\"jobs\".\"type\"::text, \"public\".\"jobs\".\"status\"::text, \"public\".\"jobs\".\"payload\", \"public\".\"jobs\".\"result\", \"public\".\"jobs\".\"error\", \"public\".\"jobs\".\"attempts\", \"public\".\"jobs\".\"maxAttempts\", \"public\".\"jobs\".\"nextAttemptAt\", \"public\".\"jobs\".\"createdById\", \"public\".\"jobs\".\"createdAt\", \"public\".\"jobs\".\"updatedAt\", \"public\".\"jobs\".\"completedAt\" FROM \"public\".\"jobs\" WHERE (\"public\".\"jobs\".\"type\" = CAST($1::text AS \"public\".\"JobType\") AND \"public\".\"jobs\".\"status\" = CAST($2::text AS \"public\".\"JobStatus\") AND \"public\".\"jobs\".\"nextAttemptAt\" <= $3) ORDER BY \"public\".\"jobs\".\"createdAt\" ASC LIMIT $4 OFFSET $5","timestamp":"2026-08-12T09:32:53.911Z"}
{"level":"debug","message":"prisma query (85ms): COMMIT","timestamp":"2026-08-12T09:32:53.987Z"}
{"level":"debug","message":"prisma query (86ms): COMMIT","timestamp":"2026-08-12T09:32:53.998Z"}
{"level":"debug","message":"prisma query (93ms): BEGIN","timestamp":"2026-08-12T09:32:55.320Z"}
{"level":"debug","message":"prisma query (95ms): BEGIN","timestamp":"2026-08-12T09:32:55.331Z"}
{"level":"debug","message":"prisma query (83ms): DEALLOCATE ALL","timestamp":"2026-08-12T09:32:55.415Z"}
{"level":"debug","message":"prisma query (83ms): DEALLOCATE ALL","timestamp":"2026-08-12T09:32:55.424Z"}
{"level":"debug","message":"prisma query (123ms): SELECT \"public\".\"jobs\".\"id\", \"public\".\"jobs\".\"type\"::text, \"public\".\"jobs\".\"status\"::text, \"public\".\"jobs\".\"payload\", \"public\".\"jobs\".\"result\", \"public\".\"jobs\".\"error\", \"public\".\"jobs\".\"attempts\", \"public\".\"jobs\".\"maxAttempts\", \"public\".\"jobs\".\"nextAttemptAt\", \"public\".\"jobs\".\"createdById\", \"public\".\"jobs\".\"createdAt\", \"public\".\"jobs\".\"updatedAt\", \"public\".\"jobs\".\"completedAt\" FROM \"public\".\"jobs\" WHERE (\"public\".\"jobs\".\"type\" = CAST($1::text AS \"public\".\"JobType\") AND \"public\".\"jobs\".\"status\" = CAST($2::text AS \"public\".\"JobStatus\") AND \"public\".\"jobs\".\"nextAttemptAt\" <= $3) ORDER BY \"public\".\"jobs\".\"createdAt\" ASC LIMIT $4 OFFSET $5","timestamp":"2026-08-12T09:32:55.521Z"}
{"level":"debug","message":"prisma query (138ms): SELECT \"public\".\"jobs\".\"id\", \"public\".\"jobs\".\"type\"::text, \"public\".\"jobs\".\"status\"::text, \"public\".\"jobs\".\"payload\", \"public\".\"jobs\".\"result\", \"public\".\"jobs\".\"error\", \"public\".\"jobs\".\"attempts\", \"public\".\"jobs\".\"maxAttempts\", \"public\".\"jobs\".\"nextAttemptAt\", \"public\".\"jobs\".\"createdById\", \"public\".\"jobs\".\"createdAt\", \"public\".\"jobs\".\"updatedAt\", \"public\".\"jobs\".\"completedAt\" FROM \"public\".\"jobs\" WHERE (\"public\".\"jobs\".\"type\" = CAST($1::text AS \"public\".\"JobType\") AND \"public\".\"jobs\".\"status\" = CAST($2::text AS \"public\".\"JobStatus\") AND \"public\".\"jobs\".\"nextAttemptAt\" <= $3) ORDER BY \"public\".\"jobs\".\"createdAt\" ASC LIMIT $4 OFFSET $5","timestamp":"2026-08-12T09:32:55.535Z"}
{"level":"debug","message":"prisma query (39ms): COMMIT","timestamp":"2026-08-12T09:32:55.561Z"}
{"level":"debug","message":"prisma query (47ms): COMMIT","timestamp":"2026-08-12T09:32:55.582Z"}
{"level":"debug","message":"prisma query (329ms): BEGIN","timestamp":"2026-08-12T09:32:57.549Z"}
{"level":"debug","message":"prisma query (330ms): BEGIN","timestamp":"2026-08-12T09:32:57.551Z"}
{"level":"debug","message":"prisma query (168ms): DEALLOCATE ALL","timestamp":"2026-08-12T09:32:57.720Z"}
{"level":"debug","message":"prisma query (171ms): DEALLOCATE ALL","timestamp":"2026-08-12T09:32:57.721Z"}
{"level":"debug","message":"prisma query (351ms): SELECT \"public\".\"jobs\".\"id\", \"public\".\"jobs\".\"type\"::text, \"public\".\"jobs\".\"status\"::text, \"public\".\"jobs\".\"payload\", \"public\".\"jobs\".\"result\", \"public\".\"jobs\".\"error\", \"public\".\"jobs\".\"attempts\", \"public\".\"jobs\".\"maxAttempts\", \"public\".\"jobs\".\"nextAttemptAt\", \"public\".\"jobs\".\"createdById\", \"public\".\"jobs\".\"createdAt\", \"public\".\"jobs\".\"updatedAt\", \"public\".\"jobs\".\"completedAt\" FROM \"public\".\"jobs\" WHERE (\"public\".\"jobs\".\"type\" = CAST($1::text AS \"public\".\"JobType\") AND \"public\".\"jobs\".\"status\" = CAST($2::text AS \"public\".\"JobStatus\") AND \"public\".\"jobs\".\"nextAttemptAt\" <= $3) ORDER BY \"public\".\"jobs\".\"createdAt\" ASC LIMIT $4 OFFSET $5","timestamp":"2026-08-12T09:32:58.073Z"}
{"level":"debug","message":"prisma query (352ms): SELECT \"public\".\"jobs\".\"id\", \"public\".\"jobs\".\"type\"::text, \"public\".\"jobs\".\"status\"::text, \"public\".\"jobs\".\"payload\", \"public\".\"jobs\".\"result\", \"public\".\"jobs\".\"error\", \"public\".\"jobs\".\"attempts\", \"public\".\"jobs\".\"maxAttempts\", \"public\".\"jobs\".\"nextAttemptAt\", \"public\".\"jobs\".\"createdById\", \"public\".\"jobs\".\"createdAt\", \"public\".\"jobs\".\"updatedAt\", \"public\".\"jobs\".\"completedAt\" FROM \"public\".\"jobs\" WHERE (\"public\".\"jobs\".\"type\" = CAST($1::text AS \"public\".\"JobType\") AND \"public\".\"jobs\".\"status\" = CAST($2::text AS \"public\".\"JobStatus\") AND \"public\".\"jobs\".\"nextAttemptAt\" <= $3) ORDER BY \"public\".\"jobs\".\"createdAt\" ASC LIMIT $4 OFFSET $5","timestamp":"2026-08-12T09:32:58.073Z"}
{"level":"debug","message":"prisma query (85ms): COMMIT","timestamp":"2026-08-12T09:32:58.158Z"}
{"level":"debug","message":"prisma query (85ms): COMMIT","timestamp":"2026-08-12T09:32:58.159Z"}
{"level":"debug","message":"prisma query (71ms): SELECT 1","timestamp":"2026-08-12T09:32:59.304Z"}
{"level":"debug","message":"prisma query (78ms): BEGIN","timestamp":"2026-08-12T09:32:59.311Z"}
{"level":"debug","message":"prisma query (52ms): BEGIN","timestamp":"2026-08-12T09:32:59.357Z"}
{"level":"debug","message":"prisma query (46ms): DEALLOCATE ALL","timestamp":"2026-08-12T09:32:59.358Z"}
{"level":"debug","message":"prisma query (64ms): DEALLOCATE ALL","timestamp":"2026-08-12T09:32:59.421Z"}
{"level":"debug","message":"prisma query (142ms): SELECT \"public\".\"jobs\".\"id\", \"public\".\"jobs\".\"type\"::text, \"public\".\"jobs\".\"status\"::text, \"public\".\"jobs\".\"payload\", \"public\".\"jobs\".\"result\", \"public\".\"jobs\".\"error\", \"public\".\"jobs\".\"attempts\", \"public\".\"jobs\".\"maxAttempts\", \"public\".\"jobs\".\"nextAttemptAt\", \"public\".\"jobs\".\"createdById\", \"public\".\"jobs\".\"createdAt\", \"public\".\"jobs\".\"updatedAt\", \"public\".\"jobs\".\"completedAt\" FROM \"public\".\"jobs\" WHERE (\"public\".\"jobs\".\"type\" = CAST($1::text AS \"public\".\"JobType\") AND \"public\".\"jobs\".\"status\" = CAST($2::text AS \"public\".\"JobStatus\") AND \"public\".\"jobs\".\"nextAttemptAt\" <= $3) ORDER BY \"public\".\"jobs\".\"createdAt\" ASC LIMIT $4 OFFSET $5","timestamp":"2026-08-12T09:32:59.502Z"}
{"level":"debug","message":"prisma query (49ms): COMMIT","timestamp":"2026-08-12T09:32:59.552Z"}
{"level":"debug","message":"prisma query (129ms): SELECT \"public\".\"jobs\".\"id\", \"public\".\"jobs\".\"type\"::text, \"public\".\"jobs\".\"status\"::text, \"public\".\"jobs\".\"payload\", \"public\".\"jobs\".\"result\", \"public\".\"jobs\".\"error\", \"public\".\"jobs\".\"attempts\", \"public\".\"jobs\".\"maxAttempts\", \"public\".\"jobs\".\"nextAttemptAt\", \"public\".\"jobs\".\"createdById\", \"public\".\"jobs\".\"createdAt\", \"public\".\"jobs\".\"updatedAt\", \"public\".\"jobs\".\"completedAt\" FROM \"public\".\"jobs\" WHERE (\"public\".\"jobs\".\"type\" = CAST($1::text AS \"public\".\"JobType\") AND \"public\".\"jobs\".\"status\" = CAST($2::text AS \"public\".\"JobStatus\") AND \"public\".\"jobs\".\"nextAttemptAt\" <= $3) ORDER BY \"public\".\"jobs\".\"createdAt\" ASC LIMIT $4 OFFSET $5","timestamp":"2026-08-12T09:32:59.552Z"}
{"level":"debug","message":"prisma query (67ms): COMMIT","timestamp":"2026-08-12T09:32:59.619Z"}
{"level":"debug","message":"prisma query (77ms): BEGIN","timestamp":"2026-08-12T09:33:01.325Z"}
{"level":"debug","message":"prisma query (77ms): BEGIN","timestamp":"2026-08-12T09:33:01.326Z"}
{"level":"debug","message":"prisma query (56ms): DEALLOCATE ALL","timestamp":"2026-08-12T09:33:01.381Z"}
{"level":"debug","message":"prisma query (57ms): DEALLOCATE ALL","timestamp":"2026-08-12T09:33:01.382Z"}
{"level":"debug","message":"prisma query (451ms): SELECT \"public\".\"jobs\".\"id\", \"public\".\"jobs\".\"type\"::text, \"public\".\"jobs\".\"status\"::text, \"public\".\"jobs\".\"payload\", \"public\".\"jobs\".\"result\", \"public\".\"jobs\".\"error\", \"public\".\"jobs\".\"attempts\", \"public\".\"jobs\".\"maxAttempts\", \"public\".\"jobs\".\"nextAttemptAt\", \"public\".\"jobs\".\"createdById\", \"public\".\"jobs\".\"createdAt\", \"public\".\"jobs\".\"updatedAt\", \"public\".\"jobs\".\"completedAt\" FROM \"public\".\"jobs\" WHERE (\"public\".\"jobs\".\"type\" = CAST($1::text AS \"public\".\"JobType\") AND \"public\".\"jobs\".\"status\" = CAST($2::text AS \"public\".\"JobStatus\") AND \"public\".\"jobs\".\"nextAttemptAt\" <= $3) ORDER BY \"public\".\"jobs\".\"createdAt\" ASC LIMIT $4 OFFSET $5","timestamp":"2026-08-12T09:33:01.833Z"}
{"level":"debug","message":"prisma query (450ms): SELECT \"public\".\"jobs\".\"id\", \"public\".\"jobs\".\"type\"::text, \"public\".\"jobs\".\"status\"::text, \"public\".\"jobs\".\"payload\", \"public\".\"jobs\".\"result\", \"public\".\"jobs\".\"error\", \"public\".\"jobs\".\"attempts\", \"public\".\"jobs\".\"maxAttempts\", \"public\".\"jobs\".\"nextAttemptAt\", \"public\".\"jobs\".\"createdById\", \"public\".\"jobs\".\"createdAt\", \"public\".\"jobs\".\"updatedAt\", \"public\".\"jobs\".\"completedAt\" FROM \"public\".\"jobs\" WHERE (\"public\".\"jobs\".\"type\" = CAST($1::text AS \"public\".\"JobType\") AND \"public\".\"jobs\".\"status\" = CAST($2::text AS \"public\".\"JobStatus\") AND \"public\".\"jobs\".\"nextAttemptAt\" <= $3) ORDER BY \"public\".\"jobs\".\"createdAt\" ASC LIMIT $4 OFFSET $5","timestamp":"2026-08-12T09:33:01.835Z"}
{"level":"debug","message":"prisma query (76ms): COMMIT","timestamp":"2026-08-12T09:33:01.909Z"}
{"level":"debug","message":"prisma query (76ms): COMMIT","timestamp":"2026-08-12T09:33:01.911Z"}
{"level":"debug","message":"prisma query (115ms): SELECT 1","timestamp":"2026-08-12T09:33:03.367Z"}
{"level":"debug","message":"prisma query (115ms): BEGIN","timestamp":"2026-08-12T09:33:03.367Z"}
{"level":"debug","message":"prisma query (309ms): DEALLOCATE ALL","timestamp":"2026-08-12T09:33:03.676Z"}
{"level":"debug","message":"prisma query (308ms): BEGIN","timestamp":"2026-08-12T09:33:03.678Z"}
{"level":"debug","message":"prisma query (102ms): DEALLOCATE ALL","timestamp":"2026-08-12T09:33:03.780Z"}
{"level":"debug","message":"prisma query (176ms): SELECT \"public\".\"jobs\".\"id\", \"public\".\"jobs\".\"type\"::text, \"public\".\"jobs\".\"status\"::text, \"public\".\"jobs\".\"payload\", \"public\".\"jobs\".\"result\", \"public\".\"jobs\".\"error\", \"public\".\"jobs\".\"attempts\", \"public\".\"jobs\".\"maxAttempts\", \"public\".\"jobs\".\"nextAttemptAt\", \"public\".\"jobs\".\"createdById\", \"public\".\"jobs\".\"createdAt\", \"public\".\"jobs\".\"updatedAt\", \"public\".\"jobs\".\"completedAt\" FROM \"public\".\"jobs\" WHERE (\"public\".\"jobs\".\"type\" = CAST($1::text AS \"public\".\"JobType\") AND \"public\".\"jobs\".\"status\" = CAST($2::text AS \"public\".\"JobStatus\") AND \"public\".\"jobs\".\"nextAttemptAt\" <= $3) ORDER BY \"public\".\"jobs\".\"createdAt\" ASC LIMIT $4 OFFSET $5","timestamp":"2026-08-12T09:33:03.898Z"}
{"level":"debug","message":"prisma query (124ms): SELECT \"public\".\"jobs\".\"id\", \"public\".\"jobs\".\"type\"::text, \"public\".\"jobs\".\"status\"::text, \"public\".\"jobs\".\"payload\", \"public\".\"jobs\".\"result\", \"public\".\"jobs\".\"error\", \"public\".\"jobs\".\"attempts\", \"public\".\"jobs\".\"maxAttempts\", \"public\".\"jobs\".\"nextAttemptAt\", \"public\".\"jobs\".\"createdById\", \"public\".\"jobs\".\"createdAt\", \"public\".\"jobs\".\"updatedAt\", \"public\".\"jobs\".\"completedAt\" FROM \"public\".\"jobs\" WHERE (\"public\".\"jobs\".\"type\" = CAST($1::text AS \"public\".\"JobType\") AND \"public\".\"jobs\".\"status\" = CAST($2::text AS \"public\".\"JobStatus\") AND \"public\".\"jobs\".\"nextAttemptAt\" <= $3) ORDER BY \"public\".\"jobs\".\"createdAt\" ASC LIMIT $4 OFFSET $5","timestamp":"2026-08-12T09:33:03.906Z"}
{"level":"debug","message":"prisma query (51ms): COMMIT","timestamp":"2026-08-12T09:33:03.914Z"}
{"level":"debug","message":"prisma query (61ms): COMMIT","timestamp":"2026-08-12T09:33:03.967Z"}
{"level":"debug","message":"prisma query (79ms): BEGIN","timestamp":"2026-08-12T09:33:05.332Z"}
{"level":"debug","message":"prisma query (79ms): BEGIN","timestamp":"2026-08-12T09:33:05.333Z"}
{"level":"debug","message":"prisma query (53ms): DEALLOCATE ALL","timestamp":"2026-08-12T09:33:05.387Z"}
{"level":"debug","message":"prisma query (53ms): DEALLOCATE ALL","timestamp":"2026-08-12T09:33:05.388Z"}
{"level":"debug","message":"prisma query (84ms): SELECT \"public\".\"jobs\".\"id\", \"public\".\"jobs\".\"type\"::text, \"public\".\"jobs\".\"status\"::text, \"public\".\"jobs\".\"payload\", \"public\".\"jobs\".\"result\", \"public\".\"jobs\".\"error\", \"public\".\"jobs\".\"attempts\", \"public\".\"jobs\".\"maxAttempts\", \"public\".\"jobs\".\"nextAttemptAt\", \"public\".\"jobs\".\"createdById\", \"public\".\"jobs\".\"createdAt\", \"public\".\"jobs\".\"updatedAt\", \"public\".\"jobs\".\"completedAt\" FROM \"public\".\"jobs\" WHERE (\"public\".\"jobs\".\"type\" = CAST($1::text AS \"public\".\"JobType\") AND \"public\".\"jobs\".\"status\" = CAST($2::text AS \"public\".\"JobStatus\") AND \"public\".\"jobs\".\"nextAttemptAt\" <= $3) ORDER BY \"public\".\"jobs\".\"createdAt\" ASC LIMIT $4 OFFSET $5","timestamp":"2026-08-12T09:33:05.474Z"}
{"level":"debug","message":"prisma query (91ms): SELECT \"public\".\"jobs\".\"id\", \"public\".\"jobs\".\"type\"::text, \"public\".\"jobs\".\"status\"::text, \"public\".\"jobs\".\"payload\", \"public\".\"jobs\".\"result\", \"public\".\"jobs\".\"error\", \"public\".\"jobs\".\"attempts\", \"public\".\"jobs\".\"maxAttempts\", \"public\".\"jobs\".\"nextAttemptAt\", \"public\".\"jobs\".\"createdById\", \"public\".\"jobs\".\"createdAt\", \"public\".\"jobs\".\"updatedAt\", \"public\".\"jobs\".\"completedAt\" FROM \"public\".\"jobs\" WHERE (\"public\".\"jobs\".\"type\" = CAST($1::text AS \"public\".\"JobType\") AND \"public\".\"jobs\".\"status\" = CAST($2::text AS \"public\".\"JobStatus\") AND \"public\".\"jobs\".\"nextAttemptAt\" <= $3) ORDER BY \"public\".\"jobs\".\"createdAt\" ASC LIMIT $4 OFFSET $5","timestamp":"2026-08-12T09:33:05.478Z"}
{"level":"debug","message":"prisma query (68ms): COMMIT","timestamp":"2026-08-12T09:33:05.547Z"}
{"level":"debug","message":"prisma query (73ms): COMMIT","timestamp":"2026-08-12T09:33:05.547Z"}
{"level":"debug","message":"prisma query (127ms): BEGIN","timestamp":"2026-08-12T09:33:07.390Z"}
{"level":"debug","message":"prisma query (126ms): BEGIN","timestamp":"2026-08-12T09:33:07.390Z"}
{"level":"debug","message":"prisma query (76ms): DEALLOCATE ALL","timestamp":"2026-08-12T09:33:07.466Z"}
{"level":"debug","message":"prisma query (76ms): DEALLOCATE ALL","timestamp":"2026-08-12T09:33:07.467Z"}
{"level":"debug","message":"prisma query (320ms): SELECT \"public\".\"jobs\".\"id\", \"public\".\"jobs\".\"type\"::text, \"public\".\"jobs\".\"status\"::text, \"public\".\"jobs\".\"payload\", \"public\".\"jobs\".\"result\", \"public\".\"jobs\".\"error\", \"public\".\"jobs\".\"attempts\", \"public\".\"jobs\".\"maxAttempts\", \"public\".\"jobs\".\"nextAttemptAt\", \"public\".\"jobs\".\"createdById\", \"public\".\"jobs\".\"createdAt\", \"public\".\"jobs\".\"updatedAt\", \"public\".\"jobs\".\"completedAt\" FROM \"public\".\"jobs\" WHERE (\"public\".\"jobs\".\"type\" = CAST($1::text AS \"public\".\"JobType\") AND \"public\".\"jobs\".\"status\" = CAST($2::text AS \"public\".\"JobStatus\") AND \"public\".\"jobs\".\"nextAttemptAt\" <= $3) ORDER BY \"public\".\"jobs\".\"createdAt\" ASC LIMIT $4 OFFSET $5","timestamp":"2026-08-12T09:33:07.789Z"}
{"level":"debug","message":"prisma query (321ms): SELECT \"public\".\"jobs\".\"id\", \"public\".\"jobs\".\"type\"::text, \"public\".\"jobs\".\"status\"::text, \"public\".\"jobs\".\"payload\", \"public\".\"jobs\".\"result\", \"public\".\"jobs\".\"error\", \"public\".\"jobs\".\"attempts\", \"public\".\"jobs\".\"maxAttempts\", \"public\".\"jobs\".\"nextAttemptAt\", \"public\".\"jobs\".\"createdById\", \"public\".\"jobs\".\"createdAt\", \"public\".\"jobs\".\"updatedAt\", \"public\".\"jobs\".\"completedAt\" FROM \"public\".\"jobs\" WHERE (\"public\".\"jobs\".\"type\" = CAST($1::text AS \"public\".\"JobType\") AND \"public\".\"jobs\".\"status\" = CAST($2::text AS \"public\".\"JobStatus\") AND \"public\".\"jobs\".\"nextAttemptAt\" <= $3) ORDER BY \"public\".\"jobs\".\"createdAt\" ASC LIMIT $4 OFFSET $5","timestamp":"2026-08-12T09:33:07.790Z"}
{"level":"debug","message":"prisma query (52ms): COMMIT","timestamp":"2026-08-12T09:33:07.842Z"}
{"level":"debug","message":"prisma query (52ms): COMMIT","timestamp":"2026-08-12T09:33:07.843Z"}
{"level":"debug","message":"prisma query (325ms): BEGIN","timestamp":"2026-08-12T09:33:09.594Z"}
{"level":"debug","message":"prisma query (325ms): BEGIN","timestamp":"2026-08-12T09:33:09.595Z"}
{"level":"debug","message":"prisma query (125ms): DEALLOCATE ALL","timestamp":"2026-08-12T09:33:09.720Z"}
{"level":"debug","message":"prisma query (125ms): DEALLOCATE ALL","timestamp":"2026-08-12T09:33:09.721Z"}
{"level":"debug","message":"prisma query (329ms): SELECT \"public\".\"jobs\".\"id\", \"public\".\"jobs\".\"type\"::text, \"public\".\"jobs\".\"status\"::text, \"public\".\"jobs\".\"payload\", \"public\".\"jobs\".\"result\", \"public\".\"jobs\".\"error\", \"public\".\"jobs\".\"attempts\", \"public\".\"jobs\".\"maxAttempts\", \"public\".\"jobs\".\"nextAttemptAt\", \"public\".\"jobs\".\"createdById\", \"public\".\"jobs\".\"createdAt\", \"public\".\"jobs\".\"updatedAt\", \"public\".\"jobs\".\"completedAt\" FROM \"public\".\"jobs\" WHERE (\"public\".\"jobs\".\"type\" = CAST($1::text AS \"public\".\"JobType\") AND \"public\".\"jobs\".\"status\" = CAST($2::text AS \"public\".\"JobStatus\") AND \"public\".\"jobs\".\"nextAttemptAt\" <= $3) ORDER BY \"public\".\"jobs\".\"createdAt\" ASC LIMIT $4 OFFSET $5","timestamp":"2026-08-12T09:33:10.050Z"}
{"level":"debug","message":"prisma query (329ms): SELECT \"public\".\"jobs\".\"id\", \"public\".\"jobs\".\"type\"::text, \"public\".\"jobs\".\"status\"::text, \"public\".\"jobs\".\"payload\", \"public\".\"jobs\".\"result\", \"public\".\"jobs\".\"error\", \"public\".\"jobs\".\"attempts\", \"public\".\"jobs\".\"maxAttempts\", \"public\".\"jobs\".\"nextAttemptAt\", \"public\".\"jobs\".\"createdById\", \"public\".\"jobs\".\"createdAt\", \"public\".\"jobs\".\"updatedAt\", \"public\".\"jobs\".\"completedAt\" FROM \"public\".\"jobs\" WHERE (\"public\".\"jobs\".\"type\" = CAST($1::text AS \"public\".\"JobType\") AND \"public\".\"jobs\".\"status\" = CAST($2::text AS \"public\".\"JobStatus\") AND \"public\".\"jobs\".\"nextAttemptAt\" <= $3) ORDER BY \"public\".\"jobs\".\"createdAt\" ASC LIMIT $4 OFFSET $5","timestamp":"2026-08-12T09:33:10.050Z"}
{"level":"debug","message":"prisma query (59ms): COMMIT","timestamp":"2026-08-12T09:33:10.109Z"}
{"level":"debug","message":"prisma query (58ms): COMMIT","timestamp":"2026-08-12T09:33:10.109Z"}
{"level":"debug","message":"prisma query (64ms): BEGIN","timestamp":"2026-08-12T09:33:11.345Z"}
{"level":"debug","message":"prisma query (64ms): BEGIN","timestamp":"2026-08-12T09:33:11.345Z"}
{"level":"debug","message":"prisma query (32ms): DEALLOCATE ALL","timestamp":"2026-08-12T09:33:11.378Z"}
{"level":"debug","message":"prisma query (38ms): DEALLOCATE ALL","timestamp":"2026-08-12T09:33:11.382Z"}
{"level":"debug","message":"prisma query (122ms): SELECT \"public\".\"jobs\".\"id\", \"public\".\"jobs\".\"type\"::text, \"public\".\"jobs\".\"status\"::text, \"public\".\"jobs\".\"payload\", \"public\".\"jobs\".\"result\", \"public\".\"jobs\".\"error\", \"public\".\"jobs\".\"attempts\", \"public\".\"jobs\".\"maxAttempts\", \"public\".\"jobs\".\"nextAttemptAt\", \"public\".\"jobs\".\"createdById\", \"public\".\"jobs\".\"createdAt\", \"public\".\"jobs\".\"updatedAt\", \"public\".\"jobs\".\"completedAt\" FROM \"public\".\"jobs\" WHERE (\"public\".\"jobs\".\"type\" = CAST($1::text AS \"public\".\"JobType\") AND \"public\".\"jobs\".\"status\" = CAST($2::text AS \"public\".\"JobStatus\") AND \"public\".\"jobs\".\"nextAttemptAt\" <= $3) ORDER BY \"public\".\"jobs\".\"createdAt\" ASC LIMIT $4 OFFSET $5","timestamp":"2026-08-12T09:33:11.501Z"}
{"level":"debug","message":"prisma query (125ms): SELECT \"public\".\"jobs\".\"id\", \"public\".\"jobs\".\"type\"::text, \"public\".\"jobs\".\"status\"::text, \"public\".\"jobs\".\"payload\", \"public\".\"jobs\".\"result\", \"public\".\"jobs\".\"error\", \"public\".\"jobs\".\"attempts\", \"public\".\"jobs\".\"maxAttempts\", \"public\".\"jobs\".\"nextAttemptAt\", \"public\".\"jobs\".\"createdById\", \"public\".\"jobs\".\"createdAt\", \"public\".\"jobs\".\"updatedAt\", \"public\".\"jobs\".\"completedAt\" FROM \"public\".\"jobs\" WHERE (\"public\".\"jobs\".\"type\" = CAST($1::text AS \"public\".\"JobType\") AND \"public\".\"jobs\".\"status\" = CAST($2::text AS \"public\".\"JobStatus\") AND \"public\".\"jobs\".\"nextAttemptAt\" <= $3) ORDER BY \"public\".\"jobs\".\"createdAt\" ASC LIMIT $4 OFFSET $5","timestamp":"2026-08-12T09:33:11.509Z"}
{"level":"debug","message":"prisma query (53ms): COMMIT","timestamp":"2026-08-12T09:33:11.554Z"}
{"level":"debug","message":"prisma query (75ms): COMMIT","timestamp":"2026-08-12T09:33:11.585Z"}
{"level":"debug","message":"prisma query (103ms): BEGIN","timestamp":"2026-08-12T09:33:13.393Z"}
{"level":"debug","message":"prisma query (103ms): BEGIN","timestamp":"2026-08-12T09:33:13.395Z"}
{"level":"debug","message":"prisma query (61ms): DEALLOCATE ALL","timestamp":"2026-08-12T09:33:13.455Z"}
{"level":"debug","message":"prisma query (62ms): DEALLOCATE ALL","timestamp":"2026-08-12T09:33:13.457Z"}
{"level":"debug","message":"prisma query (127ms): SELECT \"public\".\"jobs\".\"id\", \"public\".\"jobs\".\"type\"::text, \"public\".\"jobs\".\"status\"::text, \"public\".\"jobs\".\"payload\", \"public\".\"jobs\".\"result\", \"public\".\"jobs\".\"error\", \"public\".\"jobs\".\"attempts\", \"public\".\"jobs\".\"maxAttempts\", \"public\".\"jobs\".\"nextAttemptAt\", \"public\".\"jobs\".\"createdById\", \"public\".\"jobs\".\"createdAt\", \"public\".\"jobs\".\"updatedAt\", \"public\".\"jobs\".\"completedAt\" FROM \"public\".\"jobs\" WHERE (\"public\".\"jobs\".\"type\" = CAST($1::text AS \"public\".\"JobType\") AND \"public\".\"jobs\".\"status\" = CAST($2::text AS \"public\".\"JobStatus\") AND \"public\".\"jobs\".\"nextAttemptAt\" <= $3) ORDER BY \"public\".\"jobs\".\"createdAt\" ASC LIMIT $4 OFFSET $5","timestamp":"2026-08-12T09:33:13.584Z"}
{"level":"debug","message":"prisma query (155ms): SELECT \"public\".\"jobs\".\"id\", \"public\".\"jobs\".\"type\"::text, \"public\".\"jobs\".\"status\"::text, \"public\".\"jobs\".\"payload\", \"public\".\"jobs\".\"result\", \"public\".\"jobs\".\"error\", \"public\".\"jobs\".\"attempts\", \"public\".\"jobs\".\"maxAttempts\", \"public\".\"jobs\".\"nextAttemptAt\", \"public\".\"jobs\".\"createdById\", \"public\".\"jobs\".\"createdAt\", \"public\".\"jobs\".\"updatedAt\", \"public\".\"jobs\".\"completedAt\" FROM \"public\".\"jobs\" WHERE (\"public\".\"jobs\".\"type\" = CAST($1::text AS \"public\".\"JobType\") AND \"public\".\"jobs\".\"status\" = CAST($2::text AS \"public\".\"JobStatus\") AND \"public\".\"jobs\".\"nextAttemptAt\" <= $3) ORDER BY \"public\".\"jobs\".\"createdAt\" ASC LIMIT $4 OFFSET $5","timestamp":"2026-08-12T09:33:13.614Z"}
{"level":"debug","message":"prisma query (186ms): COMMIT","timestamp":"2026-08-12T09:33:13.800Z"}
{"level":"debug","message":"prisma query (283ms): COMMIT","timestamp":"2026-08-12T09:33:13.868Z"}
{"level":"debug","message":"prisma query (537ms): BEGIN","timestamp":"2026-08-12T09:33:15.832Z"}
{"level":"debug","message":"prisma query (538ms): SELECT 1","timestamp":"2026-08-12T09:33:15.832Z"}
{"level":"debug","message":"prisma query (59ms): DEALLOCATE ALL","timestamp":"2026-08-12T09:33:15.891Z"}
{"level":"debug","message":"prisma query (59ms): BEGIN","timestamp":"2026-08-12T09:33:15.891Z"}
{"level":"debug","message":"prisma query (59ms): DEALLOCATE ALL","timestamp":"2026-08-12T09:33:15.951Z"}
{"level":"debug","message":"prisma query (147ms): SELECT \"public\".\"jobs\".\"id\", \"public\".\"jobs\".\"type\"::text, \"public\".\"jobs\".\"status\"::text, \"public\".\"jobs\".\"payload\", \"public\".\"jobs\".\"result\", \"public\".\"jobs\".\"error\", \"public\".\"jobs\".\"attempts\", \"public\".\"jobs\".\"maxAttempts\", \"public\".\"jobs\".\"nextAttemptAt\", \"public\".\"jobs\".\"createdById\", \"public\".\"jobs\".\"createdAt\", \"public\".\"jobs\".\"updatedAt\", \"public\".\"jobs\".\"completedAt\" FROM \"public\".\"jobs\" WHERE (\"public\".\"jobs\".\"type\" = CAST($1::text AS \"public\".\"JobType\") AND \"public\".\"jobs\".\"status\" = CAST($2::text AS \"public\".\"JobStatus\") AND \"public\".\"jobs\".\"nextAttemptAt\" <= $3) ORDER BY \"public\".\"jobs\".\"createdAt\" ASC LIMIT $4 OFFSET $5","timestamp":"2026-08-12T09:33:16.039Z"}
{"level":"debug","message":"prisma query (131ms): SELECT \"public\".\"jobs\".\"id\", \"public\".\"jobs\".\"type\"::text, \"public\".\"jobs\".\"status\"::text, \"public\".\"jobs\".\"payload\", \"public\".\"jobs\".\"result\", \"public\".\"jobs\".\"error\", \"public\".\"jobs\".\"attempts\", \"public\".\"jobs\".\"maxAttempts\", \"public\".\"jobs\".\"nextAttemptAt\", \"public\".\"jobs\".\"createdById\", \"public\".\"jobs\".\"createdAt\", \"public\".\"jobs\".\"updatedAt\", \"public\".\"jobs\".\"completedAt\" FROM \"public\".\"jobs\" WHERE (\"public\".\"jobs\".\"type\" = CAST($1::text AS \"public\".\"JobType\") AND \"public\".\"jobs\".\"status\" = CAST($2::text AS \"public\".\"JobStatus\") AND \"public\".\"jobs\".\"nextAttemptAt\" <= $3) ORDER BY \"public\".\"jobs\".\"createdAt\" ASC LIMIT $4 OFFSET $5","timestamp":"2026-08-12T09:33:16.084Z"}
{"level":"debug","message":"prisma query (57ms): COMMIT","timestamp":"2026-08-12T09:33:16.097Z"}
{"level":"debug","message":"prisma query (68ms): COMMIT","timestamp":"2026-08-12T09:33:16.152Z"}
{"level":"debug","message":"prisma query (36ms): BEGIN","timestamp":"2026-08-12T09:33:17.339Z"}
{"level":"debug","message":"prisma query (61ms): BEGIN","timestamp":"2026-08-12T09:33:17.366Z"}
{"level":"debug","message":"prisma query (49ms): DEALLOCATE ALL","timestamp":"2026-08-12T09:33:17.388Z"}
{"level":"debug","message":"prisma query (62ms): DEALLOCATE ALL","timestamp":"2026-08-12T09:33:17.428Z"}
{"level":"debug","message":"prisma query (120ms): SELECT \"public\".\"jobs\".\"id\", \"public\".\"jobs\".\"type\"::text, \"public\".\"jobs\".\"status\"::text, \"public\".\"jobs\".\"payload\", \"public\".\"jobs\".\"result\", \"public\".\"jobs\".\"error\", \"public\".\"jobs\".\"attempts\", \"public\".\"jobs\".\"maxAttempts\", \"public\".\"jobs\".\"nextAttemptAt\", \"public\".\"jobs\".\"createdById\", \"public\".\"jobs\".\"createdAt\", \"public\".\"jobs\".\"updatedAt\", \"public\".\"jobs\".\"completedAt\" FROM \"public\".\"jobs\" WHERE (\"public\".\"jobs\".\"type\" = CAST($1::text AS \"public\".\"JobType\") AND \"public\".\"jobs\".\"status\" = CAST($2::text AS \"public\".\"JobStatus\") AND \"public\".\"jobs\".\"nextAttemptAt\" <= $3) ORDER BY \"public\".\"jobs\".\"createdAt\" ASC LIMIT $4 OFFSET $5","timestamp":"2026-08-12T09:33:17.510Z"}
{"level":"debug","message":"prisma query (149ms): SELECT \"public\".\"jobs\".\"id\", \"public\".\"jobs\".\"type\"::text, \"public\".\"jobs\".\"status\"::text, \"public\".\"jobs\".\"payload\", \"public\".\"jobs\".\"result\", \"public\".\"jobs\".\"error\", \"public\".\"jobs\".\"attempts\", \"public\".\"jobs\".\"maxAttempts\", \"public\".\"jobs\".\"nextAttemptAt\", \"public\".\"jobs\".\"createdById\", \"public\".\"jobs\".\"createdAt\", \"public\".\"jobs\".\"updatedAt\", \"public\".\"jobs\".\"completedAt\" FROM \"public\".\"jobs\" WHERE (\"public\".\"jobs\".\"type\" = CAST($1::text AS \"public\".\"JobType\") AND \"public\".\"jobs\".\"status\" = CAST($2::text AS \"public\".\"JobStatus\") AND \"public\".\"jobs\".\"nextAttemptAt\" <= $3) ORDER BY \"public\".\"jobs\".\"createdAt\" ASC LIMIT $4 OFFSET $5","timestamp":"2026-08-12T09:33:17.579Z"}
{"level":"debug","message":"prisma query (79ms): COMMIT","timestamp":"2026-08-12T09:33:17.592Z"}
{"level":"debug","message":"prisma query (41ms): COMMIT","timestamp":"2026-08-12T09:33:17.620Z"}
{"level":"debug","message":"prisma query (132ms): SELECT 1","timestamp":"2026-08-12T09:33:19.443Z"}
{"level":"debug","message":"prisma query (132ms): BEGIN","timestamp":"2026-08-12T09:33:19.444Z"}
{"level":"debug","message":"prisma query (61ms): DEALLOCATE ALL","timestamp":"2026-08-12T09:33:19.505Z"}
{"level":"debug","message":"prisma query (61ms): BEGIN","timestamp":"2026-08-12T09:33:19.506Z"}
{"level":"debug","message":"prisma query (71ms): DEALLOCATE ALL","timestamp":"2026-08-12T09:33:19.577Z"}
{"level":"debug","message":"prisma query (126ms): SELECT \"public\".\"jobs\".\"id\", \"public\".\"jobs\".\"type\"::text, \"public\".\"jobs\".\"status\"::text, \"public\".\"jobs\".\"payload\", \"public\".\"jobs\".\"result\", \"public\".\"jobs\".\"error\", \"public\".\"jobs\".\"attempts\", \"public\".\"jobs\".\"maxAttempts\", \"public\".\"jobs\".\"nextAttemptAt\", \"public\".\"jobs\".\"createdById\", \"public\".\"jobs\".\"createdAt\", \"public\".\"jobs\".\"updatedAt\", \"public\".\"jobs\".\"completedAt\" FROM \"public\".\"jobs\" WHERE (\"public\".\"jobs\".\"type\" = CAST($1::text AS \"public\".\"JobType\") AND \"public\".\"jobs\".\"status\" = CAST($2::text AS \"public\".\"JobStatus\") AND \"public\".\"jobs\".\"nextAttemptAt\" <= $3) ORDER BY \"public\".\"jobs\".\"createdAt\" ASC LIMIT $4 OFFSET $5","timestamp":"2026-08-12T09:33:19.632Z"}
{"level":"debug","message":"prisma query (70ms): COMMIT","timestamp":"2026-08-12T09:33:19.703Z"}
{"level":"debug","message":"prisma query (125ms): SELECT \"public\".\"jobs\".\"id\", \"public\".\"jobs\".\"type\"::text, \"public\".\"jobs\".\"status\"::text, \"public\".\"jobs\".\"payload\", \"public\".\"jobs\".\"result\", \"public\".\"jobs\".\"error\", \"public\".\"jobs\".\"attempts\", \"public\".\"jobs\".\"maxAttempts\", \"public\".\"jobs\".\"nextAttemptAt\", \"public\".\"jobs\".\"createdById\", \"public\".\"jobs\".\"createdAt\", \"public\".\"jobs\".\"updatedAt\", \"public\".\"jobs\".\"completedAt\" FROM \"public\".\"jobs\" WHERE (\"public\".\"jobs\".\"type\" = CAST($1::text AS \"public\".\"JobType\") AND \"public\".\"jobs\".\"status\" = CAST($2::text AS \"public\".\"JobStatus\") AND \"public\".\"jobs\".\"nextAttemptAt\" <= $3) ORDER BY \"public\".\"jobs\".\"createdAt\" ASC LIMIT $4 OFFSET $5","timestamp":"2026-08-12T09:33:19.703Z"}
{"level":"debug","message":"prisma query (55ms): COMMIT","timestamp":"2026-08-12T09:33:19.759Z"}
{"level":"debug","message":"prisma query (61ms): BEGIN","timestamp":"2026-08-12T09:33:21.402Z"}
{"level":"debug","message":"prisma query (61ms): BEGIN","timestamp":"2026-08-12T09:33:21.403Z"}
{"level":"debug","message":"prisma query (48ms): DEALLOCATE ALL","timestamp":"2026-08-12T09:33:21.472Z"}
{"level":"debug","message":"prisma query (50ms): DEALLOCATE ALL","timestamp":"2026-08-12T09:33:21.474Z"}
{"level":"debug","message":"prisma query (168ms): SELECT \"public\".\"jobs\".\"id\", \"public\".\"jobs\".\"type\"::text, \"public\".\"jobs\".\"status\"::text, \"public\".\"jobs\".\"payload\", \"public\".\"jobs\".\"result\", \"public\".\"jobs\".\"error\", \"public\".\"jobs\".\"attempts\", \"public\".\"jobs\".\"maxAttempts\", \"public\".\"jobs\".\"nextAttemptAt\", \"public\".\"jobs\".\"createdById\", \"public\".\"jobs\".\"createdAt\", \"public\".\"jobs\".\"updatedAt\", \"public\".\"jobs\".\"completedAt\" FROM \"public\".\"jobs\" WHERE (\"public\".\"jobs\".\"type\" = CAST($1::text AS \"public\".\"JobType\") AND \"public\".\"jobs\".\"status\" = CAST($2::text AS \"public\".\"JobStatus\") AND \"public\".\"jobs\".\"nextAttemptAt\" <= $3) ORDER BY \"public\".\"jobs\".\"createdAt\" ASC LIMIT $4 OFFSET $5","timestamp":"2026-08-12T09:33:21.614Z"}
{"level":"debug","message":"prisma query (185ms): SELECT \"public\".\"jobs\".\"id\", \"public\".\"jobs\".\"type\"::text, \"public\".\"jobs\".\"status\"::text, \"public\".\"jobs\".\"payload\", \"public\".\"jobs\".\"result\", \"public\".\"jobs\".\"error\", \"public\".\"jobs\".\"attempts\", \"public\".\"jobs\".\"maxAttempts\", \"public\".\"jobs\".\"nextAttemptAt\", \"public\".\"jobs\".\"createdById\", \"public\".\"jobs\".\"createdAt\", \"public\".\"jobs\".\"updatedAt\", \"public\".\"jobs\".\"completedAt\" FROM \"public\".\"jobs\" WHERE (\"public\".\"jobs\".\"type\" = CAST($1::text AS \"public\".\"JobType\") AND \"public\".\"jobs\".\"status\" = CAST($2::text AS \"public\".\"JobStatus\") AND \"public\".\"jobs\".\"nextAttemptAt\" <= $3) ORDER BY \"public\".\"jobs\".\"createdAt\" ASC LIMIT $4 OFFSET $5","timestamp":"2026-08-12T09:33:21.630Z"}
{"level":"debug","message":"prisma query (47ms): COMMIT","timestamp":"2026-08-12T09:33:21.662Z"}
{"level":"debug","message":"prisma query (82ms): COMMIT","timestamp":"2026-08-12T09:33:21.713Z"}
{"level":"info","message":"SIGINT received. Shutting down gracefully...","timestamp":"2026-08-12T09:33:23.437Z"}
{"level":"debug","message":"prisma query (268ms): BEGIN","timestamp":"2026-08-12T09:33:23.600Z"}
{"level":"debug","message":"prisma query (263ms): BEGIN","timestamp":"2026-08-12T09:33:23.601Z"}
{"level":"debug","message":"prisma query (190ms): DEALLOCATE ALL","timestamp":"2026-08-12T09:33:23.791Z"}
{"level":"debug","message":"prisma query (191ms): DEALLOCATE ALL","timestamp":"2026-08-12T09:33:23.792Z"}
{"level":"debug","message":"prisma query (156ms): SELECT \"public\".\"jobs\".\"id\", \"public\".\"jobs\".\"type\"::text, \"public\".\"jobs\".\"status\"::text, \"public\".\"jobs\".\"payload\", \"public\".\"jobs\".\"result\", \"public\".\"jobs\".\"error\", \"public\".\"jobs\".\"attempts\", \"public\".\"jobs\".\"maxAttempts\", \"public\".\"jobs\".\"nextAttemptAt\", \"public\".\"jobs\".\"createdById\", \"public\".\"jobs\".\"createdAt\", \"public\".\"jobs\".\"updatedAt\", \"public\".\"jobs\".\"completedAt\" FROM \"public\".\"jobs\" WHERE (\"public\".\"jobs\".\"type\" = CAST($1::text AS \"public\".\"JobType\") AND \"public\".\"jobs\".\"status\" = CAST($2::text AS \"public\".\"JobStatus\") AND \"public\".\"jobs\".\"nextAttemptAt\" <= $3) ORDER BY \"public\".\"jobs\".\"createdAt\" ASC LIMIT $4 OFFSET $5","timestamp":"2026-08-12T09:33:23.950Z"}
{"level":"debug","message":"prisma query (165ms): SELECT \"public\".\"jobs\".\"id\", \"public\".\"jobs\".\"type\"::text, \"public\".\"jobs\".\"status\"::text, \"public\".\"jobs\".\"payload\", \"public\".\"jobs\".\"result\", \"public\".\"jobs\".\"error\", \"public\".\"jobs\".\"attempts\", \"public\".\"jobs\".\"maxAttempts\", \"public\".\"jobs\".\"nextAttemptAt\", \"public\".\"jobs\".\"createdById\", \"public\".\"jobs\".\"createdAt\", \"public\".\"jobs\".\"updatedAt\", \"public\".\"jobs\".\"completedAt\" FROM \"public\".\"jobs\" WHERE (\"public\".\"jobs\".\"type\" = CAST($1::text AS \"public\".\"JobType\") AND \"public\".\"jobs\".\"status\" = CAST($2::text AS \"public\".\"JobStatus\") AND \"public\".\"jobs\".\"nextAttemptAt\" <= $3) ORDER BY \"public\".\"jobs\".\"createdAt\" ASC LIMIT $4 OFFSET $5","timestamp":"2026-08-12T09:33:23.958Z"}
{"level":"debug","message":"prisma query (42ms): COMMIT","timestamp":"2026-08-12T09:33:23.992Z"}
{"level":"debug","message":"prisma query (120ms): COMMIT","timestamp":"2026-08-12T09:33:24.078Z"}
{"level":"info","message":"Database disconnected","timestamp":"2026-08-12T09:33:24.091Z"}
{"level":"info","message":"✅ Database connected","timestamp":"2026-08-12T09:35:07.125Z"}
{"level":"info","message":"Image Processing Queue worker registered","timestamp":"2026-08-12T09:35:07.146Z"}
{"level":"info","message":"Export Queue worker registered","timestamp":"2026-08-12T09:35:07.147Z"}
{"level":"info","message":"🚀 Casa de Aurum Internal Tool running in development mode on port 5000","timestamp":"2026-08-12T09:35:07.182Z"}
{"level":"info","message":"   API base: http://localhost:5000/api/v1","timestamp":"2026-08-12T09:35:07.183Z"}
{"level":"info","message":"   Health:   http://localhost:5000/api/v1/health","timestamp":"2026-08-12T09:35:07.183Z"}
{"ip":"::1","level":"warn","message":"Invalid email or password","method":"POST","path":"/api/v1/auth/login","statusCode":401,"timestamp":"2026-08-12T09:35:34.641Z"}
{"level":"info","message":"SIGINT received. Shutting down gracefully...","timestamp":"2026-08-12T09:35:40.390Z"}
{"level":"info","message":"Database disconnected","timestamp":"2026-08-12T09:35:40.410Z"}
{"level":"info","message":"✅ Database connected","timestamp":"2026-08-12T09:40:28.973Z"}
{"level":"info","message":"Image Processing Queue worker registered","timestamp":"2026-08-12T09:40:28.991Z"}
{"level":"info","message":"Export Queue worker registered","timestamp":"2026-08-12T09:40:28.991Z"}
{"level":"info","message":"🚀 Casa de Aurum Internal Tool running in development mode on port 5000","timestamp":"2026-08-12T09:40:29.040Z"}
{"level":"info","message":"   API base: http://localhost:5000/api/v1","timestamp":"2026-08-12T09:40:29.041Z"}
{"level":"info","message":"   Health:   http://localhost:5000/api/v1/health","timestamp":"2026-08-12T09:40:29.043Z"}
{"ip":"::1","level":"warn","message":"Invalid email or password","method":"POST","path":"/api/v1/auth/login","statusCode":401,"timestamp":"2026-08-12T09:40:56.860Z"}
{"level":"error","message":"Prisma error: \nInvalid `prisma.job.findFirst()` invocation in\nC:\\Users\\Aryan\\Downloads\\Casa De Aurum\\backend\\src\\services\\jobQueue.service.ts:81:34\n\n  78 \n  79 while (runtime.running.size < runtime.concurrency) {\n  80   const now = new Date();\n→ 81   const due = await prisma.job.findFirst(\nCan't reach database server at `aws-0-ap-south-1.pooler.supabase.com:6543`\n\nPlease make sure your database server is running at `aws-0-ap-south-1.pooler.supabase.com:6543`.","timestamp":"2026-08-12T09:42:50.550Z"}
{"level":"info","message":"✅ Database connected","timestamp":"2026-08-12T09:46:23.417Z"}
{"level":"info","message":"Image Processing Queue worker registered","timestamp":"2026-08-12T09:46:23.422Z"}
{"level":"info","message":"Export Queue worker registered","timestamp":"2026-08-12T09:46:23.423Z"}
{"level":"info","message":"🚀 Casa de Aurum Internal Tool running in development mode on port 5000","timestamp":"2026-08-12T09:46:23.460Z"}
{"level":"info","message":"   API base: http://localhost:5000/api/v1","timestamp":"2026-08-12T09:46:23.461Z"}
{"level":"info","message":"   Health:   http://localhost:5000/api/v1/health","timestamp":"2026-08-12T09:46:23.462Z"}
{"ip":"::1","level":"warn","message":"No refresh token provided","method":"POST","path":"/api/v1/auth/refresh","statusCode":401,"timestamp":"2026-08-12T09:50:13.525Z"}
{"ip":"::1","level":"warn","message":"No refresh token provided","method":"POST","path":"/api/v1/auth/refresh","statusCode":401,"timestamp":"2026-08-12T09:50:14.059Z"}
{"ip":"::1","level":"warn","message":"No refresh token provided","method":"POST","path":"/api/v1/auth/refresh","statusCode":401,"timestamp":"2026-08-12T09:51:45.834Z"}
{"ip":"::1","level":"warn","message":"No refresh token provided","method":"POST","path":"/api/v1/auth/refresh","statusCode":401,"timestamp":"2026-08-12T09:53:52.977Z"}
{"ip":"::1","level":"warn","message":"Missing required permission: logs:read","method":"GET","path":"/api/v1/dashboard/overview","statusCode":403,"timestamp":"2026-08-12T09:54:22.370Z","userId":"cmspwgmja0008veic5mcle26i"}
{"ip":"::1","level":"warn","message":"Missing required permission: design_rules:read","method":"GET","path":"/api/v1/design-rules","statusCode":403,"timestamp":"2026-08-12T09:55:00.442Z","userId":"cmspwgmja0008veic5mcle26i"}
{"ip":"::1","level":"warn","message":"Missing required permission: design_rules:read","method":"GET","path":"/api/v1/design-rules/preview","statusCode":403,"timestamp":"2026-08-12T09:55:00.447Z","userId":"cmspwgmja0008veic5mcle26i"}
{"ip":"::1","level":"warn","message":"Missing required permission: design_rules:read","method":"GET","path":"/api/v1/design-rules/versions?limit=10","statusCode":403,"timestamp":"2026-08-12T09:55:00.452Z","userId":"cmspwgmja0008veic5mcle26i"}
{"ip":"::1","level":"warn","message":"No refresh token provided","method":"POST","path":"/api/v1/auth/refresh","statusCode":401,"timestamp":"2026-08-12T09:55:11.907Z"}
{"ip":"::1","level":"warn","message":"No refresh token provided","method":"POST","path":"/api/v1/auth/refresh","statusCode":401,"timestamp":"2026-08-12T09:58:01.481Z"}
{"ip":"::1","level":"warn","message":"Invalid email or password","method":"POST","path":"/api/v1/auth/login","statusCode":401,"timestamp":"2026-08-12T09:58:24.322Z"}
{"ip":"::1","level":"warn","message":"No refresh token provided","method":"POST","path":"/api/v1/auth/refresh","statusCode":401,"timestamp":"2026-08-12T10:05:35.975Z"}
{"ip":"::1","level":"warn","message":"Origin http://127.0.0.1:5500 is not allowed by CORS","method":"OPTIONS","path":"/api/v1/auth/refresh","statusCode":403,"timestamp":"2026-08-12T10:08:05.510Z"}
{"ip":"::1","level":"warn","message":"Origin http://127.0.0.1:5500 is not allowed by CORS","method":"OPTIONS","path":"/api/v1/auth/refresh","statusCode":403,"timestamp":"2026-08-12T10:08:06.774Z"}
{"ip":"::1","level":"warn","message":"Origin http://127.0.0.1:5500 is not allowed by CORS","method":"OPTIONS","path":"/api/v1/auth/login","statusCode":403,"timestamp":"2026-08-12T10:08:19.885Z"}
{"ip":"::1","level":"warn","message":"Origin http://127.0.0.1:5500 is not allowed by CORS","method":"OPTIONS","path":"/api/v1/auth/login","statusCode":403,"timestamp":"2026-08-12T10:08:23.232Z"}
{"ip":"::1","level":"warn","message":"Origin http://127.0.0.1:5500 is not allowed by CORS","method":"OPTIONS","path":"/api/v1/auth/login","statusCode":403,"timestamp":"2026-08-12T10:08:33.906Z"}
{"ip":"::1","level":"warn","message":"Origin http://127.0.0.1:5500 is not allowed by CORS","method":"OPTIONS","path":"/api/v1/auth/login","statusCode":403,"timestamp":"2026-08-12T10:08:35.860Z"}
{"ip":"::1","level":"warn","message":"Origin http://127.0.0.1:5500 is not allowed by CORS","method":"OPTIONS","path":"/api/v1/auth/login","statusCode":403,"timestamp":"2026-08-12T10:08:36.510Z"}
{"ip":"::1","level":"error","message":"Gemini API key is not configured (set GEMINI_API_KEY or add one in Admin > API Keys)","method":"POST","path":"/api/v1/mood-boards/generate","stack":"Error: Gemini API key is not configured (set GEMINI_API_KEY or add one in Admin > API Keys)\n    at AppError.internal (C:\\Users\\Aryan\\Downloads\\Casa De Aurum\\backend\\src\\utils\\AppError.ts:49:12)\n    at GeminiClient.generateContent (C:\\Users\\Aryan\\Downloads\\Casa De Aurum\\backend\\src\\services\\gemini.service.ts:177:22)\n    at async GeminiClient.generateJSON (C:\\Users\\Aryan\\Downloads\\Casa De Aurum\\backend\\src\\services\\gemini.service.ts:194:20)\n    at async Object.generateCombinations (C:\\Users\\Aryan\\Downloads\\Casa De Aurum\\backend\\src\\services\\promptBuilder.service.ts:315:15)\n    at async C:\\Users\\Aryan\\Downloads\\Casa De Aurum\\backend\\src\\controllers\\moodBoard.controller.ts:21:18","statusCode":500,"timestamp":"2026-08-12T10:22:03.066Z","userId":"cmspwgk4d0004veicol67kzhk"}
{"level":"info","message":"✅ Database connected","timestamp":"2026-08-12T10:25:56.541Z"}
{"level":"info","message":"Image Processing Queue worker registered","timestamp":"2026-08-12T10:25:56.552Z"}
{"level":"info","message":"Export Queue worker registered","timestamp":"2026-08-12T10:25:56.553Z"}
{"level":"info","message":"🚀 Casa de Aurum Internal Tool running in development mode on port 5000","timestamp":"2026-08-12T10:25:56.637Z"}
{"level":"info","message":"   API base: http://localhost:5000/api/v1","timestamp":"2026-08-12T10:25:56.637Z"}
{"level":"info","message":"   Health:   http://localhost:5000/api/v1/health","timestamp":"2026-08-12T10:25:56.638Z"}
{"level":"info","message":"✅ Database connected","timestamp":"2026-08-12T10:26:49.011Z"}
{"level":"info","message":"✅ Database connected","timestamp":"2026-08-12T10:29:36.649Z"}
{"level":"info","message":"✅ Database connected","timestamp":"2026-08-12T10:31:05.245Z"}
{"ip":"::1","level":"warn","message":"No refresh token provided","method":"POST","path":"/api/v1/auth/refresh","statusCode":401,"timestamp":"2026-08-12T10:32:28.537Z"}
{"ip":"::1","level":"warn","message":"No refresh token provided","method":"POST","path":"/api/v1/auth/refresh","statusCode":401,"timestamp":"2026-08-12T10:33:10.788Z"}
{"level":"info","message":"✅ Database connected","timestamp":"2026-08-12T10:37:16.170Z"}
{"ip":"::1","level":"warn","message":"No refresh token provided","method":"POST","path":"/api/v1/auth/refresh","statusCode":401,"timestamp":"2026-08-12T10:37:45.687Z"}
{"ip":"::1","level":"warn","message":"No refresh token provided","method":"POST","path":"/api/v1/auth/refresh","statusCode":401,"timestamp":"2026-08-12T10:37:45.858Z"}
{"level":"info","message":"✅ Database connected","timestamp":"2026-08-12T10:38:01.216Z"}
{"ip":"::1","level":"warn","message":"No refresh token provided","method":"POST","path":"/api/v1/auth/refresh","statusCode":401,"timestamp":"2026-08-12T10:39:06.523Z"}
{"level":"info","message":"✅ Database connected","timestamp":"2026-08-12T10:49:35.431Z"}
{"ip":"::1","level":"warn","message":"No refresh token provided","method":"POST","path":"/api/v1/auth/refresh","statusCode":401,"timestamp":"2026-08-12T10:53:03.962Z"}
{"ip":"::1","level":"warn","message":"No refresh token provided","method":"POST","path":"/api/v1/auth/refresh","statusCode":401,"timestamp":"2026-08-12T10:53:15.596Z"}
{"level":"info","message":"✅ Database connected","timestamp":"2026-08-12T11:42:46.073Z"}
{"ip":"::1","level":"warn","message":"No refresh token provided","method":"POST","path":"/api/v1/auth/refresh","statusCode":401,"timestamp":"2026-08-12T11:45:22.968Z"}
{"ip":"::1","level":"warn","message":"No refresh token provided","method":"POST","path":"/api/v1/auth/refresh","statusCode":401,"timestamp":"2026-08-12T11:47:15.877Z"}
{"level":"info","message":"✅ Database connected","timestamp":"2026-08-12T11:52:14.760Z"}
{"level":"info","message":"✅ Database connected","timestamp":"2026-08-12T11:53:27.418Z"}
{"level":"info","message":"✅ Database connected","timestamp":"2026-08-12T11:58:04.019Z"}
{"level":"info","message":"Image Processing Queue worker registered","timestamp":"2026-08-12T11:58:04.024Z"}
{"level":"info","message":"Export Queue worker registered","timestamp":"2026-08-12T11:58:04.025Z"}
{"level":"info","message":"🚀 Casa de Aurum Internal Tool running in development mode on port 5000","timestamp":"2026-08-12T11:58:04.049Z"}
{"level":"info","message":"   API base: http://localhost:5000/api/v1","timestamp":"2026-08-12T11:58:04.050Z"}
{"level":"info","message":"   Health:   http://localhost:5000/api/v1/health","timestamp":"2026-08-12T11:58:04.051Z"}
{"level":"info","message":"✅ Database connected","timestamp":"2026-08-12T12:13:57.721Z"}
{"level":"info","message":"Image Processing Queue worker registered","timestamp":"2026-08-12T12:13:57.778Z"}
{"level":"info","message":"Export Queue worker registered","timestamp":"2026-08-12T12:13:57.780Z"}
{"level":"info","message":"🚀 Casa de Aurum Internal Tool running in development mode on port 5000","timestamp":"2026-08-12T12:13:58.104Z"}
{"level":"info","message":"   API base: http://localhost:5000/api/v1","timestamp":"2026-08-12T12:13:58.105Z"}
{"level":"info","message":"   Health:   http://localhost:5000/api/v1/health","timestamp":"2026-08-12T12:13:58.106Z"}
{"ip":"::1","level":"warn","message":"No refresh token provided","method":"POST","path":"/api/v1/auth/refresh","statusCode":401,"timestamp":"2026-08-12T12:14:09.540Z"}
{"level":"info","message":"✅ Database connected","timestamp":"2026-08-12T12:14:49.287Z"}
{"level":"info","message":"✅ Database connected","timestamp":"2026-08-12T12:17:46.321Z"}
{"ip":"::1","level":"warn","message":"Refresh token has already been used. All sessions have been revoked for safety — please log in again.","method":"POST","path":"/api/v1/auth/refresh","statusCode":401,"timestamp":"2026-08-12T12:19:49.746Z"}
{"ip":"::1","level":"warn","message":"Refresh token has already been used. All sessions have been revoked for safety — please log in again.","method":"POST","path":"/api/v1/auth/refresh","statusCode":401,"timestamp":"2026-08-12T12:19:50.803Z"}
{"level":"info","message":"✅ Database connected","timestamp":"2026-08-12T12:20:37.303Z"}
{"ip":"::1","level":"warn","message":"You do not have permission to perform this action","method":"POST","path":"/api/v1/integrations/drive/test","statusCode":403,"timestamp":"2026-08-12T12:20:39.069Z","userId":"cmspwgl890006veiceardy5p2"}
{"level":"info","message":"✅ Database connected","timestamp":"2026-08-12T12:21:04.982Z"}
{"ip":"::1","level":"warn","message":"No refresh token provided","method":"POST","path":"/api/v1/auth/refresh","statusCode":401,"timestamp":"2026-08-12T12:21:29.497Z"}
{"error":"Can't reach database server at `aws-0-ap-south-1.pooler.supabase.com:6543`\n\nPlease make sure your database server is running at `aws-0-ap-south-1.pooler.supabase.com:6543`.","level":"error","message":"❌ Database connection failed","timestamp":"2026-08-12T12:25:59.386Z"}
{"level":"info","message":"✅ Database connected","timestamp":"2026-08-12T12:31:24.170Z"}
{"level":"info","message":"Image Processing Queue worker registered","timestamp":"2026-08-12T12:31:24.182Z"}
{"level":"info","message":"Export Queue worker registered","timestamp":"2026-08-12T12:31:24.183Z"}
{"level":"info","message":"🚀 Casa de Aurum Internal Tool running in development mode on port 5000","timestamp":"2026-08-12T12:31:24.226Z"}
{"level":"info","message":"   API base: http://localhost:5000/api/v1","timestamp":"2026-08-12T12:31:24.227Z"}
{"level":"info","message":"   Health:   http://localhost:5000/api/v1/health","timestamp":"2026-08-12T12:31:24.229Z"}
{"level":"error","message":"Prisma error: Error in PostgreSQL connection: Error { kind: Io, cause: Some(Os { code: 10054, kind: ConnectionReset, message: \"An existing connection was forcibly closed by the remote host.\" }) }","timestamp":"2026-08-12T13:00:04.490Z"}
